ogc_fid,zoning,acres,obb_length_ft,obb_width_ft,fill_ratio,network,streets_across,lots,irregular_lots,lot_width_ft,lot_depth_ft,buildable_depth_ft,streets,courts,pct_row,pct_alleys,pct_lots,pct_residual,du_ac,access_mode,error,pct_land_hazard,greenway_crossing_ft,declined_crossing_ft,unserved_sqft,served_length_ft,stops_at_greenway,access_assumed_pick
293037,RS15,4.14,872,212,0.978,single_loaded,1,8,0,100,150,110,1,0,25.0,0.0,69.3,5.7,1.93,start,,3.2,151,0,0,825,False,False
293411,RS15,5.36,1369,195,0.873,single_loaded,1,9,0,110,140,100,1,2,18.8,0.0,59.2,8.7,1.68,end,,0.1,0,0,0,1322,False,False
293669,RS7.5,8.61,959,745,0.526,grid,3,19,0,95,80,40,4,4,26.7,8.3,39.6,17.0,2.21,end,,0.0,0,0,0,969,False,False
293738,RS15,5.58,900,332,0.812,spine,1,6,0,135,115,75,1,2,20.2,6.6,39.3,21.0,1.08,both,,0.0,0,0,0,910,False,False
294557,R10,3.33,784,191,0.969,single_loaded,1,7,0,85,120,80,1,1,27.1,0.0,55.7,9.2,2.1,both,,0.0,0,0,0,794,False,False
295713,AR2A,65.85,6460,973,0.456,ladder,2,0,0,410,215,175,2,0,0.9,0.0,0.0,19.3,0.0,start,,79.8,0,1655,388867,563,True,False
296238,R10,10.76,1144,658,0.622,ladder,2,7,0,85,120,80,3,1,20.7,2.0,15.2,60.0,0.65,end,,0.0,0,0,0,1154,False,False
296279,RS20,5.05,923,696,0.343,ladder,2,3,0,155,130,90,3,0,18.4,3.2,27.3,51.0,0.59,both,,0.1,0,0,0,933,False,False
296564,RS15,5.66,1033,253,0.942,spine,1,8,0,160,95,55,1,2,22.8,0.0,50.9,13.5,1.41,start,,0.0,0,0,0,986,False,False
298078,R10,2.37,,,0.997,,,0,,,,,,,,,,,,,parcel_too_narrow_for_a_street_and_a_lot,,,,,,False,False
298169,RS10,2.6,647,180,0.974,single_loaded,1,6,0,85,120,80,2,0,35.4,0.0,56.0,8.6,2.31,side,,0.0,0,0,0,657,False,False
298170,R6,4.79,490,430,0.988,spine,1,12,0,65,95,55,1,2,12.4,8.7,50.4,20.1,2.51,both,,0.0,0,0,0,500,False,False
298716,RS10,2.99,496,460,0.572,ladder,2,0,0,145,70,30,4,2,35.3,2.2,0.0,26.2,0.0,side,,23.8,0,0,0,506,False,False
298849,R20,7.24,842,436,0.857,spine,1,9,0,120,170,130,1,2,13.3,4.6,58.3,10.8,1.24,both,,0.0,0,0,0,852,False,False
299272,RS7.5,16.62,1335,819,0.662,grid,3,43,0,80,95,55,5,6,27.1,6.6,45.1,14.9,2.59,end,,0.0,0,0,0,1345,False,False
299362,R10,2.85,648,398,0.481,spine,1,0,0,85,120,80,1,0,0.3,0.0,0.0,73.9,0.0,start,,25.8,0,295,69193,216,True,True
299489,R15,3.37,580,381,0.664,spine,1,4,0,110,140,100,1,0,19.4,3.2,41.7,35.7,1.19,start,,0.0,0,0,0,590,False,False
299643,RS15,5.08,818,288,0.938,spine,1,5,0,160,95,55,1,2,20.8,8.3,34.9,22.0,0.98,end,,0.0,0,0,0,751,False,False
300044,AR2A,23.57,1986,708,0.73,ladder,2,0,0,605,145,105,2,0,0.0,0.0,0.0,28.1,0.0,end,,71.9,0,2360,288832,462,True,False
300047,R10,7.91,1134,596,0.51,ladder,2,3,0,100,105,65,3,0,12.7,1.4,9.0,36.8,0.38,side,,42.4,0,618,62318,901,True,False
300064,R20,57.0,2241,2028,0.546,grid,5,58,1,125,160,120,8,19,21.4,4.2,46.7,12.4,1.02,both,,0.0,0,0,0,2251,False,False
300105,R10,5.42,1026,286,0.804,spine,1,11,0,110,95,55,1,1,23.3,10.6,49.0,12.5,2.03,start,,0.1,0,0,0,959,False,False
300121,AR2A,52.08,2136,1551,0.685,grid,3,4,0,400,220,180,6,9,18.0,0.0,15.5,30.7,0.08,start,,0.8,0,0,0,2146,False,False
300122,R8,4.75,681,406,0.749,spine,1,10,5,75,110,70,1,2,17.0,2.2,50.6,20.0,2.11,start,,0.0,0,0,0,691,False,False
300143,RS15,18.34,2046,850,0.459,ladder,2,25,1,100,150,110,4,3,18.1,4.9,51.5,19.1,1.36,start,,0.0,0,0,0,2056,False,False
300161,RS20,14.83,2338,394,0.7,spine,1,17,0,140,145,105,1,5,14.3,8.8,54.8,5.8,1.15,end,,0.0,0,0,0,2271,False,False
300190,RS10,13.3,1632,678,0.524,ladder,2,5,1,85,120,80,2,2,8.6,1.2,8.8,27.1,0.38,start,,50.7,0,1014,15241,1642,True,False
300192,RS15,15.4,1070,716,0.875,ladder,2,18,0,115,135,95,3,6,19.4,5.4,41.8,15.1,1.17,end,,4.4,0,0,0,1080,False,False
300198,AR2A,38.54,2982,1133,0.497,ladder,2,1,0,400,220,180,6,8,13.0,0.0,6.2,35.4,0.03,end,,0.1,0,0,0,2992,False,False
300224,RS10,2.42,1259,423,0.197,spine,1,0,0,85,120,80,2,1,4.7,1.6,0.0,81.4,0.0,side,,0.0,0,0,0,1192,False,False
300225,AR2A,83.75,3002,1919,0.633,grid,4,10,0,415,210,170,9,5,20.3,0.0,23.8,38.2,0.12,end,,6.9,419,0,0,3012,False,False
300233,R8,5.84,744,433,0.791,spine,1,12,3,75,110,70,2,2,18.6,6.5,51.3,14.8,2.05,side,,0.0,0,0,0,754,False,False
300267,R15,6.03,1143,357,0.644,spine,1,6,0,120,130,90,1,2,20.9,7.0,35.7,19.3,1.0,both,,5.6,0,0,0,1153,False,False
300283,R8,2.26,369,350,0.764,spine,1,6,0,75,110,70,1,0,20.5,8.8,58.2,12.5,2.66,both,,0.0,0,0,0,379,False,False
300287,RS10,7.92,1026,509,0.66,ladder,2,11,1,125,80,40,3,5,26.1,6.3,32.9,20.1,1.39,start,,0.0,0,0,0,1036,False,False
300302,R10,11.25,971,717,0.704,ladder,2,24,8,85,120,80,3,3,18.7,3.9,53.2,15.1,2.13,both,,3.6,63,0,0,981,False,False
300318,AR2A,96.67,3542,1916,0.62,grid,4,0,0,415,210,170,9,19,18.0,0.0,0.0,40.9,0.0,end,,2.4,187,0,0,3552,False,True
300319,R10,2.95,661,251,0.775,spine,1,3,0,135,75,35,1,0,16.5,4.7,24.3,16.8,1.02,start,,37.6,0,283,7237,307,True,False
300367,RS15,3.66,757,590,0.357,ladder,2,0,0,150,100,60,2,0,5.1,0.0,0.0,24.1,0.0,end,,70.7,0,661,6480,767,True,False
300377,R20,14.67,1075,820,0.725,ladder,2,10,0,125,160,120,3,6,19.3,2.7,31.3,28.1,0.68,start,,0.0,0,0,0,1085,False,False
300386,AR2A,26.19,4685,472,0.516,spine,1,1,0,425,205,165,1,4,7.0,0.0,7.6,43.7,0.04,end,,11.1,0,0,0,4638,False,False
300422,R40,11.11,1074,467,0.965,spine,1,5,0,200,205,165,1,3,12.6,0.0,41.6,21.0,0.45,end,,0.0,0,0,0,1027,False,False
300426,AR2A,18.13,3612,640,0.342,ladder,2,0,0,675,130,90,8,4,20.4,0.0,0.0,30.2,0.0,end,,4.2,0,0,0,3622,False,False
300443,RS15,4.87,855,386,0.643,spine,1,3,0,105,145,105,1,1,20.2,1.3,21.4,45.4,0.62,end,,5.0,0,0,0,788,False,False
300518,R20,4.66,902,252,0.894,single_loaded,1,6,0,115,175,135,1,1,13.4,0.0,66.5,4.8,1.29,start,,4.0,0,0,0,855,False,False
300534,RS15,3.64,854,413,0.449,spine,1,1,0,100,150,110,2,0,17.8,0.6,10.0,31.7,0.27,side,,42.8,0,0,0,864,False,False
300537,AR2A,39.77,1932,1695,0.529,grid,5,0,0,625,140,100,8,0,23.2,0.0,0.0,69.5,0.0,end,,7.5,0,0,0,1942,False,False
300557,R20,39.53,2720,1193,0.531,grid,3,33,0,130,155,115,7,6,20.7,3.3,39.0,24.1,0.83,start,,6.9,235,0,0,2730,False,False
300565,R10,5.18,913,267,0.927,spine,1,10,0,120,85,45,1,2,21.9,11.2,45.4,12.4,1.93,start,,0.0,0,0,0,846,False,False
300583,R40,20.46,1730,928,0.555,ladder,2,3,0,200,200,110,5,3,19.0,0.0,13.5,51.0,0.15,side,,3.2,0,0,0,1740,False,False
300598,AR2A,25.79,2223,733,0.689,ladder,2,0,0,565,155,115,5,3,20.4,0.0,0.0,56.7,0.0,end,,0.0,0,0,0,2233,False,False
300612,R20,30.44,1877,1093,0.646,grid,3,22,0,145,140,100,6,9,21.9,5.0,33.8,24.5,0.72,end,,1.8,159,0,0,1887,False,False
300615,RS20,5.22,694,596,0.55,spine,1,4,2,115,175,135,1,1,9.9,2.5,39.9,37.0,0.77,both,,0.0,0,0,0,704,False,False
300624,R20,5.2,902,444,0.565,spine,1,1,0,120,170,130,1,0,21.2,0.1,9.0,69.7,0.19,start,,0.0,0,0,0,835,False,False
300648,RS10,4.92,835,279,0.921,spine,1,9,0,115,90,50,1,2,21.2,11.0,44.3,13.6,1.83,end,,0.0,0,0,0,768,False,False
300650,RS15,22.16,1331,1243,0.584,grid,3,31,4,100,150,110,5,5,20.7,3.8,48.9,18.4,1.4,start,,0.0,0,0,0,1341,False,False
300672,RS80,19.5,2763,635,0.484,ladder,2,0,0,620,130,90,6,0,23.4,0.0,0.0,62.8,0.0,end,,17.6,535,183,22170,2773,True,False
300673,AR2A,37.66,2295,1098,0.651,grid,3,0,0,565,155,115,6,3,19.8,0.0,0.0,64.3,0.0,start,,0.0,0,0,0,2305,False,False
300692,R20,27.06,2035,829,0.699,ladder,2,25,0,125,160,120,5,8,17.8,4.8,43.6,18.3,0.92,start,,1.8,0,151,26663,1830,True,False
300721,RS15,3.54,683,331,0.682,spine,1,2,0,135,115,75,1,0,19.5,1.9,20.3,20.5,0.56,both,,48.1,293,0,0,693,False,False
300736,R10,6.17,631,446,0.955,spine,1,12,0,85,120,80,1,2,12.5,8.4,60.7,8.2,1.95,start,,0.0,0,0,0,641,False,False
300772,RS40,9.53,1448,638,0.449,ladder,2,3,0,310,130,90,4,0,24.0,0.0,28.9,43.7,0.31,start,,5.7,0,0,0,1458,False,False
300870,R80,69.04,3510,1529,0.56,grid,3,7,1,365,220,180,8,13,17.6,0.0,19.3,27.4,0.1,end,,1.9,140,0,0,3520,False,True
300881,RS10,62.81,3296,1115,0.744,grid,3,6,0,85,120,80,4,0,2.4,0.4,2.2,12.0,0.1,start,,83.1,51,2868,160716,1346,True,False
300885,R20,5.35,689,585,0.579,spine,1,3,0,115,175,135,1,0,9.9,3.0,31.8,29.8,0.56,both,,28.2,115,0,0,699,False,False
300888,AR2A,93.51,4562,1035,0.862,ladder,2,11,2,400,220,180,9,16,15.0,0.0,24.8,23.2,0.12,end,,1.4,182,0,0,4572,False,False
300910,R20,4.79,631,576,0.575,spine,1,0,0,115,175,135,1,0,0.1,0.0,0.0,52.8,0.0,start,,47.2,0,192,106594,-31,True,False
300919,RS40,13.36,957,655,0.928,ladder,2,3,0,300,135,95,3,3,19.7,0.0,21.0,31.7,0.22,both,,6.9,0,0,0,967,False,False
300931,R80,119.67,3361,2412,0.643,grid,5,13,0,385,210,170,10,12,18.6,0.0,20.2,39.9,0.11,end,,3.8,514,0,0,3371,False,True
300962,R15,19.14,1757,1214,0.391,grid,3,22,3,100,150,110,5,5,22.2,3.7,40.2,25.0,1.15,both,,0.0,0,0,0,1767,False,False
300965,R15,17.98,1691,674,0.687,ladder,2,16,0,120,125,85,4,5,21.4,4.2,30.6,25.4,0.89,start,,11.6,467,0,0,1701,False,False
300979,AR2A,29.55,3026,706,0.602,ladder,2,0,0,605,145,105,7,3,20.3,0.0,0.0,51.8,0.0,end,,8.1,256,0,0,3036,False,False
300996,R10,3.42,552,419,0.643,spine,1,5,2,85,120,80,1,1,19.7,6.1,42.0,23.2,1.46,both,,0.0,0,0,0,562,False,False
301044,R10,28.71,2509,925,0.539,grid,3,19,1,95,110,70,7,7,25.0,2.8,15.8,50.5,0.66,start,,0.0,0,0,0,2519,False,False
301047,AR2A,55.0,2989,922,0.869,ladder,2,2,0,440,200,160,6,11,17.1,0.0,7.3,32.3,0.04,both,,3.5,183,0,0,2999,False,False
301053,RS40,11.08,1293,762,0.49,ladder,2,1,0,250,160,120,4,1,18.3,0.0,8.3,59.6,0.09,end,,7.8,174,0,0,1303,False,True
301093,R8,4.44,732,358,0.738,spine,1,9,0,75,110,70,1,1,19.8,6.8,45.7,22.7,2.03,end,,0.0,0,0,0,742,False,False
301100,AR2A,24.06,1372,1280,0.597,grid,4,1,0,675,130,90,6,1,15.2,0.0,8.2,45.1,0.04,start,,23.9,151,758,75215,1382,True,False
301121,R15,12.61,1737,702,0.451,ladder,2,2,0,120,130,90,3,0,9.4,0.8,5.6,12.6,0.16,start,,71.7,0,1045,109,635,True,False
301150,R20,5.18,,,0.593,,,0,,,,,,,,,,,,,parcel_mostly_in_flood_hazard_or_wetland,93.7,,,,,False,False
301152,RS80,24.19,1622,1329,0.489,grid,3,1,0,425,190,150,6,4,21.1,0.0,7.5,41.5,0.04,side,,0.0,0,0,0,1632,False,False
301160,RS20,9.56,993,711,0.59,ladder,2,5,0,150,135,95,4,1,14.6,3.4,24.0,28.0,0.52,end,,25.3,0,203,32163,714,True,True
301217,AR2A,21.05,1871,1052,0.466,grid,3,0,0,605,145,105,6,2,21.8,0.0,0.0,58.4,0.0,both,,0.0,0,0,0,1881,False,False
301231,R20,21.83,1842,1106,0.467,grid,3,13,1,145,140,100,6,4,22.6,3.1,27.7,30.8,0.6,end,,10.5,414,0,0,1852,False,True
301240,AR2A,63.48,3092,2168,0.413,grid,4,3,1,400,220,180,9,7,15.9,0.0,9.6,45.1,0.05,end,,6.6,253,0,0,3102,False,False
301244,AR2A,30.75,2502,1069,0.501,ladder,2,5,0,400,220,180,6,2,14.9,0.0,35.0,27.0,0.16,end,,9.1,160,0,0,2512,False,False
301299,AR2A,33.13,1516,1374,0.693,grid,3,0,0,440,200,160,5,5,17.4,0.0,0.0,45.5,0.0,end,,7.6,0,0,0,1526,False,False
301312,AR2A,23.81,1777,1104,0.529,grid,3,1,0,565,155,115,5,0,19.5,0.0,8.2,68.4,0.04,start,,4.9,185,72,17184,1787,True,False
301315,AR2A,37.17,2009,1194,0.675,ladder,2,6,0,400,220,180,5,3,16.0,0.0,33.5,28.0,0.16,start,,5.2,99,0,0,2019,False,False
301325,RS5,2.3,542,220,0.839,spine,1,9,2,65,80,40,1,1,29.7,0.0,47.6,17.3,3.91,both,,0.0,0,0,0,552,False,False
301357,RS5,30.89,1956,1025,0.671,grid,4,117,0,60,85,45,8,11,27.6,7.2,45.3,9.9,3.79,start,,6.4,0,161,14119,1966,True,False
301359,RS10,2.84,455,391,0.695,spine,1,4,1,85,120,80,1,2,15.7,7.2,38.2,19.3,1.41,both,,0.0,0,0,0,465,False,False
301373,AR2A,19.26,1930,908,0.479,ladder,2,0,0,450,195,155,2,1,6.4,0.0,0.0,18.8,0.0,start,,64.9,0,803,14141,1940,True,False
301401,AR2A,21.88,2097,678,0.67,ladder,2,0,0,625,140,100,5,0,24.1,0.0,0.0,73.3,0.0,end,,2.7,0,315,45103,2107,True,False
301482,RS20,8.2,1026,761,0.457,ladder,2,6,0,140,145,105,3,3,13.8,4.9,34.4,26.7,0.73,end,,2.9,0,0,0,1036,False,False
301658,R10,3.71,836,199,0.972,spine,1,6,0,145,70,30,1,2,29.7,0.0,38.1,19.4,1.62,end,,0.0,0,0,0,789,False,False
301661,R15,4.57,1105,461,0.391,spine,1,4,1,100,150,110,1,1,13.4,4.0,35.1,38.2,0.87,end,,0.0,0,0,0,1038,False,False
301678,AR2A,24.14,1541,936,0.729,ladder,2,4,0,425,205,165,4,3,15.9,0.0,32.8,25.5,0.17,start,,1.7,0,32,5844,1551,True,True
301770,AR2A,32.07,2717,892,0.576,ladder,2,1,0,450,195,155,6,4,19.8,0.0,6.3,33.2,0.03,start,,18.5,442,0,0,2727,False,False
301779,R15,16.07,1010,996,0.695,grid,3,17,0,120,125,85,4,4,22.7,3.9,36.3,28.5,1.06,start,,0.0,0,0,0,1020,False,False
301790,R80,19.14,1275,1008,0.649,ladder,2,3,0,365,220,180,4,2,17.0,0.0,29.3,34.7,0.16,both,,0.0,0,0,0,1285,False,False
301822,R40,101.1,3095,1964,0.725,grid,4,39,0,190,215,175,9,16,18.8,0.0,36.4,24.1,0.39,start,,6.9,500,0,0,3105,False,True
301860,RS20,55.69,1971,1702,0.723,grid,4,58,1,120,170,130,7,8,19.4,3.7,49.4,18.4,1.04,both,,3.2,418,0,0,1981,False,False
301897,AR2A,52.65,2313,1971,0.503,grid,4,1,0,410,215,175,6,8,16.3,0.0,3.8,43.8,0.02,end,,6.2,279,71,33017,2323,True,False
301902,R15,3.41,787,336,0.562,spine,1,1,0,125,120,80,1,0,25.9,0.5,9.9,40.4,0.29,both,,30.5,124,0,0,797,False,False
301921,R20,6.72,1118,730,0.359,ladder,2,3,0,145,140,100,2,1,13.4,3.2,20.8,31.1,0.45,end,,27.1,131,0,0,1128,False,False
301936,R80,20.29,1437,924,0.666,ladder,2,1,0,400,200,160,4,4,18.3,0.0,9.2,37.4,0.05,both,,0.0,0,0,0,1447,False,False
301952,RS20,12.09,1173,880,0.51,ladder,2,11,0,115,175,135,3,2,14.8,5.0,42.7,29.7,0.91,both,,0.0,0,0,0,1183,False,False
301999,RS7.5,10.46,1038,676,0.649,ladder,2,27,5,75,105,65,3,4,22.1,5.4,51.0,13.9,2.58,start,,0.0,0,0,0,1048,False,False
302062,R20,27.0,2835,927,0.447,ladder,2,20,2,115,175,135,6,5,18.5,2.1,35.4,35.2,0.74,start,,0.0,0,0,0,2845,False,False
302111,RS10,3.13,758,239,0.754,spine,1,5,0,145,70,30,1,0,30.4,4.6,37.5,27.5,1.6,both,,0.0,0,0,0,768,False,False
302113,RS15,4.12,645,447,0.622,spine,1,4,1,100,150,110,1,0,14.2,3.5,38.0,21.3,0.97,start,,23.0,0,13,160,382,True,False
302147,AR2A,21.72,1405,1068,0.63,ladder,2,1,0,400,220,180,4,2,10.8,0.0,10.8,56.1,0.05,end,,2.3,0,287,122999,1415,True,False
302148,RS20,4.96,778,355,0.782,spine,1,0,0,160,125,85,1,0,0.0,0.0,0.0,16.0,0.0,start,,84.0,0,678,34561,-22,True,True
302149,AR2A,45.08,3238,1225,0.495,grid,3,0,0,500,175,135,8,0,21.6,0.0,0.0,78.4,0.0,both,,0.0,0,0,0,3248,False,False
302209,RS80,25.72,2505,962,0.465,ladder,2,3,0,385,210,170,5,2,14.5,0.0,21.2,29.8,0.12,end,,20.4,0,401,48831,2146,True,False
302214,RS15,4.97,915,275,0.862,spine,1,6,1,145,105,65,1,2,20.4,0.0,43.4,21.9,1.21,both,,0.0,0,0,0,925,False,False
302269,RS15,17.02,,,0.789,,,0,,,,,,,,,,,,,parcel_mostly_in_flood_hazard_or_wetland,85.9,,,,,False,False
302270,AR2A,20.63,1410,894,0.713,ladder,2,0,0,450,195,155,4,2,18.4,0.0,0.0,59.8,0.0,end,,2.3,0,0,0,1420,False,False
302294,R10,17.03,1000,955,0.777,grid,3,32,2,90,115,75,4,6,21.2,5.3,45.1,19.9,1.88,both,,0.0,0,0,0,1010,False,False
302323,RS15,4.96,901,256,0.936,spine,1,7,0,150,100,60,1,2,22.8,0.0,48.4,12.8,1.41,end,,2.1,0,0,0,854,False,False
302339,AR2A,40.38,1819,1277,0.758,grid,3,1,0,475,185,145,6,1,19.2,0.0,4.9,67.1,0.02,end,,3.8,0,154,54031,1829,True,False
302378,AR2A,19.38,1391,1285,0.472,grid,4,0,0,675,130,90,7,0,22.1,0.0,0.0,61.1,0.0,side,,17.7,0,204,62000,1401,True,False
302384,AR2A,48.01,2563,1184,0.689,ladder,2,4,0,400,220,180,6,4,14.9,0.0,16.8,37.2,0.08,start,,13.5,0,237,50569,2573,True,True
302386,AR2A,23.76,1744,1260,0.471,grid,3,0,0,485,180,140,6,2,24.9,0.0,0.0,55.4,0.0,side,,3.6,154,50,5187,1754,True,False
302419,AR2A,44.59,2235,1245,0.698,grid,3,4,0,485,180,140,6,5,18.8,0.0,18.0,39.8,0.09,both,,0.9,0,0,0,2245,False,False
302449,AR2A,18.32,1486,799,0.672,ladder,2,0,0,515,170,130,4,0,19.3,0.0,0.0,78.1,0.0,end,,2.6,0,0,0,1496,False,False
302459,AR2A,29.57,2147,1285,0.467,grid,3,1,0,475,185,145,5,4,11.9,0.0,7.0,41.6,0.03,start,,12.4,0,361,194711,2157,True,False
302624,AR2A,19.7,1553,844,0.655,ladder,2,0,0,485,180,140,4,2,21.2,0.0,0.0,56.6,0.0,start,,3.3,0,64,2206,1563,True,True
302716,RS80,34.65,1755,1202,0.715,grid,3,0,0,475,170,130,5,9,18.8,0.0,0.0,26.6,0.0,start,,6.2,0,0,0,1765,False,False
302759,AR2A,24.64,1675,906,0.708,ladder,2,3,0,450,195,155,2,0,7.7,0.0,24.4,22.2,0.12,start,,48.3,503,786,116029,1685,True,False
302782,RS15,18.28,2548,610,0.512,ladder,2,15,3,145,105,65,6,6,24.3,3.8,29.1,31.2,0.82,end,,0.0,0,0,0,2558,False,False
302811,R8,41.39,2573,1296,0.541,grid,4,101,9,75,110,70,8,12,25.1,4.8,48.2,12.8,2.44,end,,4.2,133,17,5998,2583,True,True
302827,RS15,3.7,,,0.613,,,0,,,,,,,,,,,,,parcel_mostly_in_flood_hazard_or_wetland,100.0,,,,,False,False
302853,AR2A,27.43,1454,1154,0.712,ladder,2,4,1,400,220,180,4,2,12.5,0.0,32.3,39.3,0.15,start,,2.0,180,0,0,1464,False,True
302863,R10,5.75,715,496,0.706,ladder,2,1,0,125,80,40,3,0,19.5,1.0,4.0,20.2,0.17,start,,57.9,103,433,7182,382,True,False
302871,AR2A,27.11,2163,1202,0.454,grid,3,0,0,515,170,130,6,2,20.0,0.0,0.0,63.5,0.0,start,,1.5,42,0,0,2173,False,False
302878,AR2A,43.56,2905,1532,0.426,grid,3,0,0,400,220,180,8,5,21.0,0.0,0.0,49.6,0.0,side,,7.4,111,116,19771,2915,True,False
302882,AR2A,29.37,2276,972,0.578,ladder,2,1,0,410,215,175,5,4,17.8,0.0,6.8,45.8,0.03,start,,2.2,9,0,0,2286,False,False
302905,R15,16.11,1323,787,0.674,ladder,2,14,0,100,150,110,4,2,21.0,2.8,30.3,31.9,0.87,both,,11.9,281,0,0,1333,False,False
302933,R10,7.88,683,610,0.824,ladder,2,15,0,100,105,65,3,3,22.4,6.1,48.0,13.8,1.9,end,,0.0,0,0,0,693,False,False
303048,AR2A,53.06,2175,1577,0.674,grid,3,2,0,400,220,180,6,10,17.2,0.0,8.3,34.0,0.04,start,,2.3,165,0,0,2185,False,False
303056,AR2A,27.96,1675,908,0.801,ladder,2,1,0,450,195,155,4,5,17.0,0.0,7.2,37.5,0.04,end,,2.6,0,0,0,1685,False,False
303057,RS10,22.96,1431,1073,0.651,grid,3,51,8,85,120,80,5,9,22.5,4.9,54.5,8.6,2.22,start,,0.0,0,0,0,1441,False,False
303059,AR2A,99.02,3561,1950,0.621,grid,4,1,0,410,215,175,9,21,19.0,0.0,2.0,28.8,0.01,both,,9.5,812,0,0,3571,False,False
303102,AR2A,54.16,1913,1678,0.735,grid,5,0,0,625,140,100,8,1,21.4,0.0,0.0,69.6,0.0,start,,5.7,144,165,106879,1923,True,False
303122,R10,6.2,667,643,0.63,ladder,2,9,0,90,115,75,3,0,26.7,4.3,34.8,26.8,1.45,both,,11.6,260,0,0,677,False,False
303129,R40,9.34,1093,401,0.928,spine,1,2,0,240,170,130,1,2,13.3,0.0,19.9,39.6,0.21,start,,8.6,0,42,6924,990,True,False
304474,R10,9.61,1346,520,0.598,ladder,2,16,1,120,85,45,4,3,31.4,4.8,39.3,17.1,1.66,start,,0.0,0,0,0,1356,False,False
304843,R20,38.14,2950,1196,0.471,grid,3,8,0,130,155,115,7,3,19.0,1.1,9.7,31.2,0.21,both,,42.0,1714,0,0,2960,False,False
305741,R10,39.95,1927,1428,0.632,grid,4,87,2,85,120,80,7,13,23.2,5.7,53.8,9.3,2.18,both,,0.0,0,0,0,1937,False,False
306132,AR2A,21.67,1369,762,0.905,ladder,2,0,0,545,160,120,4,2,19.6,0.0,0.0,58.7,0.0,start,,2.6,0,0,0,1379,False,False
306466,RS10,4.27,630,357,0.827,spine,1,9,0,85,120,80,1,2,17.9,6.6,53.9,9.8,2.11,start,,0.0,0,0,0,640,False,False
306926,RS10,2.13,473,207,0.945,spine,1,3,0,135,75,35,1,2,27.8,0.0,32.5,18.9,1.41,end,,0.0,0,0,0,483,False,False
307125,R8,48.74,2846,1088,0.685,grid,4,75,0,85,95,55,7,13,18.8,4.7,28.6,11.4,1.54,end,,32.5,208,2268,21775,2856,True,False
307347,RS7.5,10.98,840,656,0.868,ladder,2,28,4,75,105,65,3,0,20.3,4.6,52.2,15.4,2.55,both,,9.9,219,0,0,850,False,False
307786,R10,15.8,1195,966,0.596,grid,3,22,0,85,120,80,5,3,24.7,4.5,32.6,7.8,1.39,both,,35.5,866,0,0,1205,False,False
308030,AR2A,20.19,1514,850,0.684,ladder,2,0,0,485,180,140,5,0,22.9,0.0,0.0,74.2,0.0,end,,2.9,0,79,0,1446,True,False
308152,AR2A,64.76,3226,1352,0.647,grid,3,3,0,450,195,155,8,12,18.1,0.0,9.4,30.7,0.05,end,,5.3,296,0,0,3236,False,False
308226,R8,2.99,637,355,0.577,spine,1,1,0,75,110,70,1,0,20.7,0.2,7.2,11.2,0.33,both,,76.4,373,0,0,647,False,False
308511,R8,7.51,945,593,0.583,ladder,2,19,0,80,105,65,3,3,22.8,8.3,49.1,12.1,2.53,both,,0.0,0,0,0,955,False,False
309036,R10,3.33,863,210,0.799,spine,1,4,0,135,75,35,1,2,32.8,0.0,28.9,24.4,1.2,start,,0.0,0,0,0,816,False,False
309067,R10,2.77,359,347,0.968,spine,1,4,0,85,120,80,1,0,16.3,4.8,35.6,29.2,1.44,end,,18.4,100,0,0,369,False,True
309089,RS10,3.98,596,298,0.974,spine,1,8,0,100,100,60,1,2,18.9,9.4,46.9,13.2,2.01,end,,0.0,0,0,0,606,False,False
309828,AR2A,21.12,1994,690,0.669,ladder,2,0,0,625,140,100,5,1,22.4,0.0,0.0,67.4,0.0,end,,1.0,0,0,0,2004,False,False
309854,AR2A,58.83,2539,1239,0.815,grid,3,0,0,500,175,135,7,3,21.0,0.0,0.0,67.4,0.0,end,,1.4,248,0,0,2549,False,False
310411,RS10,3.33,601,550,0.44,ladder,2,1,0,115,90,50,3,0,28.1,1.6,7.9,62.4,0.3,side,,0.0,0,0,0,611,False,False
310424,R10,2.98,831,161,0.968,single_loaded,1,6,1,100,105,65,1,1,34.0,0.0,48.7,9.1,2.01,start,,0.0,0,0,0,784,False,False
310565,RS10,3.71,740,352,0.62,spine,1,5,1,85,120,80,1,1,23.7,2.3,33.0,28.0,1.35,both,,8.5,68,0,0,750,False,False
310910,RS10,2.56,380,296,0.989,spine,1,3,0,100,100,60,2,2,24.6,8.9,26.9,21.6,1.17,side,,0.0,0,0,0,390,False,False
310961,AR2A,48.06,2711,855,0.903,ladder,2,4,0,475,185,145,6,11,17.2,0.0,16.7,19.6,0.08,end,,2.3,236,0,0,2721,False,False
311260,AR2A,32.95,1994,1353,0.532,grid,3,4,0,450,195,155,5,1,16.2,0.0,24.5,41.4,0.12,start,,12.8,168,0,0,2004,False,False
311348,RS15,10.73,1066,714,0.614,ladder,2,9,0,115,135,95,4,2,18.6,3.1,29.8,25.5,0.84,start,,16.4,0,212,1357,840,True,False
311425,AR2A,40.07,1802,1293,0.749,grid,3,3,0,475,185,145,3,0,4.1,0.0,15.3,26.3,0.07,end,,54.6,88,2334,354659,1239,True,False
311431,R10,3.9,814,453,0.462,ladder,2,1,0,145,70,30,3,1,29.6,1.9,5.7,56.9,0.26,start,,0.0,0,0,0,824,False,False
311834,R15,26.44,1300,1279,0.693,grid,3,34,2,100,150,110,6,3,18.3,4.1,48.3,18.3,1.29,end,,7.2,0,233,56300,1310,True,True
311845,AR2A,18.91,2228,947,0.39,ladder,2,0,0,425,205,165,3,2,13.3,0.0,0.0,56.4,0.0,end,,8.5,0,0,0,2238,False,False
311938,RS10,9.91,898,602,0.799,ladder,2,12,2,100,105,65,3,2,23.2,4.2,29.5,23.2,1.21,end,,21.4,399,0,0,908,False,False
311974,AR2A,24.31,1285,1211,0.681,ladder,2,1,1,400,220,180,4,1,16.4,0.0,8.9,60.4,0.04,start,,5.6,143,0,0,1295,False,False
311995,RS10,2.51,1223,531,0.169,ladder,2,0,0,115,90,50,4,0,33.9,0.0,0.0,66.1,0.0,both,,0.0,0,0,0,1233,False,False
312415,R10,2.36,676,328,0.464,spine,1,4,0,90,115,75,1,1,16.7,8.1,40.4,24.6,1.7,both,,0.0,0,0,0,686,False,False
312849,RS7.5,13.95,1471,513,0.805,ladder,2,17,0,90,85,45,4,2,29.5,3.5,21.4,20.9,1.22,both,,29.6,754,0,0,1481,False,False
313128,R15,4.7,798,387,0.662,spine,1,5,0,105,145,105,1,2,17.2,6.4,37.4,24.4,1.06,end,,0.0,0,0,0,731,False,False
313198,R8,14.11,,,0.645,,,0,,,,,,,,,,,,,parcel_mostly_in_flood_hazard_or_wetland,100.0,,,,,False,False
313448,R8,2.4,447,322,0.727,spine,1,5,0,75,110,70,1,2,18.1,6.4,40.2,19.8,2.09,both,,0.0,0,0,0,457,False,False
313566,R10,4.11,547,513,0.637,ladder,2,4,0,120,85,45,3,0,30.1,3.9,22.9,34.2,0.97,both,,8.8,0,0,0,557,False,False
313654,RS7.5,2.08,429,220,0.96,spine,1,5,0,95,80,40,1,2,25.5,0.0,42.6,15.2,2.41,start,,0.0,0,0,0,439,False,False
314048,R8,12.26,996,882,0.607,grid,3,23,1,80,105,65,4,3,20.0,5.2,36.2,25.3,1.88,start,,8.7,0,176,33553,1006,True,False
314109,AR2A,84.33,2800,2290,0.573,grid,5,1,0,440,200,160,7,2,7.6,0.0,2.4,26.6,0.01,start,,59.0,113,3494,76534,1825,True,False
314138,AR2A,29.18,1450,907,0.967,ladder,2,1,0,450,195,155,5,4,18.3,0.0,6.8,46.1,0.03,side,,1.1,0,0,0,1460,False,False
314161,R10,3.15,539,354,0.717,spine,1,6,1,85,120,80,1,2,15.7,8.3,47.5,12.4,1.91,end,,0.0,0,0,0,549,False,False
314201,R10,2.67,440,285,0.928,spine,1,4,0,115,90,50,1,2,19.7,9.6,36.9,15.0,1.5,both,,0.0,0,0,0,450,False,False
314841,RS10,4.28,1039,187,0.963,single_loaded,1,9,0,85,120,80,1,2,29.6,0.0,53.7,4.7,2.1,end,,0.0,0,0,0,992,False,False
315221,RS10,15.96,1213,817,0.701,grid,3,26,0,110,95,55,5,8,26.3,7.0,39.1,14.6,1.63,end,,1.0,0,0,0,1223,False,False
315336,AR2A,22.14,1863,783,0.662,ladder,2,0,0,530,165,125,5,3,19.9,0.0,0.0,52.5,0.0,start,,0.0,0,0,0,1873,False,False
315656,AR2A,25.41,1590,1105,0.63,ladder,2,1,1,400,220,180,4,4,14.1,0.0,8.1,40.6,0.04,start,,4.6,0,11,37902,1600,True,False
316054,R10,8.13,723,700,0.7,ladder,2,12,1,85,120,80,3,0,20.1,4.7,37.7,27.4,1.48,start,,14.4,186,0,0,733,False,True
316207,AR2A,40.71,1641,1376,0.785,grid,3,0,0,440,200,160,7,5,19.9,0.0,0.0,53.4,0.0,start,,2.4,0,128,30250,1527,True,True
316284,R10,3.75,748,224,0.976,spine,1,7,0,125,80,40,1,0,26.5,0.0,44.0,19.6,1.87,start,,13.8,113,0,0,701,False,False
316424,R10,13.78,1219,657,0.75,ladder,2,26,0,85,120,80,4,6,23.5,4.1,44.6,17.9,1.89,both,,0.0,0,0,0,1229,False,False
316555,R8,14.73,1275,547,0.92,ladder,2,39,0,90,90,50,4,8,23.8,9.4,51.5,4.7,2.65,start,,0.0,0,0,0,1285,False,False
316602,R10,3.89,745,500,0.455,ladder,2,2,0,125,80,40,3,0,30.1,2.6,11.7,55.6,0.51,end,,0.0,0,0,0,755,False,False
316771,AR2A,35.0,1322,1248,0.924,ladder,2,4,1,400,220,180,4,3,12.5,0.0,24.7,38.0,0.11,start,,6.4,153,0,0,1332,False,False
316787,R10,5.3,819,478,0.591,ladder,2,4,0,135,75,35,3,1,22.9,4.3,17.6,36.4,0.75,start,,14.6,0,129,11440,628,True,False
317699,R8,4.37,730,484,0.539,ladder,2,9,1,110,75,35,3,1,32.3,8.3,40.7,14.0,2.06,start,,0.0,0,0,0,740,False,False
318145,AR2A,71.2,2300,1936,0.697,grid,4,1,0,415,210,170,4,0,1.9,0.0,2.8,15.6,0.01,end,,79.8,83,3988,151868,1477,True,False
318439,R10,3.02,838,160,0.983,single_loaded,1,6,0,100,100,60,1,1,35.0,0.0,47.7,9.4,1.98,end,,0.0,0,0,0,791,False,False
318708,RS10,3.17,1057,153,0.855,single_loaded,1,6,0,110,95,55,1,2,28.9,0.0,46.8,8.7,1.89,start,,0.0,0,0,0,1010,False,False
318709,R10,3.03,551,250,0.958,spine,1,5,0,135,75,35,1,2,22.1,13.6,39.0,9.5,1.65,start,,0.0,0,0,0,561,False,False
318764,R10,3.34,731,348,0.573,spine,1,6,0,85,120,80,1,2,20.5,8.4,44.1,12.7,1.79,end,,0.0,0,0,0,741,False,False
318779,R15,3.59,658,332,0.715,spine,1,4,0,135,115,75,1,1,21.5,3.3,40.5,24.5,1.11,end,,0.0,0,0,0,668,False,False
319033,RS10,2.75,551,223,0.975,spine,1,4,0,125,80,40,1,2,25.3,0.0,34.6,23.3,1.46,end,,0.0,0,0,0,561,False,False
319214,RS10,2.21,385,311,0.803,spine,1,3,0,100,105,65,1,1,21.2,5.3,33.4,28.8,1.36,end,,0.0,0,0,0,395,False,False
319368,R8,24.76,1915,674,0.836,ladder,2,67,11,75,110,70,5,7,20.5,5.8,57.2,7.5,2.71,end,,3.4,85,0,0,1925,False,False
319388,AR2A,19.72,1802,916,0.521,ladder,2,0,0,440,200,160,5,2,15.2,0.0,0.0,64.3,0.0,end,,0.5,0,0,0,1812,False,False
319675,AR2A,24.68,2509,761,0.563,ladder,2,0,0,545,160,120,6,0,23.7,0.0,0.0,75.1,0.0,both,,1.2,0,0,0,2519,False,False
319699,AR2A,22.59,1883,866,0.603,ladder,2,1,0,475,185,145,5,3,17.0,0.0,9.2,46.1,0.04,end,,0.0,0,0,0,1893,False,False
319930,AR2A,36.83,1944,1067,0.773,grid,3,1,0,585,150,110,6,1,18.2,0.0,5.3,64.7,0.03,end,,7.4,0,236,148717,1954,True,False
320184,AR2A,64.25,4185,793,0.843,ladder,2,2,0,515,170,130,8,17,18.9,0.0,6.3,19.5,0.03,start,,2.8,239,0,0,4195,False,False
320185,R8,11.57,1822,579,0.478,ladder,2,18,0,80,100,60,5,3,27.6,4.2,28.7,33.2,1.56,end,,1.8,7,0,0,1832,False,True
320196,AR2A,26.16,1713,1037,0.641,ladder,2,3,1,400,220,180,4,3,14.4,0.0,24.3,36.2,0.11,start,,2.1,62,0,0,1723,False,False
320217,R10,15.6,2261,776,0.387,ladder,2,22,2,85,120,80,5,5,23.1,3.7,34.1,25.5,1.41,both,,6.7,106,0,0,2271,False,False
320239,R15,5.01,566,484,0.796,spine,1,1,0,100,150,110,1,0,4.9,0.9,8.4,25.7,0.2,start,,60.1,0,335,43275,105,True,True
320350,R15,24.51,1411,1237,0.611,grid,3,29,2,100,150,110,5,9,19.1,4.3,43.9,16.5,1.18,start,,3.1,34,37,28667,1421,True,True
320395,R10,2.71,462,358,0.714,spine,1,5,0,85,120,80,1,1,18.9,7.6,47.0,16.9,1.85,start,,0.0,0,0,0,472,False,False
320508,AR2A,23.21,1253,843,0.956,ladder,2,1,0,485,180,140,4,2,17.3,0.0,8.6,53.0,0.04,end,,4.1,94,0,0,1263,False,False
321010,AR2A,44.69,2631,1303,0.568,grid,3,2,0,475,185,145,7,2,19.3,0.0,9.0,61.2,0.04,both,,2.2,231,0,0,2641,False,False
321070,R10,5.56,540,496,0.903,ladder,2,9,0,125,80,40,3,2,26.2,9.2,37.3,18.7,1.62,both,,0.0,0,0,0,550,False,False
321319,R10,2.85,611,369,0.551,spine,1,3,2,85,120,80,1,0,24.1,0.8,25.6,42.4,1.05,start,,7.0,0,0,0,621,False,False
321725,R10,48.19,2578,1702,0.478,grid,5,97,4,85,120,80,8,11,25.3,4.5,47.8,17.1,2.01,start,,0.0,0,0,0,2588,False,False
322316,R15,25.98,1527,1380,0.537,grid,3,31,3,100,150,110,5,4,18.7,4.1,43.0,22.2,1.19,start,,8.3,161,0,0,1537,False,False
322369,R10,2.81,398,322,0.956,spine,1,6,0,95,110,70,1,2,17.2,11.4,52.2,1.6,2.14,both,,0.0,0,0,0,408,False,False
322907,R10,3.44,768,267,0.732,spine,1,4,0,120,85,45,1,0,23.5,5.2,27.3,31.8,1.16,start,,14.7,73,75,5198,602,True,False
323045,R10,2.75,783,209,0.732,spine,1,4,0,135,75,35,1,1,32.8,0.0,34.1,24.5,1.46,both,,0.0,0,0,0,793,False,False
323119,AR2A,19.55,1302,1004,0.651,ladder,2,1,0,400,220,180,4,1,12.7,0.0,10.7,44.3,0.05,start,,22.6,0,268,13267,1312,True,True
323139,R10,10.79,922,644,0.792,ladder,2,23,1,90,115,75,3,3,22.4,6.7,51.7,12.4,2.13,both,,0.0,0,0,0,932,False,False
323443,AR2A,42.19,,,0.732,,,0,,,,,,,,,,,,,parcel_mostly_in_flood_hazard_or_wetland,100.0,,,,,False,False
323774,R10,4.21,679,308,0.878,spine,1,7,0,100,105,65,1,2,19.9,9.7,40.6,18.2,1.66,end,,0.0,0,0,0,689,False,False
323894,R15,9.41,1300,888,0.355,ladder,2,9,0,100,150,110,4,2,16.5,5.4,41.6,27.2,0.96,end,,0.0,0,0,0,1310,False,False
324156,R8,4.56,814,334,0.732,spine,1,10,1,75,110,70,1,1,22.7,2.6,44.4,25.8,2.19,start,,0.0,0,0,0,747,False,False
324222,R8,18.93,1670,807,0.612,grid,3,37,4,90,90,50,5,9,25.9,5.5,37.1,21.2,1.95,start,,1.4,0,0,0,1680,False,False
324748,R10,12.64,998,801,0.689,grid,3,16,0,115,90,50,5,5,30.3,5.8,30.6,18.8,1.27,side,,5.3,37,45,945,1008,True,False
324834,R8,2.27,371,273,0.977,spine,1,4,0,95,85,45,2,1,26.3,9.1,34.1,21.9,1.76,side,,0.0,0,0,0,381,False,False
325198,R15,13.13,1279,788,0.567,ladder,2,13,0,100,150,110,4,3,18.9,3.5,34.6,28.8,0.99,start,,6.2,0,0,0,1289,False,False
325392,R8,4.15,569,338,0.939,spine,1,12,2,75,110,70,1,2,16.4,11.0,59.8,2.8,2.89,both,,0.0,0,0,0,579,False,False
325832,R10,2.86,400,326,0.955,spine,1,5,0,90,115,75,1,2,17.5,7.3,41.4,8.6,1.75,end,,9.0,0,0,0,410,False,False
325893,R10,4.12,612,325,0.905,spine,1,7,1,95,110,70,1,0,17.6,4.4,42.0,25.2,1.7,end,,15.2,145,0,0,622,False,True
325934,R8,22.11,1648,847,0.69,grid,3,53,0,80,100,60,5,10,28.1,5.3,43.9,14.5,2.4,start,,0.0,0,0,0,1658,False,False
325975,R15,4.91,778,306,0.9,spine,1,6,0,145,105,65,1,0,20.6,5.6,42.5,21.4,1.22,start,,12.7,110,0,0,711,False,True
326101,AR2A,32.75,1635,1348,0.647,grid,3,1,0,450,195,155,5,6,17.8,0.0,6.2,36.2,0.03,start,,3.1,0,70,22257,1645,True,True
326117,AR2A,25.81,1449,912,0.851,ladder,2,0,0,440,200,160,4,2,17.2,0.0,0.0,38.7,0.0,end,,35.7,958,0,0,1459,False,False
326126,AR2A,60.5,1942,1901,0.714,grid,4,5,0,415,210,170,7,11,19.0,0.0,16.5,26.6,0.08,start,,2.0,52,82,23831,1952,True,False
326147,AR2A,28.49,1425,1287,0.677,grid,3,0,0,475,185,145,5,0,19.8,0.0,0.0,61.7,0.0,start,,21.0,577,0,0,1435,False,False
326149,AR2A,23.03,2253,1034,0.431,ladder,2,0,0,400,220,180,5,5,15.9,0.0,0.0,40.8,0.0,end,,0.0,0,0,0,2263,False,False
326155,AR2A,64.47,2536,1567,0.706,grid,3,9,0,400,220,180,7,10,17.7,0.0,28.8,20.3,0.14,end,,0.1,0,0,0,2546,False,False
326161,AR2A,32.59,2039,1314,0.53,grid,3,1,0,460,190,150,7,0,20.4,0.0,6.1,67.7,0.03,side,,7.5,254,0,0,2049,False,False
326162,AR2A,77.48,2834,2439,0.488,grid,4,3,1,400,220,180,8,16,14.9,0.0,8.9,28.5,0.04,end,,4.9,280,0,0,2844,False,False
326168,AR2A,46.56,4175,812,0.598,ladder,2,1,0,500,175,135,8,10,18.8,0.0,4.1,30.3,0.02,end,,4.5,267,0,0,4185,False,False
326173,AR2A,19.75,1608,820,0.652,ladder,2,1,0,500,175,135,4,0,19.2,0.0,10.5,54.7,0.05,start,,20.1,508,0,0,1618,False,False
326175,AR2A,28.24,3241,699,0.543,ladder,2,0,0,605,145,105,7,0,22.1,0.0,0.0,74.4,0.0,start,,4.1,110,0,0,3251,False,False
326177,AR2A,65.43,2665,1884,0.568,grid,4,9,0,425,205,165,8,1,15.6,0.0,27.4,40.7,0.14,start,,15.1,581,302,139116,2675,True,False
326181,AR2A,20.83,1344,717,0.942,ladder,2,1,0,585,150,110,4,0,19.4,0.0,9.4,48.4,0.05,start,,28.1,693,0,0,1354,False,False
326186,AR2A,32.56,4721,979,0.307,ladder,2,0,0,410,215,175,9,2,19.1,0.0,0.0,67.7,0.0,start,,1.9,101,0,0,4731,False,True
326193,AR2A,24.95,2611,923,0.451,ladder,2,2,0,440,200,160,6,2,18.7,0.0,16.2,38.9,0.08,start,,11.9,259,0,0,2621,False,False
326202,AR2A,59.3,2207,1201,0.974,grid,3,2,0,515,170,130,6,9,18.2,0.0,6.9,44.3,0.03,both,,0.0,0,0,0,2217,False,False
326206,AR2A,99.33,3832,3204,0.352,grid,6,1,1,400,220,180,12,23,18.4,0.0,2.3,32.5,0.01,end,,0.0,0,0,0,3842,False,False
326208,AR2A,30.44,1610,1339,0.615,grid,3,0,0,450,195,155,5,5,18.9,0.0,0.0,45.6,0.0,start,,3.2,89,0,0,1620,False,True
326217,AR2A,66.27,4931,1369,0.428,grid,3,4,0,440,200,160,11,3,21.8,0.0,12.1,47.9,0.06,end,,11.8,1152,0,0,4941,False,False
326222,AR2A,18.31,1307,1102,0.554,ladder,2,1,0,400,220,180,5,1,19.1,0.0,12.8,49.1,0.05,side,,8.8,211,0,0,1317,False,False
326226,AR2A,22.82,3907,407,0.625,spine,1,0,0,500,175,135,1,2,18.2,0.0,0.0,46.1,0.0,start,,18.9,0,543,9700,3253,True,True
326232,AR2A,37.91,3290,914,0.549,ladder,2,0,0,440,200,160,7,5,19.3,0.0,0.0,52.4,0.0,end,,1.7,0,0,0,3300,False,False
326246,AR2A,36.49,2193,1512,0.479,grid,3,0,0,400,220,180,6,6,17.5,0.0,0.0,48.4,0.0,both,,2.0,0,0,0,2203,False,False
327248,R40,10.26,1270,358,0.983,spine,1,3,0,270,150,110,1,4,16.1,0.0,26.9,20.1,0.29,end,,0.9,0,0,0,1223,False,False
327338,RS40,9.36,908,802,0.56,ladder,2,3,0,240,170,130,3,0,18.6,0.0,30.0,51.4,0.32,both,,0.0,0,0,0,918,False,False
327948,RS40,23.59,1419,1178,0.615,ladder,2,9,1,185,220,180,4,4,15.9,0.0,37.4,28.3,0.38,start,,1.5,0,77,51638,1429,True,False
328475,R20,4.39,909,375,0.561,spine,1,0,0,145,140,100,1,0,22.2,0.0,0.0,77.8,0.0,start,,0.0,0,0,0,842,False,False
328494,R20,4.68,683,430,0.694,spine,1,0,0,125,165,125,1,0,16.6,0.0,0.0,60.3,0.0,start,,23.1,0,0,0,693,False,False
328511,R20,4.75,955,346,0.627,spine,1,0,0,160,125,85,1,0,21.3,0.0,0.0,78.7,0.0,both,,0.0,0,0,0,965,False,False
328541,R20,5.55,774,743,0.42,ladder,2,1,0,145,140,100,4,0,26.9,0.7,8.4,63.9,0.18,side,,0.0,0,0,0,784,False,False
328836,AR2A,21.86,,,0.417,,,0,,,,,,,,,,,,,parcel_mostly_in_flood_hazard_or_wetland,92.1,,,,,False,False
329604,R40,11.25,868,613,0.921,spine,1,6,0,185,220,180,1,0,7.3,0.0,58.3,31.7,0.53,end,,2.7,0,127,133844,561,True,False
330590,R40,22.54,1960,863,0.581,ladder,2,8,0,220,185,145,5,2,15.7,0.0,33.2,41.7,0.35,side,,1.3,0,0,0,1970,False,False
330594,R40,20.18,2090,578,0.728,spine,1,0,0,185,220,180,1,0,0.0,0.0,0.0,44.9,0.0,start,,55.1,0,1103,393872,9,True,False
330792,R40,17.36,929,928,0.877,ladder,2,9,0,200,200,160,3,2,16.0,0.0,48.1,25.1,0.52,start,,0.0,0,0,0,939,False,False
330821,AR2A,46.5,2299,1429,0.617,grid,3,0,0,415,210,170,6,11,17.3,0.0,0.0,33.2,0.0,start,,2.8,0,0,0,2309,False,False
330837,AR2A,42.89,3369,1178,0.471,grid,3,0,0,530,165,125,8,2,22.3,0.0,0.0,66.2,0.0,start,,3.4,140,0,0,3379,False,False
330838,AR2A,64.15,2075,1745,0.772,grid,3,5,1,400,220,180,6,7,15.3,0.0,16.5,38.8,0.08,start,,5.6,97,92,153981,2085,True,False
330904,AR2A,79.49,3190,1586,0.685,grid,4,0,0,515,170,130,9,0,22.0,0.0,0.0,72.9,0.0,end,,7.0,951,10,9614,3200,True,True
330977,AR2A,76.36,2199,2115,0.715,grid,4,2,0,400,220,180,8,16,18.7,0.0,5.8,28.6,0.03,side,,3.3,0,293,136421,2209,True,False
331016,RS20,5.09,553,406,0.989,spine,1,6,0,130,155,115,1,2,13.7,8.6,54.6,4.9,1.18,both,,0.0,0,0,0,563,False,False
331038,RS80,57.02,2821,1460,0.603,grid,3,1,0,375,215,175,7,11,18.5,0.0,3.2,42.8,0.02,start,,0.0,0,0,0,2831,False,False
331049,AR2A,23.05,1264,964,0.823,ladder,2,1,0,415,210,170,4,2,17.5,0.0,8.7,57.0,0.04,end,,0.0,0,0,0,1274,False,False
331100,R25,22.4,1408,1381,0.502,grid,3,13,1,140,185,135,6,5,20.3,2.6,35.2,28.6,0.58,side,,0.0,0,0,0,1418,False,False
331130,R25,11.76,756,713,0.95,ladder,2,8,0,190,135,85,4,1,21.5,4.2,39.9,29.4,0.68,side,,0.0,0,0,0,766,False,False
331131,AR2A,61.82,3291,1515,0.54,grid,3,6,0,400,220,180,8,9,19.0,0.0,19.6,32.9,0.1,end,,0.0,0,0,0,3301,False,False
331179,R20,7.46,871,526,0.709,spine,1,7,3,115,175,135,1,1,14.9,1.1,50.3,26.1,0.94,start,,0.0,0,0,0,804,False,False
331238,AR2A,58.8,3374,1472,0.516,grid,3,3,0,410,215,175,8,7,17.4,0.0,10.2,43.4,0.05,start,,5.2,0,41,23234,3384,True,False
331257,AR2A,19.52,1722,863,0.572,ladder,2,1,0,475,185,145,4,2,20.9,0.0,9.9,48.4,0.05,both,,0.2,0,0,0,1732,False,False
331260,R20,5.19,1022,364,0.608,spine,1,1,0,155,130,90,1,1,20.1,0.6,9.2,48.1,0.19,end,,13.2,0,0,0,955,False,False
331274,R20,5.4,767,444,0.69,spine,1,4,0,120,170,130,1,0,16.7,4.1,35.5,28.9,0.74,end,,17.8,130,0,0,700,False,False
331321,AR2A,54.46,2771,1410,0.607,grid,3,1,0,425,205,165,7,12,17.6,0.0,3.8,30.3,0.02,end,,4.6,228,0,0,2781,False,False
331330,R20,9.87,1673,269,0.956,spine,1,9,0,195,105,65,1,1,18.5,0.0,43.1,20.8,0.91,end,,14.9,167,123,31726,1404,True,False
331331,R20,4.8,831,354,0.711,spine,1,4,0,160,125,85,1,1,20.7,7.1,38.7,23.6,0.83,end,,0.0,0,0,0,764,False,False
331338,R20,10.99,1777,277,0.974,spine,1,10,0,185,110,70,1,6,20.9,0.0,42.3,10.7,0.91,end,,1.1,0,0,0,1730,False,False
331445,R20,5.34,856,426,0.638,spine,1,3,0,125,165,125,1,1,15.8,4.3,26.7,44.6,0.56,start,,0.0,0,0,0,789,False,False
331451,AR2A,26.58,1918,1721,0.351,grid,4,0,0,475,185,145,6,0,17.6,0.0,0.0,79.0,0.0,end,,3.6,41,0,0,1928,False,False
331489,AR2A,34.26,2134,1140,0.613,ladder,2,1,0,400,220,180,5,5,13.5,0.0,6.9,46.8,0.03,start,,0.5,0,0,0,2144,False,False
331561,RS80,28.08,2561,862,0.554,ladder,2,2,0,435,185,145,6,2,17.1,0.0,13.2,50.8,0.07,end,,7.3,317,0,0,2571,False,False
331562,AR2A,32.7,2205,1119,0.578,ladder,2,2,1,400,220,180,5,4,16.6,0.0,12.3,42.9,0.06,start,,4.6,70,50,22800,2215,True,True
331576,R25,11.48,990,870,0.581,ladder,2,9,0,150,170,120,3,1,19.0,4.6,47.3,21.3,0.78,end,,4.1,151,0,0,1000,False,False
331578,R20,26.46,1282,1133,0.794,grid,3,23,0,140,145,105,5,4,22.2,4.2,41.2,21.1,0.87,end,,5.2,212,0,0,1292,False,False
331673,AR2A,29.4,1838,1180,0.59,grid,3,0,0,530,165,125,6,1,21.0,0.0,0.0,68.9,0.0,end,,4.2,173,0,0,1848,False,False
331679,R20,4.74,1866,395,0.28,spine,1,2,0,135,150,110,1,1,22.7,2.6,19.3,42.8,0.42,end,,3.6,0,0,0,1799,False,False
331687,RS20,9.59,980,509,0.837,spine,1,8,0,115,175,135,1,3,12.7,2.7,45.4,22.7,0.83,both,,0.0,0,0,0,990,False,False
331697,RS20,6.69,813,569,0.63,spine,1,6,1,115,175,135,1,1,10.5,4.5,49.3,27.2,0.9,start,,0.0,0,0,0,746,False,False
331735,R20,15.7,1593,742,0.579,ladder,2,12,0,145,140,100,4,4,18.9,5.8,36.2,24.3,0.76,end,,2.6,0,77,14465,1603,True,True
331738,AR2A,19.97,2989,677,0.43,ladder,2,0,0,625,140,100,6,0,23.9,0.0,0.0,76.1,0.0,start,,0.0,0,0,0,2999,False,False
331748,AR2A,32.7,1511,1508,0.625,grid,3,0,0,400,220,180,5,6,17.8,0.0,0.0,46.2,0.0,start,,0.0,0,0,0,1521,False,False
331766,RS20,5.73,1057,482,0.489,spine,1,6,3,115,175,135,1,1,12.7,1.3,51.3,26.3,1.05,start,,0.0,0,0,0,990,False,False
331778,RS80,18.21,2168,432,0.847,spine,1,1,0,435,185,145,1,2,15.0,0.0,10.1,55.8,0.05,start,,0.0,0,0,0,2121,False,False
331816,R20,7.29,1298,355,0.689,spine,1,3,0,155,130,90,1,3,22.1,2.8,18.6,37.7,0.41,both,,0.0,0,0,0,1308,False,False
331830,R20,5.53,780,475,0.65,spine,1,4,1,115,175,135,1,1,13.6,1.5,35.5,39.6,0.72,both,,0.6,0,0,0,790,False,False
331847,R20,20.84,1637,1275,0.435,grid,3,17,0,120,170,130,5,4,17.0,3.0,38.3,33.1,0.82,start,,0.0,0,0,0,1647,False,False
331859,AR2A,20.78,1964,1058,0.436,grid,3,0,0,605,145,105,6,2,20.8,0.0,0.0,59.2,0.0,start,,0.0,0,0,0,1974,False,False
331983,RS20,5.32,557,455,0.916,spine,1,4,0,115,175,135,1,0,13.0,3.1,35.7,36.5,0.75,end,,13.4,70,0,0,567,False,False
332009,AR2A,21.52,1322,1109,0.639,ladder,2,1,0,400,220,180,4,0,17.6,0.0,9.3,68.0,0.05,start,,5.1,0,0,0,1332,False,False
332072,AR2A,26.2,2258,997,0.507,ladder,2,1,0,400,220,180,5,6,15.7,0.0,7.8,27.6,0.04,end,,3.4,100,0,0,2268,False,False
332073,R25,5.41,967,296,0.825,spine,1,3,0,210,120,70,1,2,20.1,0.0,31.9,27.1,0.55,start,,0.0,0,0,0,920,False,False
332181,R20,4.54,473,422,0.992,spine,1,4,0,125,160,120,1,0,9.6,5.0,40.5,26.3,0.88,start,,18.7,0,159,33655,257,True,False
332217,AR2A,93.2,4889,2316,0.359,grid,5,6,0,440,200,160,13,12,20.2,0.0,12.9,39.6,0.06,start,,1.5,142,0,0,4899,False,False
332303,AR2A,19.5,1563,766,0.71,ladder,2,1,0,545,160,120,4,1,17.4,0.0,10.6,52.4,0.05,start,,10.4,231,0,0,1573,False,False
332345,R20,4.28,1333,188,0.743,single_loaded,1,1,0,155,130,90,1,1,22.3,0.0,10.6,57.1,0.23,start,,0.0,0,0,0,1286,False,False
332392,R40,20.4,1239,1168,0.614,grid,3,3,0,245,165,125,5,3,23.0,0.0,13.4,43.2,0.15,both,,8.7,247,0,0,1249,False,False
332440,R20,5.14,956,422,0.555,spine,1,4,0,125,160,120,1,2,13.3,5.7,36.5,26.7,0.78,start,,0.0,0,0,0,889,False,False
332458,R10,3.28,497,306,0.941,spine,1,5,0,100,105,65,1,2,18.8,8.0,36.6,16.4,1.52,start,,5.4,0,0,0,507,False,False
332543,R20,19.13,1531,706,0.771,ladder,2,17,0,155,130,90,4,1,20.0,4.8,42.1,22.6,0.89,both,,10.0,297,0,0,1541,False,False
332546,AR2A,36.92,3344,573,0.839,spine,1,5,2,400,220,180,1,4,10.5,0.0,30.1,27.0,0.14,start,,7.4,199,0,0,3297,False,False
332597,R20,15.36,1440,799,0.582,ladder,2,12,0,130,155,115,4,5,19.7,3.6,36.7,24.1,0.78,end,,0.8,0,0,0,1450,False,False
332658,R20,8.17,1038,513,0.668,spine,1,6,0,115,175,135,1,2,16.2,5.1,40.4,24.8,0.73,start,,0.0,0,0,0,971,False,False
332670,AR2A,28.88,2448,1002,0.513,ladder,2,3,0,400,220,180,4,0,16.2,0.0,20.8,56.9,0.1,end,,6.1,0,144,60524,2458,True,False
332712,R20,13.35,1460,433,0.921,spine,1,17,0,125,165,125,1,2,13.4,5.8,61.3,8.8,1.27,start,,4.2,75,0,0,1393,False,False
332763,R15,7.02,706,672,0.645,ladder,2,9,0,120,125,85,3,1,21.3,5.7,44.1,23.9,1.28,end,,0.0,0,0,0,716,False,False
332786,RS80,42.23,2080,1286,0.688,grid,3,3,0,435,185,145,6,4,20.0,0.0,13.0,41.7,0.07,start,,9.4,116,0,0,2090,False,True
332799,RS20,8.96,1246,452,0.694,spine,1,7,0,115,175,135,1,3,13.3,4.9,36.8,29.4,0.78,both,,0.0,0,0,0,1256,False,False
372620,RS40,42.21,2171,1154,0.734,grid,3,10,1,250,160,120,7,4,21.2,0.0,21.8,41.4,0.24,start,,7.3,0,424,19269,1897,True,True
372644,R40,8.36,886,435,0.945,spine,1,3,0,220,185,145,1,1,9.9,0.0,33.5,20.3,0.36,start,,25.4,0,203,12852,564,True,True
372749,R20,4.85,645,362,0.906,spine,1,4,0,155,130,90,1,2,15.7,6.9,38.7,19.2,0.82,start,,0.0,0,0,0,655,False,False
372772,R20,5.25,947,291,0.83,spine,1,4,0,175,115,75,1,1,22.7,0.0,36.1,32.2,0.76,both,,0.0,0,0,0,957,False,False
372777,R20,19.04,1297,832,0.768,ladder,2,21,0,125,165,125,4,3,17.9,5.4,52.3,9.5,1.1,both,,8.7,166,0,0,1307,False,False
372801,R20,8.2,1418,603,0.418,ladder,2,3,0,195,105,65,4,1,27.5,3.1,17.0,46.7,0.37,end,,0.0,0,0,0,1428,False,False
372820,R20,4.28,480,402,0.965,spine,1,3,0,135,150,110,2,2,19.0,5.6,33.0,20.2,0.7,side,,0.0,0,0,0,490,False,False
372899,AR2A,25.29,1854,798,0.745,ladder,2,0,0,515,170,130,5,2,19.7,0.0,0.0,63.5,0.0,start,,2.5,128,0,0,1864,False,False
372934,R20,20.52,1194,780,0.96,ladder,2,23,0,135,150,110,4,2,18.1,5.6,53.0,11.3,1.12,end,,8.4,186,0,0,1204,False,False
373012,R20,4.61,518,502,0.773,spine,1,4,0,115,175,135,2,1,17.3,3.2,46.2,21.7,0.87,side,,0.0,0,0,0,528,False,False
373087,R20,96.06,3141,2006,0.664,grid,5,95,0,125,160,120,10,17,21.6,4.3,45.5,19.3,0.99,start,,1.5,259,0,0,3151,False,False
373158,R20,5.23,748,390,0.78,spine,1,4,0,140,145,105,1,1,18.4,5.3,36.0,31.2,0.77,start,,0.0,0,0,0,681,False,False
373252,R20,18.55,1295,1100,0.567,grid,3,9,0,145,140,100,5,1,19.8,2.8,22.4,31.9,0.49,start,,22.0,0,195,3312,1305,True,True
373335,R20,4.4,952,422,0.477,spine,1,1,0,125,160,120,1,0,21.7,0.2,10.4,67.8,0.23,end,,0.0,0,0,0,885,False,False
373375,AR2A,23.2,2273,961,0.463,ladder,2,0,0,415,210,170,5,3,17.7,0.0,0.0,53.6,0.0,end,,4.9,261,0,0,2283,False,False
373425,AR2A,52.38,1868,1613,0.757,grid,3,3,0,400,220,180,5,5,13.1,0.0,12.8,47.1,0.06,side,,7.8,0,494,362083,1878,True,False
373434,R20,10.01,921,769,0.616,ladder,2,8,0,140,145,105,3,3,16.8,5.8,38.4,24.7,0.8,start,,0.0,0,0,0,931,False,False
373494,RS80,31.59,1688,1657,0.492,grid,3,1,0,365,220,180,5,5,16.7,0.0,5.8,35.0,0.03,start,,13.3,0,20,11634,1698,True,True
373637,AR2A,34.1,1961,1242,0.61,grid,3,1,0,500,175,135,5,3,17.3,0.0,5.9,50.4,0.03,start,,9.4,85,237,113126,1769,True,True
373691,AR2A,64.93,3073,1842,0.5,grid,4,4,0,440,200,160,9,9,20.4,0.0,12.2,39.3,0.06,start,,0.2,0,0,0,3083,False,False
373706,RS20,5.82,959,578,0.457,spine,1,4,2,115,175,135,2,0,13.4,0.6,35.4,31.8,0.69,side,,18.7,0,62,20756,418,True,False
373717,R25,5.35,922,351,0.72,spine,1,3,0,200,125,75,1,1,21.4,6.9,32.8,28.0,0.56,end,,0.0,0,0,0,855,False,False
373733,R20,5.63,854,351,0.818,spine,1,5,0,160,125,85,1,1,15.5,6.4,41.0,21.9,0.89,end,,6.9,0,54,7179,681,True,True
373777,AR2A,29.47,2854,630,0.713,ladder,2,0,0,675,130,90,6,3,22.5,0.0,0.0,57.0,0.0,start,,2.0,191,0,0,2864,False,False
373798,AR2A,32.7,2153,1478,0.448,grid,3,2,0,410,215,175,6,4,18.8,0.0,12.3,44.2,0.06,both,,0.0,0,0,0,2163,False,False
373800,R20,42.64,1790,1397,0.743,grid,3,41,2,115,175,135,5,12,16.1,4.3,47.5,17.4,0.96,end,,1.2,0,0,0,1800,False,False
373811,AR2A,38.71,1736,1643,0.591,grid,3,2,0,400,220,180,5,5,16.8,0.0,12.1,42.3,0.05,start,,2.9,77,0,0,1746,False,False
373829,AR2A,22.94,1615,778,0.795,ladder,2,1,0,530,165,125,5,1,20.6,0.0,8.9,57.3,0.04,end,,5.1,0,95,0,1544,True,True
373870,RS80,38.78,2363,913,0.784,ladder,2,2,0,400,200,160,5,9,18.7,0.0,9.5,27.4,0.05,start,,3.1,117,0,0,2373,False,False
373872,R20,5.38,1043,340,0.662,spine,1,4,0,170,120,80,1,1,21.1,6.3,35.4,26.9,0.74,end,,1.4,0,0,0,976,False,False
373875,AR2A,20.02,1547,971,0.58,ladder,2,1,0,410,215,175,3,1,13.1,0.0,10.0,53.1,0.05,start,,14.7,0,364,113554,1557,True,False
373907,RS40,16.06,1476,845,0.561,ladder,2,3,0,225,180,140,4,1,20.6,0.0,17.3,53.7,0.19,end,,3.4,0,0,0,1486,False,False
373908,AR2A,35.32,2231,1425,0.484,grid,3,0,0,425,205,165,6,2,19.9,0.0,0.0,61.6,0.0,both,,7.7,124,0,0,2241,False,False
373911,R20,12.6,1536,387,0.924,spine,1,13,0,140,145,105,1,4,13.9,5.4,48.1,12.8,1.03,start,,5.1,0,76,29623,1351,True,False
373928,R25,5.17,1073,379,0.554,spine,1,3,0,180,140,90,1,2,16.0,6.5,33.3,22.5,0.58,both,,0.0,0,0,0,1083,False,False
373934,R20,19.19,1922,710,0.613,ladder,2,18,1,155,130,90,5,2,20.8,5.3,44.9,20.5,0.94,end,,4.1,82,0,0,1932,False,False
373986,R20,12.25,1310,452,0.9,spine,1,14,0,115,175,135,1,4,13.6,2.7,53.2,15.3,1.14,start,,0.0,0,0,0,1243,False,False
374044,AR2A,30.94,1966,1251,0.548,grid,3,0,0,485,180,140,6,0,21.9,0.0,0.0,78.1,0.0,both,,0.0,0,0,0,1976,False,False
374046,AR2A,88.4,4288,1862,0.482,grid,4,12,0,425,205,165,11,9,19.7,0.0,27.1,32.9,0.14,both,,0.0,0,0,0,4298,False,False
374048,AR2A,23.84,1317,1299,0.607,ladder,2,0,0,400,220,180,5,2,15.6,0.0,0.0,64.9,0.0,side,,0.0,0,0,0,1327,False,False
374097,AR2A,40.54,3812,565,0.82,spine,1,4,1,400,220,180,1,5,11.0,0.0,22.4,32.5,0.1,start,,5.9,205,0,0,3765,False,False
374152,AR2A,78.95,3809,1574,0.574,grid,3,9,1,400,220,180,9,6,16.4,0.0,24.3,36.9,0.11,start,,6.7,217,0,0,3819,False,False
374189,AR2A,26.62,1739,987,0.675,ladder,2,2,0,410,215,175,5,0,17.7,0.0,15.2,57.0,0.08,side,,11.3,284,163,28525,1619,True,False
374220,R20,7.59,736,668,0.673,ladder,2,3,0,170,120,80,3,2,22.9,3.1,18.3,42.7,0.4,both,,0.5,0,0,0,746,False,False
374225,R20,5.07,582,424,0.895,spine,1,5,0,125,160,120,1,0,13.4,5.1,46.5,22.9,0.99,end,,13.8,72,0,0,592,False,False
374325,AR2A,22.56,2031,822,0.589,ladder,2,0,0,500,175,135,5,0,20.3,0.0,0.0,78.3,0.0,start,,2.3,157,0,0,2041,False,False
374352,AR2A,50.69,2350,1663,0.565,grid,3,3,3,400,220,180,6,11,16.6,0.0,12.6,24.3,0.06,start,,2.5,0,0,0,2360,False,False
374371,R20,8.88,972,569,0.7,spine,1,9,2,115,175,135,1,1,11.8,4.8,56.0,20.9,1.01,end,,0.0,0,0,0,905,False,False
374399,AR2A,28.29,1807,870,0.784,ladder,2,0,0,460,190,150,5,1,19.7,0.0,0.0,72.6,0.0,start,,2.3,0,0,0,1817,False,False
374402,RS80,37.94,2027,1259,0.647,grid,3,4,0,445,180,140,6,6,20.5,0.0,19.2,30.2,0.11,end,,1.7,0,0,0,2037,False,False
374424,AR2A,24.57,2306,771,0.602,ladder,2,0,0,530,165,125,5,1,19.3,0.0,0.0,71.1,0.0,both,,3.0,214,0,0,2316,False,False
374429,R20,6.7,816,502,0.713,spine,1,6,1,115,175,135,1,1,14.2,4.7,46.8,26.3,0.9,both,,0.0,0,0,0,826,False,False
374466,AR2A,23.54,3241,459,0.689,spine,1,2,0,440,200,160,1,5,17.0,0.0,17.2,23.1,0.08,end,,0.6,0,0,0,3194,False,False
374469,AR2A,28.19,3058,776,0.517,ladder,2,0,0,530,165,125,6,0,21.4,0.0,0.0,70.9,0.0,end,,10.0,269,0,0,3068,False,False
374476,R20,7.73,834,545,0.741,spine,1,4,2,115,175,135,1,1,13.7,1.9,26.9,40.9,0.52,start,,9.3,0,0,0,767,False,False
374480,AR2A,69.37,2266,1874,0.712,grid,4,6,0,425,205,165,7,11,18.1,0.0,17.4,30.7,0.09,end,,2.7,180,0,0,2276,False,False
374484,R20,5.84,852,566,0.528,spine,1,4,0,115,175,135,1,1,10.5,4.1,38.0,37.3,0.68,end,,0.4,0,7,26595,719,True,False
374487,R20,10.9,1064,500,0.893,spine,1,12,1,115,175,135,1,4,11.1,6.3,58.3,4.9,1.1,both,,0.0,0,0,0,1074,False,False
374488,R20,4.63,1121,495,0.364,spine,1,3,0,115,175,135,1,1,7.4,3.4,33.1,44.9,0.65,end,,0.0,0,0,0,1054,False,False
374520,R20,16.85,1295,720,0.787,ladder,2,13,0,150,135,95,4,6,20.4,5.6,36.4,20.0,0.77,end,,0.8,0,55,9136,1305,True,False
374521,R25,23.45,2044,989,0.505,ladder,2,5,0,130,195,145,2,2,5.1,1.8,12.2,57.7,0.21,start,,18.3,0,942,434335,2054,True,False
374562,R20,5.07,862,535,0.479,spine,1,6,1,115,175,135,1,1,5.4,7.0,65.2,11.3,1.18,end,,0.0,0,0,0,795,False,False
374653,AR2A,30.07,2085,871,0.722,ladder,2,1,0,460,190,150,5,9,16.9,0.0,6.7,17.6,0.03,both,,0.0,0,0,0,2095,False,False
374660,R20,5.32,569,502,0.81,spine,1,5,1,115,175,135,1,1,12.8,4.5,49.2,23.2,0.94,both,,0.1,0,0,0,579,False,False
374667,R20,4.53,1580,198,0.631,single_loaded,1,0,0,145,140,100,1,0,21.5,0.0,0.0,77.7,0.0,end,,0.9,0,0,0,1533,False,False
374681,R20,6.34,1034,452,0.591,spine,1,5,0,115,175,135,1,2,17.9,5.8,37.0,24.4,0.79,start,,0.0,0,0,0,967,False,False
374712,AR2A,63.14,2868,1478,0.649,grid,4,0,0,565,155,115,8,1,23.4,0.0,0.0,67.0,0.0,end,,7.6,337,0,0,2878,False,True
374740,AR2A,22.63,3173,885,0.351,ladder,2,0,0,460,190,150,6,1,19.6,0.0,0.0,66.1,0.0,both,,6.2,0,0,0,3183,False,False
374745,R20,4.77,863,315,0.764,spine,1,3,0,185,110,70,1,1,21.3,7.1,29.2,26.5,0.63,both,,6.1,0,0,0,873,False,False
374858,RS80,107.81,4097,2403,0.477,grid,5,0,0,385,210,170,11,24,18.6,0.0,0.0,35.1,0.0,start,,5.3,0,472,48462,4107,True,False
374881,R20,8.61,1000,685,0.548,ladder,2,6,0,160,125,85,2,0,12.8,3.6,31.9,45.0,0.7,end,,6.7,0,112,76006,1010,True,False
374913,R20,16.53,1931,828,0.45,ladder,2,15,0,125,160,120,4,2,18.6,3.6,42.4,29.8,0.91,both,,0.0,0,0,0,1941,False,False
374921,R20,9.64,848,597,0.83,ladder,2,7,0,195,105,65,3,4,22.5,5.8,34.6,17.4,0.73,both,,0.0,0,0,0,858,False,False
374931,R20,5.07,1016,342,0.634,spine,1,5,0,170,120,80,1,1,20.3,7.9,46.9,15.4,0.99,end,,0.0,0,0,0,949,False,False
374934,AR2A,20.88,2238,948,0.429,ladder,2,1,0,425,205,165,5,5,17.3,0.0,9.6,26.1,0.05,both,,0.0,0,0,0,2248,False,False
374937,AR2A,20.02,1618,780,0.691,ladder,2,0,0,530,165,125,4,3,18.4,0.0,0.0,52.9,0.0,both,,0.0,0,0,0,1628,False,False
374970,RS20,5.43,856,448,0.617,spine,1,5,0,115,175,135,1,1,13.9,4.5,42.3,30.7,0.92,end,,0.0,0,0,0,789,False,False
375007,R25,9.21,970,626,0.66,spine,1,6,0,130,195,145,1,2,10.8,4.0,45.2,25.4,0.65,end,,0.0,0,0,0,903,False,False
375021,AR2A,25.1,1715,921,0.692,ladder,2,0,0,440,200,160,4,5,16.3,0.0,0.0,44.1,0.0,end,,0.0,0,0,0,1725,False,False
375022,RS10,2.33,637,169,0.945,single_loaded,1,5,0,95,110,70,1,1,30.3,0.0,53.1,5.9,2.14,end,,0.0,0,0,0,647,False,False
375070,AR2A,26.01,1996,735,0.772,ladder,2,0,0,565,155,115,5,3,21.8,0.0,0.0,52.3,0.0,start,,3.8,134,0,0,2006,False,False
375075,R20,4.3,1521,162,0.758,single_loaded,1,0,0,195,105,65,1,1,25.7,0.0,0.0,64.2,0.0,end,,0.0,0,0,0,1474,False,False
375106,AR2A,33.05,1532,1379,0.681,grid,3,3,0,440,200,160,5,7,18.0,0.0,18.3,17.6,0.09,end,,3.1,22,0,0,1542,False,False
375123,R20,20.74,1130,1083,0.738,grid,3,19,0,150,135,95,4,8,16.4,5.0,43.3,13.6,0.92,end,,3.2,0,119,37153,1140,True,True
375144,R20,32.64,1908,1731,0.431,grid,4,27,0,115,175,135,8,8,23.3,2.8,38.5,23.4,0.83,side,,0.6,0,64,9651,1918,True,False
375295,AR2A,24.08,1361,1190,0.648,ladder,2,2,0,400,220,180,5,1,16.5,0.0,19.3,51.2,0.08,side,,6.3,368,0,0,1371,False,False
375327,AR2A,42.06,2554,1256,0.571,grid,3,0,0,485,180,140,7,1,19.3,0.0,0.0,72.5,0.0,start,,3.6,0,164,50671,2564,True,False
375342,R20,5.23,638,434,0.822,spine,1,5,1,125,165,125,1,1,13.4,4.4,46.0,21.7,0.96,end,,5.2,0,0,0,648,False,False
375367,R20,6.55,743,450,0.853,spine,1,6,0,115,175,135,1,0,13.5,4.7,42.9,22.3,0.92,start,,17.9,71,0,0,676,False,False
375478,RS15,3.47,,,0.543,,,0,,,,,,,,,,,,,parcel_mostly_in_flood_hazard_or_wetland,96.0,,,,,False,False
375530,R10,2.21,372,270,0.96,spine,1,3,0,120,85,45,2,2,26.8,10.4,32.4,8.6,1.36,side,,0.0,0,0,0,382,False,False
375714,R20,139.41,3897,1675,0.93,grid,4,148,6,125,165,125,10,38,19.1,4.3,51.3,8.8,1.06,both,,3.9,466,0,0,3907,False,False
375719,RS15,3.33,551,314,0.839,spine,1,4,0,145,105,65,1,2,17.6,10.9,43.3,6.3,1.2,both,,0.0,0,0,0,561,False,False
375735,RS15,4.05,580,319,0.955,spine,1,4,0,140,110,70,1,2,17.1,9.4,35.2,16.7,0.99,end,,3.9,0,37,8747,479,True,False
375787,R10,12.92,1013,601,0.924,ladder,2,21,0,100,105,65,4,7,23.3,5.2,40.0,18.1,1.63,side,,0.0,0,0,0,1023,False,False
375805,RS15,4.44,1069,212,0.854,single_loaded,1,7,0,100,150,110,1,2,18.4,0.0,56.6,8.8,1.58,both,,0.0,0,0,0,1079,False,False
375814,RS15,4.06,661,274,0.978,spine,1,5,0,145,105,65,1,2,20.5,0.0,44.4,17.7,1.23,start,,0.0,0,0,0,671,False,False
375815,RS15,4.55,,,0.788,,,0,,,,,,,,,,,,,parcel_mostly_in_flood_hazard_or_wetland,100.0,,,,,False,False
375833,RS15,5.21,837,362,0.749,spine,1,8,0,120,130,90,1,1,16.0,8.9,56.0,12.0,1.54,end,,0.0,0,0,0,770,False,False
376016,RS15,13.39,1503,418,0.928,spine,1,23,0,100,150,110,1,4,13.2,8.7,63.6,3.4,1.72,both,,0.0,0,0,0,1513,False,False
376196,RS15,3.24,859,167,0.985,single_loaded,1,4,0,140,110,70,1,1,33.4,0.0,44.1,11.3,1.24,end,,0.1,0,0,0,812,False,False
376236,RS15,6.26,789,402,0.859,spine,1,8,0,100,150,110,1,1,15.7,5.0,44.8,22.7,1.28,start,,7.0,0,0,0,722,False,False
376253,RS15,44.91,2219,1196,0.737,grid,3,60,3,100,150,110,6,18,18.8,4.5,47.2,14.4,1.34,both,,1.0,0,0,0,2229,False,False
376263,RS15,7.76,1181,410,0.699,spine,1,10,0,100,150,110,1,3,11.5,7.4,46.2,16.3,1.29,start,,4.7,0,0,0,1114,False,False
376344,RS15,3.36,906,175,0.926,single_loaded,1,2,1,135,115,75,1,0,25.8,0.0,21.2,33.4,0.59,end,,19.7,0,9,1339,842,True,False
376448,RS15,8.28,1238,723,0.403,ladder,2,8,1,115,135,95,4,1,23.5,3.2,34.2,29.2,0.97,both,,6.7,68,0,0,1248,False,False
376485,RS15,5.06,902,254,0.961,spine,1,8,0,160,95,55,1,2,22.7,0.0,57.4,5.5,1.58,end,,0.0,0,0,0,855,False,False
376502,RS15,3.68,654,281,0.874,spine,1,4,0,170,90,50,1,2,20.4,9.7,38.7,11.8,1.09,end,,0.0,0,0,0,664,False,False
376525,RS15,23.41,2032,1732,0.29,grid,4,33,2,100,150,110,5,1,15.2,4.3,51.1,27.5,1.41,start,,0.0,0,0,0,2042,False,False
376527,RS15,4.25,1070,177,0.977,single_loaded,1,6,0,125,120,80,1,1,28.6,0.0,49.3,6.2,1.41,start,,7.6,0,80,1580,934,True,False
376552,R10,4.72,558,520,0.709,ladder,2,11,0,120,85,45,3,1,24.1,9.5,56.0,5.1,2.33,end,,0.0,0,0,0,568,False,False
376557,R10,2.98,627,221,0.936,spine,1,2,0,125,80,40,1,1,20.3,0.0,15.7,28.5,0.67,end,,27.5,0,162,1591,396,True,False
376624,RS15,5.59,1474,179,0.923,single_loaded,1,8,0,125,120,80,1,1,27.4,0.0,50.7,10.9,1.43,end,,7.5,144,0,0,1427,False,False
376740,RS15,5.67,1020,290,0.835,spine,1,5,0,160,95,55,1,1,22.2,7.4,31.4,18.8,0.88,end,,14.6,0,0,0,953,False,False
376742,RS15,6.81,1010,334,0.881,spine,1,7,0,135,115,75,1,0,11.7,5.3,37.6,10.9,1.03,start,,34.5,0,312,7544,547,True,False
376769,RS15,15.47,1814,460,0.807,spine,1,3,0,100,150,110,1,1,4.4,1.2,8.1,33.1,0.19,start,,50.6,0,1224,179178,514,True,False
376914,R8,2.9,708,323,0.553,spine,1,1,0,75,110,70,1,0,23.0,0.4,6.6,37.7,0.34,start,,32.3,0,0,0,718,False,False
376916,RS15,4.81,929,252,0.896,spine,1,4,0,160,95,55,1,2,23.4,0.0,29.6,24.1,0.83,end,,11.4,124,0,0,882,False,False
376918,RS15,3.3,552,362,0.718,spine,1,3,0,120,130,90,1,2,13.9,7.3,33.4,23.1,0.91,start,,0.0,0,0,0,562,False,False
376933,RS15,5.23,819,455,0.611,spine,1,7,0,100,150,110,1,2,13.6,7.8,54.9,7.9,1.34,both,,0.0,0,0,0,829,False,False
377035,RS15,3.92,1451,337,0.349,spine,1,0,0,125,120,80,1,0,3.8,0.0,0.0,30.8,0.0,start,,65.4,0,216,17315,389,True,False
377090,R10,3.05,545,353,0.691,spine,1,4,0,85,120,80,1,0,17.3,5.1,32.8,22.3,1.31,start,,26.9,110,0,0,555,False,True
377105,RS15,5.61,1008,251,0.964,spine,1,9,0,160,95,55,1,2,23.0,0.0,57.0,7.2,1.61,start,,0.0,0,0,0,961,False,False
377180,RS15,7.31,833,646,0.592,ladder,2,9,0,135,115,75,3,2,19.9,4.4,44.3,21.0,1.23,end,,0.0,0,0,0,843,False,False
377191,RS15,4.91,791,274,0.986,spine,1,6,0,145,105,65,1,2,21.4,0.0,43.8,20.2,1.22,end,,0.0,0,0,0,744,False,False
377194,RS80,33.86,2688,613,0.896,spine,1,8,4,365,220,180,1,2,9.8,0.0,48.9,24.6,0.24,start,,4.1,75,0,0,2641,False,False
377395,RS15,25.86,2051,603,0.911,ladder,2,38,0,145,105,65,5,10,22.3,5.9,52.8,4.9,1.47,start,,0.0,0,0,0,2061,False,False
377396,RS15,5.03,1292,192,0.884,single_loaded,1,8,0,115,135,95,1,2,22.8,0.0,56.5,6.5,1.59,end,,0.0,0,0,0,1245,False,False
377471,R10,13.01,1001,943,0.6,grid,3,20,1,90,115,75,4,6,23.4,4.4,36.7,24.3,1.54,both,,0.0,0,0,0,1011,False,False
377485,RS15,5.48,1302,220,0.832,single_loaded,1,10,0,100,150,110,1,2,13.2,0.0,68.7,4.2,1.83,end,,0.0,0,0,0,1255,False,False
377521,RS15,5.53,1062,617,0.368,ladder,2,2,0,140,110,70,3,2,23.9,2.4,12.8,47.4,0.36,both,,0.7,0,0,0,1072,False,False
377537,RS15,3.42,711,315,0.664,spine,1,4,0,145,105,65,1,1,20.3,8.3,42.1,18.5,1.17,start,,0.0,0,0,0,721,False,False
377543,RS15,3.26,507,285,0.983,spine,1,2,0,170,90,50,2,2,23.6,9.3,22.7,21.7,0.61,side,,0.0,0,0,0,517,False,False
377766,RS15,5.18,713,469,0.674,spine,1,7,1,100,150,110,1,1,10.3,5.5,56.8,19.1,1.35,end,,0.0,0,0,0,723,False,False
377850,RS15,8.94,790,513,0.961,spine,1,11,0,100,150,110,1,2,10.9,6.7,53.6,15.4,1.23,both,,4.1,0,0,0,800,False,False
377900,RS15,3.37,854,339,0.506,spine,1,3,0,125,120,80,1,1,16.4,6.7,31.2,35.3,0.89,start,,0.0,0,0,0,787,False,False
377966,RS15,3.45,690,479,0.455,spine,1,3,0,100,150,110,1,0,6.8,3.8,37.7,51.7,0.87,end,,0.0,0,0,0,700,False,False
377988,RS15,4.19,658,279,0.996,spine,1,4,0,170,90,50,1,2,19.8,11.0,34.2,18.0,0.95,start,,0.0,0,0,0,668,False,False
378006,RS7.5,2.48,489,345,0.641,spine,1,6,2,75,105,65,1,1,16.8,5.4,48.9,11.8,2.42,start,,8.4,0,0,0,499,False,False
378120,RS15,22.08,1654,1367,0.425,grid,4,19,0,120,130,90,6,8,23.8,4.1,30.8,26.2,0.86,both,,2.6,0,0,0,1664,False,False
378129,RS15,3.57,827,211,0.888,single_loaded,1,5,0,100,150,110,1,1,22.8,0.0,49.1,18.3,1.4,end,,0.0,0,0,0,780,False,False
378163,RS15,3.31,638,243,0.929,spine,1,3,0,170,90,50,1,2,23.9,0.0,32.9,21.4,0.91,both,,0.0,0,0,0,648,False,False
378209,RS15,3.97,805,268,0.803,spine,1,5,0,145,105,65,1,2,20.7,0.0,44.1,18.4,1.26,start,,0.0,0,0,0,758,False,False
378502,RS15,3.36,876,169,0.987,single_loaded,1,4,0,140,110,70,1,1,32.5,0.0,43.7,12.9,1.19,start,,0.0,0,0,0,829,False,False
378587,R10,13.59,926,791,0.808,grid,3,23,0,115,90,50,4,6,24.4,7.5,40.6,14.2,1.69,start,,2.7,0,76,9155,936,True,True
378640,RS80,75.9,1916,1782,0.968,grid,3,12,0,365,220,180,6,14,13.9,0.0,30.9,18.4,0.16,end,,0.1,0,0,0,1926,False,False
378732,RS15,3.24,949,150,0.993,single_loaded,1,4,0,170,90,50,1,1,37.4,0.0,45.5,5.7,1.24,end,,0.0,0,0,0,902,False,False
378745,RS15,4.87,756,319,0.881,spine,1,5,0,140,110,70,1,2,18.0,8.8,36.5,22.0,1.03,start,,0.0,0,0,0,689,False,False
378757,RS15,3.37,1013,227,0.64,single_loaded,1,5,0,100,150,110,1,1,16.6,0.0,58.2,13.5,1.48,both,,0.0,0,0,0,1023,False,False
378869,RS15,5.92,1043,275,0.898,spine,1,3,0,170,90,50,1,1,22.7,0.6,17.6,29.5,0.51,end,,26.6,129,0,0,976,False,False
378968,RS15,4.8,886,471,0.501,spine,1,5,1,100,150,110,1,1,11.7,5.0,43.4,31.0,1.04,start,,0.0,0,0,0,819,False,False
378991,RS15,3.41,880,171,0.986,single_loaded,1,5,0,135,115,75,1,1,32.2,0.0,52.5,4.7,1.47,start,,0.0,0,0,0,833,False,False
378997,RS15,5.08,714,447,0.695,spine,1,6,2,100,150,110,1,1,14.3,4.2,45.6,28.0,1.18,start,,0.0,0,0,0,724,False,False
379079,R20,112.29,3295,1897,0.783,grid,4,114,2,115,175,135,9,24,17.4,4.2,49.3,15.4,1.02,start,,4.2,787,0,0,3305,False,False
379130,R10,2.7,636,369,0.501,spine,1,0,0,85,120,80,1,0,0.0,0.0,0.0,24.0,0.0,end,,76.0,0,342,27252,-37,True,True
379153,RS15,7.79,690,537,0.916,ladder,2,8,0,170,90,50,3,3,23.2,7.3,36.8,19.2,1.03,both,,0.0,0,0,0,700,False,False
379344,RS15,4.19,591,380,0.811,spine,1,6,0,110,140,100,1,1,17.7,8.4,51.5,13.8,1.43,end,,0.0,0,0,0,601,False,False
379360,RS15,4.74,806,340,0.753,spine,1,6,0,125,120,80,1,1,19.6,7.3,44.3,21.4,1.27,both,,0.0,0,0,0,816,False,False
379430,RS15,4.69,672,326,0.932,spine,1,5,0,135,115,75,1,2,17.9,7.3,38.2,21.7,1.07,end,,0.0,0,0,0,682,False,False
379578,RS15,5.08,843,267,0.985,spine,1,5,0,145,105,65,1,2,21.8,0.0,34.4,13.9,0.98,end,,18.5,134,0,0,796,False,True
379713,RS15,9.44,1089,768,0.492,ladder,2,7,1,105,145,105,3,2,20.0,2.2,26.0,42.8,0.74,start,,3.6,118,0,0,1099,False,True
379766,RS15,4.07,969,213,0.861,single_loaded,1,5,0,100,150,110,1,1,29.5,0.0,44.5,17.8,1.23,end,,0.0,0,0,0,922,False,False
379810,RS15,3.31,892,171,0.945,single_loaded,1,5,0,135,115,75,1,1,29.4,0.0,54.1,5.6,1.51,end,,0.0,0,0,0,845,False,False
379811,RS15,5.63,900,394,0.691,spine,1,9,0,105,145,105,1,1,12.7,6.8,57.4,16.7,1.6,both,,0.0,0,0,0,910,False,False
379841,RS15,5.24,1033,289,0.764,spine,1,6,0,160,95,55,1,1,22.5,7.1,40.4,23.2,1.14,start,,0.0,0,0,0,966,False,False
379920,RS15,4.31,604,325,0.955,spine,1,6,0,135,115,75,1,2,17.4,9.5,49.4,7.2,1.39,both,,0.0,0,0,0,614,False,False
379988,RS15,5.35,827,289,0.977,spine,1,8,0,160,95,55,1,2,19.2,12.8,52.9,1.8,1.5,both,,0.0,0,0,0,837,False,False
380041,R10,2.81,442,362,0.764,spine,1,0,0,85,120,80,1,0,0.0,0.0,0.0,42.7,0.0,start,,57.3,0,201,52187,-34,True,False
380045,RS15,7.99,851,441,0.927,spine,1,12,0,100,150,110,1,2,13.3,6.6,59.2,10.9,1.5,end,,0.0,0,0,0,784,False,False
380152,RS15,5.33,1387,234,0.715,single_loaded,1,6,0,100,150,110,1,1,6.8,0.0,45.9,39.6,1.12,start,,0.0,0,0,0,1340,False,False
380157,RS15,5.05,994,414,0.534,spine,1,6,0,100,150,110,1,1,6.9,4.7,42.8,39.1,1.19,end,,0.0,0,0,0,927,False,False
380169,R8,4.7,757,361,0.75,spine,1,14,5,75,110,70,1,0,19.5,2.3,64.7,13.5,2.98,both,,0.0,0,0,0,767,False,False
380204,RS15,4.15,1014,304,0.588,spine,1,4,0,150,100,60,1,0,15.1,6.0,34.6,44.4,0.96,both,,0.0,0,0,0,1024,False,False
380238,RS15,4.96,1339,323,0.5,spine,1,4,0,140,110,70,1,2,14.8,7.4,29.3,33.8,0.81,end,,0.0,0,0,0,1272,False,False
380270,RS15,5.12,816,310,0.882,spine,1,6,0,145,105,65,1,2,18.5,9.3,41.5,16.8,1.17,end,,0.0,0,0,0,749,False,False
380287,RS15,3.16,769,289,0.618,spine,1,2,0,160,95,55,1,1,22.4,6.6,22.5,37.2,0.63,end,,0.0,0,0,0,702,False,False
380320,RS15,6.39,679,621,0.659,ladder,2,7,2,140,110,70,3,0,24.0,3.7,38.9,31.1,1.1,start,,2.3,0,20,10446,689,True,True
380334,RS15,17.92,1283,1229,0.495,grid,3,20,3,100,150,110,5,6,18.6,3.4,41.6,22.6,1.12,start,,1.3,0,23,2228,1293,True,True
380343,RS15,5.18,1063,251,0.845,spine,1,7,0,160,95,55,1,3,22.1,0.0,48.1,9.3,1.35,start,,0.0,0,0,0,1016,False,False
380512,RS15,12.18,1210,705,0.622,ladder,2,12,0,120,130,90,4,4,20.7,5.6,36.2,18.7,0.99,end,,7.3,15,0,0,1220,False,False
380608,RS15,3.96,527,437,0.749,spine,1,3,0,100,150,110,1,2,13.8,4.8,29.5,32.8,0.76,both,,0.0,0,0,0,537,False,False
380622,RS15,4.46,1417,184,0.744,single_loaded,1,1,0,120,125,85,1,0,22.4,0.0,7.6,58.1,0.22,end,,15.8,158,0,0,1370,False,True
380665,RS15,4.08,561,465,0.681,spine,1,3,1,100,150,110,1,2,11.5,1.4,29.2,37.5,0.74,both,,0.0,0,0,0,571,False,False
380666,RS15,4.59,1002,377,0.53,spine,1,4,0,110,140,100,1,0,23.5,4.0,30.8,34.5,0.87,start,,7.1,0,0,0,935,False,False
380709,RS15,3.96,677,322,0.792,spine,1,4,0,140,110,70,1,1,19.7,7.1,36.0,28.0,1.01,end,,0.0,0,0,0,687,False,False
380759,RS15,3.18,665,212,0.983,single_loaded,1,5,0,100,150,110,1,1,26.4,0.0,55.5,6.9,1.57,start,,0.0,0,0,0,675,False,False
380761,RS15,4.78,823,256,0.989,spine,1,8,0,150,100,60,1,2,22.7,0.0,57.5,5.3,1.67,start,,0.0,0,0,0,776,False,False
380818,RS80,28.14,2340,618,0.848,spine,1,3,0,365,220,180,1,6,8.5,0.0,23.1,20.5,0.11,start,,2.0,0,0,0,2293,False,False
380910,RS15,8.88,1042,380,0.977,spine,1,14,0,110,140,100,1,2,14.9,8.3,56.4,12.2,1.58,end,,0.0,0,0,0,975,False,False
380912,R10,3.78,695,345,0.687,spine,1,6,0,85,120,80,1,2,11.6,7.7,38.6,29.2,1.59,both,,0.0,0,0,0,705,False,False
380962,RS10,5.06,,,0.565,,,0,,,,,,,,,,,,,parcel_mostly_in_flood_hazard_or_wetland,92.4,,,,,False,False
380978,RS15,10.07,1297,442,0.766,spine,1,14,3,100,150,110,1,2,12.3,5.1,54.4,20.3,1.39,start,,0.2,0,0,0,1230,False,False
381066,RS15,8.67,1101,595,0.576,ladder,2,6,0,145,105,65,3,5,23.4,4.5,24.0,28.3,0.69,end,,0.0,0,0,0,1111,False,False
381068,RS10,5.2,597,429,0.884,spine,1,10,3,85,120,80,1,2,14.2,5.6,57.0,11.5,1.92,both,,0.0,0,0,0,607,False,False
381084,RS80,70.75,2772,1471,0.756,grid,3,11,0,375,215,175,7,6,17.3,0.0,29.0,33.8,0.16,start,,5.3,594,0,0,2782,False,False
381097,RS15,4.93,1216,193,0.914,single_loaded,1,8,0,115,135,95,1,2,24.2,0.0,58.9,2.1,1.62,end,,0.0,0,0,0,1169,False,False
381131,RS15,4.72,1355,293,0.517,spine,1,5,0,160,95,55,1,0,17.1,7.0,38.0,27.7,1.06,start,,14.4,164,0,0,1288,False,True
381229,RS15,3.27,514,301,0.918,spine,1,3,0,150,100,60,1,2,19.5,9.9,32.4,16.4,0.92,start,,0.0,0,0,0,524,False,False
381252,RS15,4.74,656,488,0.646,spine,1,3,0,100,150,110,1,1,14.8,3.7,27.6,34.9,0.63,end,,11.1,31,0,0,666,False,False
381396,RS15,5.42,842,502,0.559,spine,1,6,1,100,150,110,1,1,13.9,4.3,46.7,27.4,1.11,both,,0.0,0,0,0,852,False,False
381415,RS15,3.64,881,182,0.988,single_loaded,1,5,0,120,125,85,1,1,30.4,0.0,48.0,12.0,1.37,start,,0.0,0,0,0,834,False,False
381446,RS15,4.72,983,421,0.497,spine,1,1,1,100,150,110,1,0,20.9,0.0,7.4,68.6,0.21,end,,3.1,0,0,0,916,False,False
381490,RS15,3.99,1367,265,0.481,spine,1,4,0,150,100,60,1,2,17.4,0.0,35.7,29.1,1.0,end,,0.0,0,0,0,1320,False,False
381574,R10,3.07,451,423,0.7,spine,1,6,3,85,120,80,1,1,13.0,5.5,56.1,15.7,1.96,both,,0.0,0,0,0,461,False,False
381809,RS15,5.65,799,348,0.885,spine,1,6,0,120,125,85,1,2,17.9,5.7,36.8,27.2,1.06,start,,0.0,0,0,0,732,False,False
381827,RS15,3.46,877,178,0.965,single_loaded,1,5,0,125,120,80,1,1,29.2,0.0,50.8,9.8,1.45,end,,0.0,0,0,0,830,False,False
381868,R10,10.81,1003,647,0.726,ladder,2,18,0,90,115,75,3,4,20.2,6.4,40.5,14.7,1.66,end,,9.4,28,78,7889,1013,True,True
381871,RS15,4.58,598,476,0.701,spine,1,5,1,100,150,110,1,1,11.0,3.2,46.2,30.4,1.09,end,,0.0,0,0,0,608,False,False
382117,R10,3.03,579,252,0.903,spine,1,4,0,135,75,35,1,0,19.1,6.2,31.7,17.4,1.32,end,,25.6,0,115,444,395,True,False
382118,RS15,5.1,1073,445,0.466,spine,1,5,4,100,150,110,1,0,22.2,0.8,35.4,41.6,0.98,start,,0.0,0,0,0,1006,False,False
382124,RS15,5.56,1026,329,0.717,spine,1,6,0,135,115,75,1,1,21.2,6.8,38.8,26.7,1.08,end,,0.0,0,0,0,959,False,False
382131,RS15,4.08,762,376,0.621,spine,1,5,0,110,140,100,1,1,15.8,6.5,43.3,25.6,1.23,start,,0.0,0,0,0,695,False,False
382237,RS15,5.46,667,542,0.658,spine,1,7,2,100,150,110,1,1,14.4,4.3,53.8,19.5,1.28,end,,0.0,0,0,0,677,False,False
382238,RS15,4.31,614,328,0.933,spine,1,4,0,135,115,75,1,0,17.8,4.7,33.0,32.8,0.93,end,,14.1,80,0,0,624,False,False
382387,RS15,3.56,475,448,0.729,spine,1,3,1,100,150,110,1,2,14.4,3.8,32.1,26.9,0.84,start,,0.0,0,0,0,485,False,False
382470,RS15,7.17,1154,296,0.915,spine,1,8,0,150,100,60,1,4,20.1,8.0,38.6,14.2,1.12,start,,0.0,0,0,0,1087,False,False
382511,RS15,9.2,803,591,0.845,ladder,2,9,0,145,105,65,4,3,27.1,5.5,34.2,21.8,0.98,side,,0.0,0,0,0,813,False,False
382551,RS15,3.49,676,316,0.713,spine,1,4,0,140,110,70,1,1,18.6,8.8,40.4,22.0,1.14,end,,0.0,0,0,0,686,False,False
382700,RS15,4.51,1004,204,0.96,single_loaded,1,7,0,105,145,105,1,1,26.7,0.0,55.5,9.9,1.55,end,,0.0,0,0,0,957,False,False
382757,RS15,6.27,1004,284,0.958,spine,1,8,0,170,90,50,1,2,20.7,8.6,47.1,10.3,1.28,start,,1.6,0,0,0,937,False,False
382832,RS15,5.37,1069,246,0.887,spine,1,7,0,160,95,55,1,4,22.4,0.0,45.7,5.8,1.3,end,,0.0,0,0,0,1022,False,False
382875,RS15,6.67,1400,382,0.543,spine,1,6,0,110,140,100,1,1,20.6,3.7,32.1,38.1,0.9,end,,0.0,0,0,0,1333,False,False
382954,RS15,3.72,648,318,0.786,spine,1,4,0,140,110,70,1,2,17.5,8.6,38.5,16.9,1.08,end,,0.0,0,0,0,658,False,False
382983,RS15,4.49,,,0.974,,,0,,,,,,,,,,,,,parcel_too_narrow_for_a_street_and_a_lot,,,,,,False,False
383054,RS15,6.83,814,716,0.511,ladder,2,4,0,115,135,95,4,1,26.3,3.9,21.3,43.2,0.59,side,,0.0,0,0,0,824,False,False
383396,RS15,5.34,694,399,0.839,spine,1,5,0,100,150,110,1,2,16.3,5.3,32.7,33.1,0.94,both,,0.0,0,0,0,704,False,False
383493,RS15,5.04,771,371,0.767,spine,1,5,0,115,135,95,1,0,19.3,4.3,35.6,36.0,0.99,start,,6.5,81,0,0,704,False,False
383499,RS15,5.49,852,287,0.979,spine,1,2,0,160,95,55,1,0,7.1,2.0,12.5,42.8,0.36,start,,35.6,0,263,89390,231,True,False
383854,RS15,5.91,1389,210,0.884,single_loaded,1,10,0,100,150,110,1,2,17.9,0.0,59.6,4.3,1.69,end,,6.2,0,0,0,1342,False,False
384124,RS15,3.14,855,204,0.786,single_loaded,1,4,0,105,145,105,1,1,12.4,0.0,45.1,24.9,1.27,end,,7.4,0,0,0,808,False,False
384170,RS15,5.99,1703,276,0.555,spine,1,6,0,170,90,50,1,2,17.4,9.1,35.4,26.3,1.0,end,,0.0,0,0,0,1636,False,False
384284,RS15,5.4,699,490,0.687,spine,1,5,1,100,150,110,2,1,19.0,5.0,39.8,28.1,0.93,side,,0.0,0,0,0,709,False,False
384295,RS15,3.34,509,311,0.92,spine,1,3,0,145,105,65,1,2,17.9,9.7,32.3,18.6,0.9,start,,0.0,0,0,0,519,False,False
384313,RS15,5.02,1228,180,0.99,single_loaded,1,7,0,120,125,85,1,2,31.2,0.0,47.8,7.2,1.39,end,,0.0,0,0,0,1181,False,False
384383,RS10,2.19,367,303,0.857,spine,1,3,0,100,100,60,1,2,20.6,8.5,32.3,16.7,1.37,start,,0.0,0,0,0,377,False,False
384386,RS10,3.75,1182,491,0.281,ladder,2,3,0,125,80,40,3,1,25.7,3.6,18.1,46.6,0.8,both,,0.0,0,0,0,1192,False,False
384820,RS15,5.09,954,300,0.776,spine,1,5,0,150,100,60,1,2,22.3,7.5,34.5,22.3,0.98,start,,0.0,0,0,0,887,False,False
384888,RS15,5.19,1095,362,0.571,spine,1,6,0,120,130,90,1,2,13.2,8.3,42.3,22.1,1.16,both,,0.0,0,0,0,1105,False,False
384893,RS15,4.54,827,251,0.95,spine,1,6,0,160,95,55,1,2,23.7,0.0,46.8,13.8,1.32,start,,0.0,0,0,0,780,False,False
384932,RS15,6.28,1067,265,0.968,spine,1,8,0,150,100,60,1,4,21.7,0.0,45.8,9.7,1.27,start,,0.0,0,0,0,1020,False,False
384935,RS15,10.21,1901,624,0.375,ladder,2,5,0,140,110,70,5,1,28.2,1.8,18.0,48.5,0.49,end,,0.0,0,0,0,1911,False,False
385004,RS15,3.77,843,302,0.646,spine,1,3,0,150,100,60,1,1,22.3,5.9,28.0,31.2,0.79,start,,3.2,0,0,0,776,False,False
385024,RS15,18.15,1214,948,0.687,ladder,2,20,2,100,150,110,5,6,20.2,5.1,43.6,18.5,1.1,side,,0.6,0,0,0,1224,False,False
385490,RS15,5.48,592,441,0.914,spine,1,8,0,100,150,110,1,2,12.6,7.5,58.0,7.4,1.46,start,,0.0,0,0,0,602,False,False
385593,RS15,8.46,1763,294,0.711,spine,1,7,0,160,95,55,1,3,24.3,6.6,30.1,20.4,0.83,end,,8.4,179,0,0,1696,False,False
385619,RS80,20.08,1546,1006,0.562,ladder,2,5,0,365,220,180,5,1,16.7,0.0,46.4,27.7,0.25,side,,0.0,0,0,0,1556,False,False
385735,RS15,4.98,1211,185,0.967,single_loaded,1,8,0,120,130,90,1,1,29.2,0.0,57.3,6.3,1.61,start,,3.6,176,0,0,1164,False,True
385737,RS15,7.24,1086,586,0.495,ladder,2,8,1,150,100,60,3,4,18.5,8.2,39.0,14.5,1.1,both,,0.0,0,0,0,1096,False,False
385766,RS15,4.88,1104,443,0.435,spine,1,3,1,100,150,110,1,0,18.7,0.5,23.0,36.4,0.61,both,,27.5,237,0,0,1114,False,False
385789,RS15,4.1,740,246,0.979,spine,1,4,0,160,95,55,1,2,24.1,0.0,33.9,25.1,0.98,end,,0.2,0,0,0,693,False,False
385872,R8,7.03,788,549,0.708,ladder,2,15,1,90,90,50,3,3,26.0,4.8,41.0,20.0,2.13,both,,0.0,0,0,0,798,False,False
385889,RS15,4.45,1035,225,0.834,single_loaded,1,4,0,100,150,110,1,1,5.6,0.0,34.7,41.0,0.9,start,,10.0,0,105,45694,681,True,False
386007,RS15,7.47,921,377,0.937,spine,1,12,0,110,140,100,1,2,15.7,6.8,56.9,11.1,1.61,end,,0.0,0,0,0,854,False,False
386009,RS15,5.97,1048,513,0.484,spine,1,2,1,100,150,110,1,0,11.2,0.5,13.1,53.5,0.33,both,,22.1,0,0,0,1058,False,False
386136,RS15,5.05,837,268,0.98,spine,1,8,0,145,105,65,1,2,21.8,0.0,55.9,8.3,1.59,start,,0.0,0,0,0,790,False,False
386158,RS15,5.08,840,279,0.946,spine,1,6,0,170,90,50,1,2,21.2,10.9,42.3,11.6,1.18,start,,0.0,0,0,0,773,False,False
386216,RS15,5.61,967,268,0.944,spine,1,8,0,145,105,65,1,2,21.9,0.0,49.7,15.9,1.43,start,,0.0,0,0,0,920,False,False
386242,RS15,5.06,482,467,0.981,spine,1,6,0,100,150,110,1,2,12.0,6.2,50.6,14.4,1.19,start,,0.0,0,0,0,492,False,False
386308,RS15,3.13,452,356,0.847,spine,1,4,0,120,130,90,1,2,15.7,8.7,45.9,6.7,1.28,both,,0.0,0,0,0,462,False,False
386361,AR2A,29.59,1785,1304,0.554,grid,3,0,0,475,185,145,5,6,18.2,0.0,0.0,41.3,0.0,start,,0.0,0,0,0,1795,False,False
386371,RS40,9.89,1068,696,0.579,ladder,2,0,0,280,145,105,3,2,19.0,0.0,0.0,54.4,0.0,start,,8.3,0,0,0,1078,False,False
386404,RS40,8.92,947,496,0.827,spine,1,5,0,185,220,180,1,1,13.9,0.0,51.9,23.8,0.56,end,,0.0,0,0,0,900,False,False
386407,RS40,10.19,1046,490,0.867,spine,1,6,0,190,215,175,1,3,11.6,0.0,54.8,6.2,0.59,start,,0.0,0,0,0,999,False,False
386419,RS40,9.98,840,527,0.982,spine,1,6,0,185,220,180,2,1,13.5,0.0,59.3,17.2,0.6,side,,0.0,0,0,0,850,False,False
386426,RS15,7.64,1285,661,0.392,ladder,2,6,0,125,120,80,4,2,19.5,3.7,27.2,32.4,0.79,end,,8.0,0,65,0,1190,True,False
386427,AR2A,25.32,1592,1302,0.532,grid,3,0,0,475,185,145,5,5,17.0,0.0,0.0,37.8,0.0,start,,6.5,41,84,16173,1602,True,False
386466,AR2A,64.85,2672,1267,0.835,grid,3,2,0,485,180,140,7,6,16.8,0.0,6.2,54.8,0.03,end,,4.0,76,809,223408,2682,True,False
386480,AR2A,47.19,3463,754,0.787,ladder,2,2,0,545,160,120,6,7,15.9,0.0,8.5,37.9,0.04,start,,8.1,0,474,187069,2904,True,False
386483,AR2A,60.58,2546,1280,0.81,grid,3,0,0,475,185,145,7,1,20.5,0.0,0.0,67.9,0.0,end,,9.3,531,0,0,2556,False,False
386502,AR2A,48.9,2309,1230,0.75,grid,3,1,0,500,175,135,6,7,18.4,0.0,4.1,44.4,0.02,start,,4.9,168,96,28451,2319,True,True
386504,AR2A,26.8,1854,870,0.724,ladder,2,1,0,475,185,145,4,1,16.7,0.0,7.5,63.8,0.04,start,,4.3,0,229,144513,1864,True,False
386509,AR2A,38.93,2168,1053,0.743,ladder,2,4,0,400,220,180,5,6,15.8,0.0,21.2,28.6,0.1,start,,2.8,132,0,0,2178,False,True
386517,RS40,8.94,3110,224,0.558,single_loaded,1,0,0,245,165,125,1,1,12.9,0.0,0.0,75.0,0.0,end,,2.0,0,0,0,3063,False,False
386569,RS40,10.04,1895,356,0.648,spine,1,2,0,270,150,110,1,3,20.2,0.0,17.9,35.1,0.2,end,,0.0,0,0,0,1848,False,False
386573,AR2A,21.6,2281,786,0.525,ladder,2,0,0,530,165,125,5,0,20.9,0.0,0.0,77.7,0.0,both,,1.4,0,0,0,2291,False,False
386579,AR2A,28.03,2071,655,0.901,ladder,2,2,0,650,135,95,5,1,21.4,0.0,14.3,55.5,0.07,start,,3.2,196,0,0,2081,False,False
386583,AR2A,93.05,3213,2331,0.541,grid,5,17,0,425,205,165,10,7,18.8,0.0,36.5,27.7,0.18,both,,2.3,111,0,0,3223,False,False
386589,AR2A,43.86,2315,1645,0.502,grid,3,0,0,400,220,180,6,11,18.4,0.0,0.0,31.4,0.0,end,,0.0,0,0,0,2325,False,False
386623,AR2A,41.99,2209,996,0.832,ladder,2,3,0,400,220,180,5,8,16.0,0.0,14.5,30.0,0.07,both,,1.1,0,0,0,2219,False,False
386652,AR2A,26.32,1766,968,0.67,ladder,2,1,0,415,210,170,4,3,16.1,0.0,7.6,41.7,0.04,end,,12.6,0,185,23416,1776,True,False
386656,AR2A,19.73,2622,371,0.884,spine,1,0,0,565,155,115,1,5,16.7,0.0,0.0,34.2,0.0,start,,0.0,0,0,0,2575,False,False
386678,AR2A,19.17,1452,660,0.871,ladder,2,0,0,650,135,95,4,2,20.4,0.0,0.0,59.7,0.0,start,,0.0,0,0,0,1462,False,False
386708,AR2A,21.22,1767,581,0.9,spine,1,4,3,400,220,180,1,4,9.9,0.0,40.8,6.1,0.19,both,,0.0,0,0,0,1777,False,False
386717,RS40,9.36,1454,305,0.921,single_loaded,1,4,0,185,220,180,1,2,16.4,0.0,45.3,10.5,0.43,start,,5.2,0,0,0,1407,False,False
386753,RS40,11.32,751,735,0.894,spine,1,4,0,185,220,180,2,1,11.4,0.0,39.0,36.5,0.35,side,,3.4,0,0,0,761,False,False
386788,AR2A,23.61,1454,1366,0.518,grid,3,0,0,440,200,160,5,1,17.1,0.0,0.0,74.5,0.0,start,,0.0,0,0,0,1464,False,False
386816,AR2A,36.1,3235,748,0.65,ladder,2,3,0,565,155,115,6,0,17.0,0.0,17.1,56.8,0.08,end,,10.9,386,380,185521,3245,True,False
386840,RS40,12.87,1259,447,0.997,spine,1,5,0,210,195,155,1,2,12.8,0.0,35.7,24.3,0.39,end,,16.1,300,0,0,1212,False,False
386870,AR2A,91.83,3520,1768,0.643,grid,4,8,0,460,190,150,9,12,13.8,0.0,17.6,17.0,0.09,end,,25.3,290,2311,151654,3311,True,False
386871,RS40,10.9,1167,695,0.586,ladder,2,3,0,280,145,105,3,3,19.3,0.0,25.9,30.1,0.28,both,,0.0,0,0,0,1177,False,False
386899,AR2A,33.23,2251,1040,0.618,ladder,2,5,1,400,220,180,2,4,10.3,0.0,31.0,17.7,0.15,start,,14.6,0,268,83025,2261,True,True
386909,RS40,605.08,6455,5629,0.725,grid,11,208,3,185,220,180,21,118,18.8,0.0,32.2,28.3,0.34,start,,3.0,1255,606,227620,6465,True,False
386921,AR2A,28.18,2190,893,0.628,ladder,2,2,0,450,195,155,5,6,18.3,0.0,14.2,25.6,0.07,both,,0.0,0,0,0,2200,False,False
386930,RS40,9.75,1254,380,0.891,spine,1,4,0,250,160,120,1,4,15.4,0.0,37.9,10.0,0.41,start,,0.0,0,0,0,1207,False,False
386931,AR2A,37.03,1438,1262,0.889,grid,4,0,0,675,130,90,7,2,23.5,0.0,0.0,63.0,0.0,start,,2.5,0,157,19481,1448,True,True
386938,AR2A,81.94,2966,1945,0.619,grid,4,3,0,410,215,175,9,17,19.4,0.0,7.3,31.1,0.04,end,,0.5,0,54,0,2976,True,False
386957,R40,24.27,1207,1203,0.728,grid,3,8,1,240,170,130,5,1,19.1,0.0,30.9,44.5,0.33,end,,1.7,0,0,0,1217,False,False
386961,AR2A,24.12,1832,715,0.802,ladder,2,0,0,585,150,110,5,0,23.6,0.0,0.0,76.4,0.0,end,,0.0,0,0,0,1842,False,False
386977,AR2A,19.56,2020,570,0.74,spine,1,2,0,400,220,180,1,3,13.3,0.0,24.1,26.6,0.1,end,,0.0,0,0,0,1973,False,False
386985,AR2A,19.49,1308,955,0.68,ladder,2,1,0,415,210,170,4,2,16.0,0.0,10.4,52.9,0.05,end,,0.0,0,0,0,1318,False,False
386993,AR2A,26.63,3492,724,0.459,ladder,2,1,0,585,150,110,7,3,19.2,0.0,7.6,48.3,0.04,end,,3.4,93,0,0,3502,False,False
387001,AR2A,35.03,1956,990,0.788,grid,3,0,0,650,135,95,6,2,22.4,0.0,0.0,59.0,0.0,end,,8.1,300,93,59850,1966,True,False
387046,AR2A,31.76,1835,862,0.875,ladder,2,2,0,475,185,145,6,1,19.2,0.0,12.8,53.1,0.06,side,,10.6,231,140,50787,1845,True,False
387053,AR2A,93.88,2818,2266,0.64,grid,4,3,1,400,220,180,8,17,17.5,0.0,6.7,36.2,0.03,end,,3.8,652,0,0,2828,False,False
387073,AR2A,56.59,2133,1627,0.71,grid,3,10,0,400,220,180,6,4,15.4,0.0,36.7,25.4,0.18,end,,7.4,104,272,132836,1887,True,False
387078,RS40,13.97,1513,834,0.482,ladder,2,2,0,225,180,140,3,2,15.1,0.0,13.3,59.1,0.14,start,,0.0,0,0,0,1523,False,False
387155,RS40,35.32,3115,1190,0.415,grid,3,14,0,240,170,130,7,5,16.5,0.0,37.3,28.7,0.4,start,,4.6,119,64,43462,3125,True,False
387156,AR2A,87.93,3303,2208,0.525,grid,5,3,0,460,190,150,8,8,14.0,0.0,6.8,23.6,0.03,start,,38.3,501,2973,36282,2682,True,True
387157,AR2A,25.04,2205,1052,0.47,ladder,2,1,1,400,220,180,5,4,19.1,0.0,8.0,40.6,0.04,both,,0.0,0,0,0,2215,False,False
387158,AR2A,18.77,1264,1051,0.616,ladder,2,0,0,400,220,180,4,2,15.2,0.0,0.0,60.1,0.0,both,,1.2,0,0,0,1274,False,False
387186,RS40,88.78,2267,2183,0.781,grid,4,28,1,185,220,180,7,20,15.6,0.0,30.7,28.9,0.32,start,,3.6,243,0,0,2277,False,True
387217,AR2A,22.71,2117,626,0.747,spine,1,4,1,400,220,180,1,1,8.4,0.0,40.2,38.2,0.18,end,,3.3,73,0,0,2070,False,False
387250,AR2A,45.94,1982,1205,0.838,grid,3,0,0,515,170,130,6,3,19.7,0.0,0.0,64.6,0.0,start,,2.7,251,0,0,1992,False,False
387262,AR2A,28.82,1725,1569,0.464,grid,3,0,0,400,220,180,5,4,17.5,0.0,0.0,55.3,0.0,start,,0.0,0,0,0,1735,False,False
387352,AR2A,61.46,4338,1622,0.38,grid,3,6,1,400,220,180,11,4,16.7,0.0,20.9,41.9,0.1,end,,7.7,167,285,115300,4348,True,False
387458,AR2A,77.41,2213,2110,0.722,grid,4,5,0,400,220,180,7,10,17.3,0.0,13.8,35.7,0.06,end,,7.1,539,214,124853,2223,True,False
387463,AR2A,20.99,1408,739,0.878,ladder,2,0,0,565,155,115,4,1,18.9,0.0,0.0,69.7,0.0,start,,1.6,0,55,8019,1418,True,False
387469,AR2A,23.73,2430,475,0.896,spine,1,3,0,425,205,165,1,3,12.0,0.0,25.5,32.1,0.13,start,,6.2,151,0,0,2383,False,True
387478,RS40,30.98,2018,952,0.702,ladder,2,14,0,195,210,170,5,3,17.9,0.0,42.5,24.1,0.45,start,,8.2,327,0,0,2028,False,False
387489,AR2A,22.42,1651,1130,0.523,grid,3,0,0,545,160,120,5,2,20.1,0.0,0.0,62.1,0.0,end,,0.0,0,0,0,1661,False,False
387500,RS40,8.97,3116,290,0.433,single_loaded,1,0,0,185,220,180,1,0,7.3,0.0,0.0,90.4,0.0,end,,2.4,0,0,0,3069,False,False
387560,AR2A,32.47,2053,1072,0.643,ladder,2,4,0,400,220,180,5,2,17.7,0.0,24.8,39.9,0.12,start,,4.8,116,18,3245,2063,True,False
387583,RS40,17.76,2092,436,0.849,spine,1,9,0,215,190,150,1,5,12.9,0.0,47.0,14.0,0.51,end,,0.0,0,0,0,2045,False,False
387615,RS40,34.62,1842,1121,0.73,grid,3,11,0,260,155,115,6,3,21.2,0.0,29.1,37.2,0.32,start,,5.3,189,125,29201,1852,True,False
387660,AR2A,29.25,2666,518,0.923,spine,1,5,0,400,220,180,1,3,11.4,0.0,35.9,29.1,0.17,end,,3.7,187,0,0,2619,False,False
387673,AR2A,23.42,1805,954,0.592,ladder,2,0,0,415,210,170,5,4,15.8,0.0,0.0,51.7,0.0,start,,0.0,0,0,0,1815,False,False
387711,AR2A,39.1,2835,995,0.604,ladder,2,4,0,400,220,180,6,4,17.5,0.0,20.5,41.5,0.1,start,,1.0,148,0,0,2845,False,True
387712,AR2A,24.62,1709,882,0.711,ladder,2,1,0,460,190,150,4,2,19.0,0.0,8.2,52.4,0.04,end,,5.1,197,0,0,1719,False,False
387714,AR2A,47.07,2423,1108,0.764,ladder,2,4,0,400,220,180,6,7,13.4,0.0,19.5,30.8,0.08,start,,5.4,224,0,0,2433,False,False
387735,AR2A,24.87,2946,1153,0.319,ladder,2,1,0,400,220,180,6,2,14.4,0.0,8.1,49.3,0.04,end,,15.2,406,0,0,2956,False,False
387737,AR2A,24.65,1907,754,0.747,ladder,2,0,0,545,160,120,5,0,19.2,0.0,0.0,77.6,0.0,start,,4.2,211,26,20239,1917,True,False
387747,AR2A,21.72,1466,820,0.787,ladder,2,0,0,500,175,135,4,1,18.7,0.0,0.0,72.5,0.0,start,,0.0,0,0,0,1476,False,False
387748,AR2A,21.65,1503,1107,0.567,ladder,2,1,0,400,220,180,4,3,13.8,0.0,11.0,44.7,0.05,start,,0.0,0,0,0,1513,False,False
387750,RS40,8.87,1223,668,0.473,ladder,2,2,0,300,135,95,3,0,16.5,0.0,21.0,44.9,0.23,end,,17.7,0,234,29155,741,True,False
387753,AR2A,18.2,1466,836,0.647,ladder,2,0,0,485,180,140,4,3,18.8,0.0,0.0,50.4,0.0,start,,0.0,0,0,0,1476,False,False
387755,RS40,9.82,1561,429,0.639,spine,1,4,0,220,185,145,1,2,15.1,0.0,38.1,28.4,0.41,start,,0.0,0,0,0,1514,False,False
387799,AR2A,39.42,2588,1182,0.561,ladder,2,5,0,400,220,180,6,5,14.0,0.0,27.2,30.4,0.13,both,,0.0,0,0,0,2598,False,False
387803,AR2A,73.55,2654,1665,0.725,grid,4,1,0,485,180,140,8,8,18.8,0.0,2.7,51.5,0.01,end,,6.1,154,378,165501,2664,True,False
387813,RS40,9.1,,,0.701,,,0,,,,,,,,,,,,,parcel_too_narrow_for_a_street_and_a_lot,,,,,,False,False
387822,RS40,11.36,1124,579,0.76,spine,1,5,1,185,220,180,1,2,11.0,0.0,46.8,20.7,0.44,start,,2.0,0,0,0,1077,False,False
387823,RS15,4.09,616,441,0.656,spine,1,5,3,100,150,110,1,1,16.5,2.4,45.7,25.9,1.22,start,,0.0,0,0,0,626,False,False
387835,AR2A,87.68,2773,2064,0.667,grid,4,11,0,400,220,180,8,8,17.4,0.0,26.5,31.2,0.13,start,,6.8,453,117,51334,2783,True,False
387837,AR2A,37.07,2390,1280,0.528,grid,3,0,0,475,185,145,6,7,18.0,0.0,0.0,43.9,0.0,end,,0.6,0,0,0,2400,False,False
387860,RS40,61.26,2212,1623,0.743,grid,4,24,0,230,175,135,7,18,19.0,0.0,36.2,18.0,0.39,end,,0.0,0,0,0,2222,False,False
387876,AR2A,20.73,3063,568,0.519,spine,1,3,3,400,220,180,1,1,13.0,0.0,29.9,46.2,0.14,start,,0.0,0,0,0,3016,False,False
387926,AR2A,26.43,1537,786,0.953,ladder,2,0,0,530,165,125,4,2,17.0,0.0,0.0,61.6,0.0,start,,5.9,77,85,35737,1547,True,False
387927,AR2A,19.93,2431,728,0.491,ladder,2,1,0,585,150,110,6,1,22.6,0.0,10.6,49.7,0.05,end,,8.9,231,0,0,2441,False,False
387959,AR2A,23.4,2286,626,0.712,spine,1,2,1,400,220,180,1,4,11.4,0.0,19.8,28.3,0.09,end,,0.0,0,0,0,2239,False,False
388954,R10,48.72,2200,1548,0.623,grid,5,94,0,90,115,75,8,18,22.7,6.2,45.8,13.7,1.93,end,,3.4,210,0,0,2210,False,False
389011,R6,8.55,863,617,0.699,ladder,2,28,0,65,95,55,3,4,19.7,8.0,53.1,7.9,3.27,end,,3.4,0,0,0,873,False,False
389095,RS15,3.35,960,211,0.72,single_loaded,1,6,0,100,150,110,1,1,13.4,0.0,63.7,12.2,1.79,both,,0.0,0,0,0,970,False,False
389143,R20,4.48,634,315,0.977,spine,1,4,0,185,110,70,1,2,17.8,9.4,41.7,10.2,0.89,both,,0.0,0,0,0,644,False,False
389269,RS20,6.18,1111,451,0.537,spine,1,4,0,115,175,135,1,1,11.4,4.2,29.9,34.2,0.65,end,,12.7,0,87,26554,824,True,False
389405,R6,3.64,1104,212,0.677,spine,1,12,0,80,75,35,1,2,25.8,0.0,47.3,18.9,3.3,both,,0.0,0,0,0,1114,False,False
390128,RS15,3.31,,,0.926,,,0,,,,,,,,,,,,,parcel_too_narrow_for_a_street_and_a_lot,,,,,,False,False
390951,R10,6.61,878,334,0.982,spine,1,16,0,90,115,75,1,2,16.7,10.3,59.6,5.9,2.42,both,,0.0,0,0,0,888,False,False
390996,RS7.5,9.07,770,527,0.974,ladder,2,26,0,90,85,45,3,2,23.6,9.5,53.0,9.6,2.87,start,,0.0,0,0,0,780,False,False
391045,RS7.5,3.42,842,224,0.791,spine,1,8,1,95,80,40,1,1,25.9,0.0,42.5,26.3,2.34,both,,0.0,0,0,0,852,False,False
391202,RS20,13.23,896,850,0.756,ladder,2,12,3,125,165,125,3,2,17.6,2.8,43.2,29.2,0.91,end,,0.0,0,0,0,906,False,False
391274,RS10,3.52,1070,239,0.6,spine,1,2,0,145,70,30,1,2,34.4,1.3,13.4,38.3,0.57,both,,0.0,0,0,0,1080,False,False
391308,RS20,4.14,746,485,0.498,spine,1,3,0,115,175,135,1,2,9.5,5.4,37.1,24.1,0.73,start,,0.0,0,0,0,679,False,False
391393,RS10,7.02,900,363,0.938,spine,1,17,0,85,120,80,1,2,15.3,9.6,63.2,4.5,2.42,both,,0.0,0,0,0,910,False,False
391405,R20,4.94,724,312,0.952,spine,1,4,0,195,105,65,1,2,17.9,9.1,39.3,14.0,0.81,end,,0.0,0,0,0,734,False,False
391527,R6,8.16,914,504,0.772,ladder,2,30,0,75,80,40,4,3,26.0,7.9,52.3,8.0,3.68,side,,0.5,0,0,0,924,False,False
391539,RS80,21.12,,,0.557,,,0,,,,,,,,,,,,,parcel_mostly_in_flood_hazard_or_wetland,97.0,,,,,False,False
391551,R6,5.96,725,436,0.822,spine,1,18,5,65,95,55,1,2,14.1,7.6,58.8,12.7,3.02,both,,0.0,0,0,0,735,False,False
391566,RS80,29.78,1806,927,0.775,ladder,2,2,0,400,200,160,3,0,7.1,0.0,12.3,21.1,0.07,end,,59.5,0,1325,9410,718,True,True
391670,R15,12.69,1196,785,0.589,ladder,2,2,0,100,150,110,2,1,5.6,0.9,5.3,45.4,0.16,end,,40.1,0,628,182165,789,True,False
391729,R10,2.7,525,265,0.844,spine,1,4,0,120,85,45,1,2,24.4,7.2,34.7,17.0,1.48,start,,0.0,0,0,0,535,False,False
391742,R10,3.32,486,468,0.636,ladder,2,2,0,145,70,30,4,3,31.1,5.2,15.7,26.4,0.6,side,,0.0,0,0,0,496,False,False
391780,RS15,3.66,1204,155,0.853,single_loaded,1,5,0,150,100,60,1,2,30.5,0.0,46.7,3.9,1.37,both,,0.0,0,0,0,1214,False,False
391818,RS7.5,2.04,338,273,0.964,spine,1,4,0,90,85,45,1,0,21.3,6.7,35.3,26.7,1.96,end,,10.0,0,27,3330,256,True,False
392046,RS20,4.38,1038,202,0.909,single_loaded,1,4,0,140,145,105,1,2,27.2,0.0,43.0,8.3,0.91,start,,0.0,0,0,0,991,False,False
392116,RS20,5.35,1056,505,0.436,spine,1,1,0,115,175,135,1,0,7.5,0.1,9.8,35.0,0.19,start,,47.6,0,199,7059,678,True,True
392125,RS10,5.29,519,518,0.858,ladder,2,1,0,120,85,45,4,0,9.8,1.0,4.6,9.2,0.19,start,,75.4,0,674,2035,87,True,True
392134,RS15,5.55,846,308,0.93,spine,1,8,0,145,105,65,1,2,19.5,8.9,50.7,7.8,1.44,start,,0.4,0,0,0,779,False,False
392293,RS20,4.61,1258,571,0.279,spine,1,3,1,115,175,135,1,0,5.2,3.0,34.4,57.3,0.65,both,,0.0,0,0,0,1268,False,False
392319,RS5,4.97,575,388,0.971,spine,1,8,1,60,90,50,1,0,11.1,3.1,27.4,21.8,1.61,start,,36.6,0,159,25166,355,True,False
392358,RS7.5,2.12,343,324,0.832,spine,1,5,0,75,105,65,1,1,19.6,5.0,46.1,20.1,2.36,both,,0.0,0,0,0,353,False,False
392366,RS10,2.1,651,291,0.484,spine,1,3,0,110,95,55,2,0,25.6,5.4,35.3,33.6,1.43,side,,0.0,0,0,0,661,False,False
392517,R6,16.6,1128,1058,0.606,grid,4,57,1,70,90,50,5,8,25.6,7.8,50.7,8.9,3.43,end,,0.0,0,0,0,1138,False,False
392518,R6,2.68,360,337,0.962,spine,1,8,0,65,95,55,1,2,16.8,8.6,53.9,7.2,2.99,start,,0.0,0,0,0,370,False,False
392562,RS7.5,2.95,809,308,0.516,spine,1,7,0,75,105,65,1,1,18.4,8.2,42.9,24.2,2.37,start,,0.0,0,0,0,742,False,False
392602,RS15,5.04,816,304,0.884,spine,1,6,0,150,100,60,1,2,19.2,9.9,42.8,13.9,1.19,end,,0.0,0,0,0,749,False,False
392765,RS80,35.9,,,0.785,,,0,,,,,,,,,,,,,parcel_mostly_in_flood_hazard_or_wetland,99.4,,,,,False,False
392769,R10,3.91,547,442,0.705,spine,1,7,2,85,120,80,1,0,17.6,6.2,52.9,23.3,1.79,start,,0.0,0,0,0,557,False,False
392773,RS10,4.63,966,416,0.503,spine,1,5,1,85,120,80,1,1,19.6,3.5,32.9,37.2,1.08,end,,0.0,0,0,0,899,False,False
392892,RS40,10.2,1269,450,0.778,spine,1,1,0,210,195,155,1,2,13.2,0.0,9.1,46.6,0.1,end,,13.9,0,160,29251,977,True,True
392935,RS10,2.49,,,0.953,,,0,,,,,,,,,,,,,parcel_mostly_in_flood_hazard_or_wetland,100.0,,,,,False,False
392971,R10,9.46,1245,450,0.735,ladder,2,12,0,145,70,30,4,4,31.0,6.4,29.6,23.1,1.27,start,,0.0,0,0,0,1255,False,False
393035,RS20,22.61,1836,868,0.618,ladder,2,22,0,120,170,130,5,5,19.7,2.7,46.4,20.6,0.97,both,,0.0,0,0,0,1846,False,False
393068,RS10,8.37,1085,458,0.734,ladder,2,8,0,145,70,30,2,4,18.5,8.0,22.8,20.5,0.96,end,,19.9,45,387,33361,1095,True,False
393105,R20,6.66,1716,449,0.376,spine,1,0,0,115,175,135,1,0,0.3,0.0,0.0,47.2,0.0,end,,52.7,0,298,53951,863,True,False
393154,RS80,645.93,9652,5779,0.504,grid,11,56,1,365,220,180,27,24,19.3,0.0,16.0,18.2,0.09,both,,49.1,27529,0,0,9662,False,False
393218,R20,5.56,,,0.744,,,0,,,,,,,,,,,,,parcel_mostly_in_flood_hazard_or_wetland,97.3,,,,,False,False
393220,R6,4.52,643,329,0.931,spine,1,16,1,65,95,55,1,2,17.5,8.0,61.4,5.4,3.54,end,,0.0,0,0,0,653,False,False
393303,RS15,4.35,1390,154,0.884,single_loaded,1,5,0,160,95,55,1,2,32.9,0.0,41.9,8.7,1.15,both,,0.0,0,0,0,1400,False,False
393440,R6,9.92,939,608,0.757,ladder,2,38,6,65,95,55,3,3,21.2,6.1,61.1,6.9,3.83,end,,0.0,0,0,0,949,False,False
393918,RS80,19.15,1670,918,0.544,ladder,2,4,0,400,200,160,4,0,14.6,0.0,38.7,43.2,0.21,start,,4.5,148,0,0,1680,False,False
394304,RS15,3.57,,,0.956,,,0,,,,,,,,,,,,,parcel_too_narrow_for_a_street_and_a_lot,,,,,,False,False
394404,RS10,8.44,1288,346,0.826,spine,1,9,0,85,120,80,1,2,16.9,2.4,25.8,49.4,1.07,start,,0.0,0,0,0,1221,False,False
394421,RS15,3.58,1359,150,0.765,single_loaded,1,0,0,170,90,50,1,0,39.4,0.0,0.0,60.6,0.0,both,,0.0,0,0,0,1369,False,False
394641,R15,3.73,598,274,0.993,spine,1,6,0,145,105,65,1,2,20.1,0.0,58.4,2.0,1.61,both,,0.0,0,0,0,608,False,False
394901,RS10,3.0,502,297,0.875,spine,1,6,0,100,100,60,1,2,18.5,12.1,46.5,7.3,2.0,end,,0.0,0,0,0,512,False,False
395054,RS10,8.2,,,0.547,,,0,,,,,,,,,,,,,parcel_mostly_in_flood_hazard_or_wetland,93.9,,,,,False,False
395143,RS80,48.48,3004,1076,0.653,ladder,2,7,1,365,220,180,6,0,11.5,0.0,26.7,21.5,0.14,start,,40.3,0,1471,7719,1807,True,False
395158,RS10,2.08,499,214,0.85,spine,1,2,0,135,75,35,1,2,25.9,0.0,22.6,29.2,0.96,end,,0.0,0,0,0,509,False,False
395190,RS10,4.59,669,517,0.578,ladder,2,7,0,120,85,45,3,1,26.9,8.1,36.1,23.5,1.53,end,,0.0,0,0,0,679,False,False
395225,RS7.5,37.17,1742,1437,0.647,grid,5,71,1,75,100,60,9,11,23.9,4.2,33.2,9.3,1.91,start,,28.1,718,789,10411,1752,True,False
395406,RS20,7.44,918,676,0.522,ladder,2,5,0,160,125,85,3,0,23.3,3.0,30.6,41.7,0.67,end,,1.5,0,8,16620,928,True,True
395432,RS10,4.65,1035,196,0.997,spine,1,10,0,145,70,30,1,4,28.0,0.0,50.5,1.3,2.15,both,,0.0,0,0,0,1045,False,False
395613,RS15,3.25,,,0.932,,,0,,,,,,,,,,,,,parcel_too_narrow_for_a_street_and_a_lot,,,,,,False,False
395646,R20,5.06,,,0.612,,,0,,,,,,,,,,,,,parcel_mostly_in_flood_hazard_or_wetland,92.8,,,,,False,False
395749,R10,2.11,539,256,0.665,spine,1,2,0,125,80,40,2,0,31.2,2.6,21.5,44.7,0.95,side,,0.0,0,0,0,549,False,False
395945,R6,4.4,549,400,0.872,spine,1,13,3,65,95,55,1,2,15.1,7.2,57.9,10.7,2.96,end,,0.0,0,0,0,559,False,False
396116,R10,2.08,419,234,0.922,spine,1,4,0,120,85,45,1,2,24.4,0.0,46.5,6.2,1.92,end,,0.0,0,0,0,429,False,False
396175,R10,3.83,756,266,0.829,spine,1,7,0,120,85,45,1,2,22.3,10.3,43.0,12.1,1.83,both,,0.0,0,0,0,766,False,False
396241,RS15,3.39,,,0.934,,,0,,,,,,,,,,,,,parcel_too_narrow_for_a_street_and_a_lot,,,,,,False,False
396317,R10,3.16,684,202,0.997,spine,1,6,0,145,70,30,1,2,27.2,0.0,46.4,10.9,1.9,end,,0.0,0,0,0,694,False,False
396322,R6,2.56,469,297,0.801,spine,1,0,0,65,95,55,2,0,29.3,0.0,0.0,18.5,0.0,side,,74.0,0,640,23585,-440,True,False
396369,RS80,16.78,2098,377,0.924,spine,1,1,0,500,160,120,1,3,15.6,0.0,11.0,30.7,0.06,end,,10.8,0,39,2017,2002,True,True
396386,RS80,28.73,3085,520,0.78,spine,1,5,1,365,220,180,1,4,11.1,0.0,33.0,28.8,0.17,end,,1.8,120,0,0,3038,False,False
396419,RS10,2.66,439,394,0.67,spine,1,4,0,85,120,80,2,1,23.3,7.3,43.8,14.6,1.5,side,,0.0,0,0,0,449,False,False
396535,R20,6.2,785,656,0.524,ladder,2,4,0,170,120,80,3,0,23.3,2.5,30.2,44.0,0.65,both,,0.0,0,0,0,795,False,False
396553,RS10,18.41,1561,699,0.735,ladder,2,11,5,85,120,80,2,2,10.2,0.6,15.3,20.5,0.6,end,,50.3,0,1239,0,1571,True,True
396571,R20,7.5,,,0.588,,,0,,,,,,,,,,,,,parcel_mostly_in_flood_hazard_or_wetland,89.4,,,,,False,False
396707,RS10,9.53,674,670,0.918,ladder,2,21,0,85,120,80,3,1,21.1,5.6,53.3,17.3,2.2,both,,0.0,0,0,0,684,False,False
396789,RS10,2.53,429,261,0.986,spine,1,4,0,125,80,40,1,2,21.2,13.1,37.6,9.3,1.58,end,,0.0,0,0,0,439,False,False
396803,RS7.5,20.84,1850,923,0.532,grid,3,56,10,75,105,65,8,6,25.7,4.2,51.1,11.6,2.69,side,,1.8,0,56,0,1860,True,False
396880,RS10,6.14,778,381,0.902,spine,1,14,1,85,120,80,1,2,14.6,8.6,63.1,4.6,2.28,both,,0.0,0,0,0,788,False,False
396890,RS5,7.14,706,668,0.66,grid,3,24,0,75,70,30,4,0,29.6,7.4,40.7,10.7,3.36,start,,15.4,262,0,0,716,False,False
397039,R6,7.39,688,524,0.893,ladder,2,19,0,75,85,45,3,2,24.3,7.3,38.6,19.7,2.57,end,,5.9,0,116,18570,698,True,False
397129,RS20,4.48,627,322,0.966,spine,1,4,0,185,110,70,1,2,17.2,10.8,42.9,7.5,0.89,start,,0.0,0,0,0,637,False,False
397181,R6,3.74,564,307,0.94,spine,1,11,2,65,95,55,1,0,18.2,7.2,45.8,15.7,2.94,start,,15.6,70,0,0,574,False,False
397182,R6,8.63,1054,614,0.581,ladder,2,20,4,65,95,55,3,3,28.9,3.2,33.7,20.9,2.32,both,,10.1,148,0,0,1064,False,False
397209,RS10,2.18,399,241,0.986,spine,1,4,0,145,70,30,1,0,23.0,11.8,44.6,20.6,1.83,start,,0.0,0,0,0,409,False,False
397350,RS20,6.41,1524,322,0.569,spine,1,0,0,185,110,70,1,0,1.6,0.0,0.0,37.9,0.0,start,,61.8,83,260,96750,177,True,True
397389,RS5,3.87,881,392,0.488,spine,1,11,3,60,90,50,1,1,16.4,3.4,48.1,27.0,2.84,start,,0.5,0,0,0,814,False,False
397452,R10,2.91,458,377,0.736,spine,1,7,4,85,120,80,1,0,19.3,3.5,61.5,15.8,2.4,end,,0.0,0,0,0,468,False,False
397622,RS10,5.0,862,313,0.807,spine,1,8,1,100,105,65,1,1,21.8,6.6,39.6,27.0,1.6,end,,0.0,0,0,0,795,False,False
397755,RS15,3.65,492,460,0.702,spine,1,4,1,100,150,110,1,1,13.4,5.2,44.8,25.1,1.1,both,,0.0,0,0,0,502,False,False
397759,RS15,7.22,1264,433,0.574,spine,1,10,2,100,150,110,1,2,13.0,4.7,52.9,17.7,1.38,start,,1.1,0,0,0,1197,False,False
397766,RS15,5.62,737,397,0.838,spine,1,7,0,100,150,110,1,0,15.2,4.4,42.9,28.2,1.24,start,,11.0,80,0,0,747,False,False
397767,RS15,4.38,1025,432,0.431,spine,1,3,2,100,150,110,1,1,17.1,1.0,24.7,48.4,0.68,end,,0.0,0,0,0,958,False,False
397768,RS15,5.58,605,516,0.778,spine,1,6,0,100,150,110,1,2,13.4,4.4,46.7,20.6,1.08,start,,0.0,0,0,0,615,False,False
397769,RS15,6.93,1350,497,0.449,spine,1,6,4,100,150,110,1,0,15.5,0.9,33.4,47.3,0.87,start,,4.2,70,0,0,1283,False,False
397777,RS15,9.54,1097,739,0.513,ladder,2,9,0,110,140,100,3,3,18.9,3.7,33.8,32.3,0.94,end,,0.0,0,0,0,1107,False,False
397779,RS10,8.73,905,448,0.938,spine,1,16,4,85,120,80,1,1,13.4,7.4,54.4,16.1,1.83,start,,5.1,0,0,0,838,False,False
397785,RS15,4.98,798,281,0.969,spine,1,6,0,170,90,50,1,2,20.6,11.0,43.4,10.5,1.2,start,,0.0,0,0,0,731,False,False
397791,RS15,4.17,564,490,0.656,spine,1,5,1,100,150,110,1,1,12.4,5.0,49.9,22.3,1.2,start,,0.0,0,0,0,574,False,False
397792,RS15,9.7,1715,319,0.773,spine,1,10,0,140,110,70,1,4,22.2,6.2,36.9,20.3,1.03,end,,0.0,0,0,0,1648,False,False
397810,RS15,5.01,623,395,0.887,spine,1,6,0,100,150,110,1,0,13.9,4.8,40.7,26.5,1.2,end,,16.8,108,0,0,633,False,False
397811,RS15,15.44,1703,559,0.707,ladder,2,9,0,160,95,55,4,7,26.2,3.8,20.4,33.7,0.58,both,,0.1,0,0,0,1713,False,False
397812,RS15,5.01,982,224,0.993,single_loaded,1,8,0,100,150,110,1,1,24.9,0.0,61.6,5.8,1.6,end,,0.0,0,0,0,935,False,False
397815,RS15,3.25,630,234,0.961,single_loaded,1,4,0,100,150,110,1,0,21.9,0.0,49.7,19.0,1.23,end,,13.1,105,0,0,640,False,False
397832,RS15,8.46,1380,466,0.573,spine,1,10,0,100,150,110,1,2,16.8,5.6,50.2,17.0,1.18,start,,1.0,76,0,0,1313,False,False
397835,RS15,3.21,1001,149,0.94,single_loaded,1,4,0,170,90,50,1,0,34.9,0.0,45.3,15.0,1.25,start,,7.6,73,0,0,954,False,False
397838,RS15,4.73,700,402,0.733,spine,1,4,0,100,150,110,1,1,16.6,3.2,29.6,32.2,0.85,start,,11.0,0,51,17556,544,True,False
397854,RS15,6.99,978,347,0.898,spine,1,8,0,120,125,85,1,1,18.0,6.9,39.4,30.8,1.14,start,,0.0,0,0,0,911,False,False
397873,RS15,6.44,1022,641,0.429,ladder,2,7,1,135,115,75,2,2,13.2,6.1,39.0,28.1,1.09,both,,2.5,0,0,0,1032,False,False
397877,RS15,4.17,506,459,0.781,spine,1,5,0,100,150,110,1,2,14.6,5.4,49.2,10.7,1.2,start,,0.0,0,0,0,516,False,False
397891,RS15,4.17,571,324,0.98,spine,1,6,0,140,110,70,1,2,17.0,12.1,52.7,0.5,1.44,end,,0.0,0,0,0,581,False,False
397895,RS15,4.96,974,293,0.758,spine,1,5,0,160,95,55,1,2,21.5,7.2,36.3,14.5,1.01,start,,6.5,0,138,9652,781,True,False
397913,RS15,3.25,,,0.939,,,0,,,,,,,,,,,,,parcel_too_narrow_for_a_street_and_a_lot,,,,,,False,False
397914,RS15,6.6,800,573,0.628,ladder,2,7,0,150,100,60,3,2,22.5,5.2,36.8,25.0,1.06,end,,0.0,0,0,0,810,False,False
397915,RS15,6.08,1073,492,0.502,spine,1,5,3,100,150,110,1,2,11.8,1.4,32.7,39.7,0.82,start,,0.0,0,0,0,1006,False,False
397917,RS15,3.75,850,217,0.883,single_loaded,1,4,1,100,150,110,1,1,16.6,0.0,39.1,24.6,1.07,start,,9.8,0,105,27802,621,True,False
397923,RS15,4.73,525,420,0.935,spine,1,6,1,100,150,110,2,1,18.1,5.0,46.1,11.4,1.27,side,,13.0,0,0,0,535,False,False
397925,RS15,11.58,2208,511,0.447,spine,1,14,3,100,150,110,1,1,15.1,3.9,51.0,24.9,1.21,both,,2.7,125,0,0,2218,False,False
397949,RS15,5.85,992,262,0.98,spine,1,9,0,150,100,60,1,2,22.3,0.0,54.0,11.9,1.54,start,,0.0,0,0,0,945,False,False
397960,RS15,5.07,663,514,0.649,spine,1,5,1,100,150,110,1,2,14.4,5.0,41.6,21.8,0.99,end,,0.0,0,0,0,673,False,False
397971,RS15,6.44,1800,159,0.979,single_loaded,1,7,0,150,100,60,1,2,32.9,0.0,38.9,13.0,1.09,end,,7.7,213,21,3948,1720,True,False
397972,RS15,5.18,637,452,0.782,spine,1,7,0,100,150,110,1,0,14.6,5.9,54.9,16.2,1.35,start,,10.1,71,0,0,647,False,False
397982,RS15,4.98,992,220,0.993,single_loaded,1,8,0,100,150,110,1,1,25.4,0.0,60.7,6.3,1.6,start,,0.0,0,0,0,945,False,False
397986,RS15,5.55,1163,217,0.956,single_loaded,1,8,0,100,150,110,1,1,26.0,0.0,53.3,9.0,1.44,end,,6.4,70,0,0,1116,False,False
397987,RS15,5.05,846,347,0.75,spine,1,6,0,120,125,85,1,1,19.7,6.4,40.8,24.3,1.19,both,,2.1,0,0,0,856,False,False
398007,RS15,3.84,614,321,0.848,spine,1,4,0,140,110,70,1,2,18.3,5.2,37.4,20.4,1.04,both,,0.0,0,0,0,624,False,False
398028,RS15,3.4,552,282,0.953,spine,1,4,0,170,90,50,1,2,20.1,11.1,42.6,4.8,1.18,end,,0.0,0,0,0,562,False,False
398033,RS15,5.17,928,481,0.505,spine,1,6,1,100,150,110,1,0,11.2,4.9,49.2,34.7,1.16,both,,0.0,0,0,0,938,False,False
398035,RS15,5.07,1215,202,0.9,single_loaded,1,6,0,105,145,105,1,1,25.2,0.0,41.6,26.2,1.18,end,,0.0,0,0,0,1168,False,False
398039,RS15,6.02,968,313,0.865,spine,1,8,0,145,105,65,1,2,20.1,9.0,48.2,10.7,1.33,start,,0.0,0,0,0,901,False,False
398041,RS15,4.26,546,510,0.666,spine,1,4,0,100,150,110,2,1,15.2,5.3,40.2,29.1,0.94,side,,0.0,0,0,0,556,False,False
398051,RS15,3.85,635,285,0.929,spine,1,4,0,170,90,50,1,2,19.5,11.3,38.4,11.6,1.04,both,,0.0,0,0,0,645,False,False
398059,RS15,3.68,537,318,0.936,spine,1,4,0,140,110,70,1,2,17.5,9.3,39.1,14.6,1.09,both,,0.0,0,0,0,547,False,False
398063,RS15,3.84,686,368,0.662,spine,1,4,0,115,135,95,1,2,16.1,5.3,37.1,22.8,1.04,start,,0.0,0,0,0,696,False,False
398087,AR2A,60.15,2831,968,0.956,ladder,2,4,0,415,210,170,6,14,15.3,0.0,13.5,24.5,0.07,both,,0.0,0,0,0,2841,False,False
398595,AR2A,33.22,3536,546,0.75,spine,1,3,2,400,220,180,1,3,9.9,0.0,19.4,47.9,0.09,end,,3.6,77,0,0,3489,False,True
398664,AR2A,28.48,1318,1285,0.733,ladder,2,1,0,400,220,180,4,2,11.6,0.0,8.3,57.5,0.04,start,,9.1,290,0,0,1328,False,True
398674,AR2A,50.05,3540,663,0.929,ladder,2,1,0,650,135,95,7,3,21.2,0.0,4.1,59.5,0.02,start,,2.9,159,0,0,3550,False,True
398746,AR2A,19.91,1150,766,0.985,ladder,2,1,0,545,160,120,3,2,16.4,0.0,10.5,46.9,0.05,both,,5.6,0,0,0,1160,False,False
399551,RS10,6.51,1420,385,0.519,spine,1,11,5,85,120,80,1,1,18.6,2.7,44.9,29.4,1.69,start,,0.0,0,0,0,1353,False,False
399694,R15,12.32,1861,374,0.772,spine,1,1,0,115,135,95,1,0,3.0,0.0,2.8,21.2,0.08,start,,73.0,0,1172,63483,313,True,True
399731,RS10,3.54,793,197,0.987,spine,1,6,0,145,70,30,1,2,29.7,0.0,39.5,17.5,1.7,end,,0.0,0,0,0,746,False,False
399852,R15,58.16,,,0.638,,,0,,,,,,,,,,,,,parcel_mostly_in_flood_hazard_or_wetland,94.1,,,,,False,False
399983,R10,4.13,765,269,0.872,spine,1,6,0,120,85,45,1,2,24.0,7.2,34.9,21.8,1.45,start,,1.0,0,0,0,698,False,False
400097,R10,2.43,377,313,0.899,spine,1,4,0,100,105,65,1,2,18.2,9.7,40.8,10.6,1.65,both,,0.0,0,0,0,387,False,False
400118,R20,5.25,604,488,0.777,spine,1,6,1,115,175,135,1,1,14.2,6.5,58.3,11.1,1.14,both,,0.0,0,0,0,614,False,False
400122,RS10,5.12,929,330,0.726,spine,1,5,0,90,115,75,1,1,22.4,0.8,23.2,49.3,0.98,end,,0.0,0,0,0,862,False,False
400173,R10,10.01,1158,499,0.755,ladder,2,14,0,125,80,40,3,5,29.0,5.3,32.1,22.1,1.4,end,,0.0,0,0,0,1168,False,False
400387,R15,3.39,844,192,0.909,single_loaded,1,4,0,115,135,95,1,1,27.9,0.0,42.4,12.7,1.18,end,,6.3,0,27,3196,695,True,False
400549,R20,145.78,6284,1996,0.506,grid,5,137,0,125,160,120,14,37,21.9,3.9,43.0,15.7,0.94,end,,5.0,704,46,26803,6294,True,False
400671,R10,43.43,1822,1155,0.899,grid,4,95,6,100,100,60,7,15,26.0,5.3,51.2,9.3,2.19,both,,0.0,0,0,0,1832,False,False
400756,R20,5.17,1131,200,0.994,single_loaded,1,5,0,140,145,105,1,2,27.6,0.0,45.1,9.2,0.97,start,,0.0,0,0,0,1084,False,False
400766,R15,165.03,4926,2169,0.673,grid,5,39,1,100,150,110,9,6,3.7,1.0,8.6,7.9,0.24,start,,77.8,331,8712,256167,2354,True,False
400800,RS10,5.03,662,638,0.519,ladder,2,6,0,90,115,75,2,0,10.5,4.0,28.3,47.4,1.19,end,,9.9,0,134,31093,672,True,True
400853,R15,141.51,,,0.885,,,0,,,,,,,,,,,,,parcel_mostly_in_flood_hazard_or_wetland,95.3,,,,,False,False
400857,R10,23.25,,,0.668,,,0,,,,,,,,,,,,,parcel_mostly_in_flood_hazard_or_wetland,100.0,,,,,False,False
401057,R10,8.71,799,623,0.762,ladder,2,16,0,95,110,70,3,1,21.3,3.8,45.1,19.7,1.84,start,,7.2,0,0,0,809,False,False
401099,R20,7.55,1126,293,0.997,spine,1,8,0,175,115,75,1,4,19.5,0.0,50.5,4.7,1.06,start,,0.0,0,0,0,1079,False,False
401386,RS10,3.06,853,202,0.773,spine,1,3,0,145,70,30,1,1,32.1,0.0,24.0,36.0,0.98,start,,0.0,0,0,0,806,False,False
401737,R10,2.53,386,296,0.968,spine,1,4,0,100,100,60,1,2,19.2,8.0,36.4,18.3,1.58,start,,0.0,0,0,0,396,False,False
401777,R20,5.19,1130,200,0.998,single_loaded,1,5,0,140,145,105,1,2,28.0,0.0,44.6,9.5,0.96,end,,0.0,0,0,0,1083,False,False
401785,R20,5.31,1129,205,0.998,single_loaded,1,5,0,135,150,110,1,2,27.3,0.0,43.7,11.5,0.94,end,,0.0,0,0,0,1082,False,False
401822,R20,43.32,2808,835,0.805,ladder,2,46,0,125,165,125,6,14,17.0,5.3,50.5,11.0,1.06,both,,0.8,0,0,0,2818,False,False
402297,R20,5.02,1126,195,0.998,single_loaded,1,5,0,150,135,95,1,2,28.8,0.0,47.4,4.7,1.0,end,,0.0,0,0,0,1079,False,False
402380,RS10,5.21,534,516,0.823,ladder,2,5,0,120,85,45,3,2,29.9,3.3,22.8,34.9,0.96,both,,0.0,0,0,0,544,False,False
402485,AR2A,40.76,,,0.672,,,0,,,,,,,,,,,,,parcel_mostly_in_flood_hazard_or_wetland,95.5,,,,,False,False
402918,RS10,47.6,,,0.711,,,0,,,,,,,,,,,,,parcel_mostly_in_flood_hazard_or_wetland,85.3,,,,,False,False
402936,R15,39.99,2596,943,0.712,grid,3,7,0,135,115,75,5,2,6.0,0.9,6.2,4.6,0.18,end,,81.2,130,4761,16,1061,True,False
402947,RS10,2.28,406,279,0.878,spine,1,3,0,115,90,50,1,1,21.9,6.4,31.5,29.6,1.31,both,,0.0,0,0,0,416,False,False
403015,R10,6.03,,,0.856,,,0,,,,,,,,,,,,,parcel_mostly_in_flood_hazard_or_wetland,100.0,,,,,False,False
403099,R10,2.09,442,217,0.948,spine,1,3,0,125,80,40,1,1,26.6,0.0,33.0,29.2,1.44,both,,0.0,0,0,0,452,False,False
403168,R20,5.14,1130,198,0.998,single_loaded,1,5,0,145,140,100,1,2,28.2,0.0,46.0,7.2,0.97,end,,0.0,0,0,0,1083,False,False
403298,R15,8.04,1098,433,0.737,spine,1,9,1,100,150,110,1,2,15.8,5.2,43.0,25.3,1.12,both,,1.7,28,0,0,1108,False,False
403598,R10,2.66,855,319,0.424,spine,1,5,1,95,110,70,1,1,17.9,8.6,45.2,19.0,1.88,both,,0.0,0,0,0,865,False,False
403669,R6,9.18,753,667,0.797,grid,3,25,0,90,70,30,4,1,31.2,5.9,39.4,21.0,2.72,start,,1.0,0,0,0,763,False,False
403909,R10,7.92,1003,553,0.622,ladder,2,2,0,110,95,55,3,0,11.9,1.3,6.1,16.0,0.25,start,,68.3,111,776,14792,264,True,True
403944,R15,5.06,989,334,0.668,spine,1,5,0,135,115,75,2,1,23.0,7.3,36.2,22.3,0.99,side,,4.0,0,11,3913,837,True,False
404138,RS10,5.64,840,355,0.825,spine,1,1,0,85,120,80,1,0,8.3,0.7,4.4,21.3,0.18,start,,65.3,0,472,11831,312,True,False
404143,RS10,2.22,451,237,0.905,spine,1,3,0,145,70,30,1,1,23.5,10.5,31.5,23.9,1.35,both,,0.0,0,0,0,461,False,False
404156,R6,2.48,416,320,0.813,spine,1,7,1,65,95,55,1,1,20.7,8.9,46.4,17.2,2.82,end,,0.0,0,0,0,426,False,False
404220,R10,5.03,,,0.858,,,0,,,,,,,,,,,,,parcel_mostly_in_flood_hazard_or_wetland,100.0,,,,,False,False
404249,R20,5.13,1131,198,0.998,single_loaded,1,5,0,145,140,100,1,2,28.3,0.0,46.0,7.2,0.98,end,,0.0,0,0,0,1084,False,False
404304,R10,3.06,472,315,0.895,spine,1,4,0,95,110,70,2,2,22.8,7.8,31.3,22.3,1.31,side,,0.0,0,0,0,482,False,False
404326,R20,7.7,1134,300,0.987,spine,1,8,0,170,120,80,1,4,19.2,0.0,49.3,6.9,1.04,start,,0.0,0,0,0,1087,False,False
404344,R15,5.98,980,269,0.988,spine,1,10,0,145,105,65,1,2,21.6,0.0,58.8,7.8,1.67,start,,0.0,0,0,0,933,False,False
404506,R10,2.71,842,184,0.76,single_loaded,1,4,0,85,120,80,1,1,34.1,0.0,37.3,19.4,1.48,start,,0.0,0,0,0,795,False,False
404542,R20,5.0,825,402,0.657,spine,1,2,0,135,150,110,1,2,18.8,0.7,18.5,44.5,0.4,start,,0.0,0,0,0,758,False,False
404657,RS10,4.97,795,316,0.862,spine,1,8,0,95,110,70,1,1,20.6,6.3,38.5,29.7,1.61,start,,0.0,0,0,0,728,False,False
404683,RS10,4.87,567,550,0.681,ladder,2,8,1,115,90,50,3,1,27.8,6.8,40.3,19.7,1.64,both,,0.0,0,0,0,577,False,False
404714,RS10,4.1,896,207,0.966,spine,1,10,0,135,75,35,1,2,26.9,0.0,56.4,5.3,2.44,both,,0.0,0,0,0,906,False,False
404726,R20,5.4,1130,224,0.927,single_loaded,1,6,0,125,165,125,1,2,19.2,0.0,54.0,8.8,1.11,start,,0.0,0,0,0,1083,False,False
405121,RS10,2.93,634,212,0.952,spine,1,3,0,135,75,35,1,1,26.5,0.0,24.3,8.9,1.02,start,,32.9,0,0,0,644,False,False
405156,AR2A,48.31,1861,1842,0.614,grid,4,0,0,440,200,160,7,2,19.9,0.0,0.0,71.8,0.0,end,,0.0,0,0,0,1871,False,False
405177,AR2A,35.17,2764,821,0.675,ladder,2,0,0,500,175,135,2,4,7.3,0.0,0.0,49.6,0.0,start,,20.7,0,798,488511,2774,True,False
405178,AR2A,42.94,2571,1235,0.589,grid,3,1,0,500,175,135,7,1,19.1,0.0,4.9,66.2,0.02,end,,6.2,358,0,0,2581,False,False
405200,AR2A,19.53,1237,940,0.732,ladder,2,0,0,425,205,165,5,2,19.3,0.0,0.0,59.2,0.0,side,,2.1,0,70,15244,1247,True,False
405206,AR2A,42.99,1955,1696,0.565,grid,4,0,0,485,180,140,7,2,17.0,0.0,0.0,71.5,0.0,end,,2.4,0,232,144888,1965,True,False
405223,AR2A,56.75,2194,2052,0.549,grid,4,1,0,400,220,180,7,14,16.5,0.0,4.1,28.5,0.02,end,,1.1,51,0,0,2204,False,False
405227,AR2A,19.03,1551,815,0.655,ladder,2,0,0,500,175,135,4,1,18.3,0.0,0.0,71.2,0.0,both,,0.0,0,0,0,1561,False,False
405228,AR2A,21.51,2238,697,0.601,ladder,2,0,0,605,145,105,5,1,21.8,0.0,0.0,68.8,0.0,end,,1.2,58,0,0,2248,False,True
405230,AR2A,24.98,2104,786,0.658,ladder,2,0,0,530,165,125,5,1,20.7,0.0,0.0,71.4,0.0,end,,0.0,0,0,0,2114,False,False
405248,AR2A,29.45,2147,1004,0.595,ladder,2,2,0,400,220,180,5,2,16.2,0.0,13.7,50.9,0.07,start,,5.2,0,147,57464,2049,True,True
405257,AR2A,29.07,2186,955,0.606,ladder,2,2,0,415,210,170,5,5,19.2,0.0,13.6,33.0,0.07,end,,0.2,0,0,0,2196,False,False
405259,AR2A,30.36,1369,1334,0.724,grid,4,0,0,650,135,95,6,1,23.5,0.0,0.0,69.2,0.0,both,,0.0,0,0,0,1379,False,False
405272,AR2A,59.63,3112,1632,0.511,grid,4,1,0,500,175,135,10,0,21.4,0.0,3.4,72.6,0.02,side,,3.3,130,180,96942,3122,True,False
405277,AR2A,29.67,1783,1706,0.425,grid,3,2,0,400,220,180,5,4,12.0,0.0,15.9,39.5,0.07,start,,5.4,172,28,129395,1793,True,True
405279,AR2A,34.91,1685,1253,0.72,grid,3,3,0,485,180,140,5,6,19.2,0.0,17.3,29.2,0.09,both,,0.0,0,0,0,1695,False,False
405322,R15,5.35,1186,200,0.985,single_loaded,1,8,0,110,140,100,1,1,28.0,0.0,54.3,4.4,1.49,start,,8.9,103,0,0,1139,False,False
405329,AR2A,29.96,2160,1293,0.467,grid,3,0,0,475,185,145,6,4,17.7,0.0,0.0,55.4,0.0,start,,0.0,0,0,0,2170,False,False
405333,AR2A,20.42,1714,670,0.774,spine,1,2,0,400,220,180,1,3,9.9,0.0,23.2,32.9,0.1,start,,0.0,0,0,0,1667,False,False
405345,RS80,29.62,3369,496,0.772,spine,1,5,0,365,220,180,1,5,9.7,0.0,30.6,19.4,0.17,start,,10.8,104,0,0,3322,False,False
405352,R15,8.52,,,0.541,,,0,,,,,,,,,,,,,parcel_mostly_in_flood_hazard_or_wetland,100.0,,,,,False,False
405355,AR2A,77.19,2412,1940,0.719,grid,4,6,0,410,215,175,8,13,18.6,0.0,15.7,29.4,0.08,start,,2.5,0,114,11128,2422,True,True
405360,AR2A,27.01,1558,1141,0.662,ladder,2,0,0,400,220,180,3,0,8.0,0.0,0.0,48.0,0.0,start,,44.0,0,976,124031,708,True,False
405433,AR2A,30.99,2089,1116,0.579,ladder,2,4,1,400,220,180,5,2,13.1,0.0,28.3,36.3,0.13,end,,8.0,65,0,0,2099,False,True
405468,R20,5.02,1554,413,0.341,spine,1,0,0,130,155,115,1,0,21.0,0.0,0.0,68.5,0.0,start,,10.5,0,0,0,1487,False,False
405494,AR2A,20.06,1544,870,0.651,ladder,2,0,0,475,185,145,4,2,18.2,0.0,0.0,58.6,0.0,start,,3.8,132,0,0,1554,False,False
405601,R15,3.37,769,204,0.937,single_loaded,1,5,0,105,145,105,1,1,27.6,0.0,52.1,9.8,1.48,start,,0.0,0,0,0,722,False,False
405614,R15,8.43,1579,301,0.774,spine,1,8,0,150,100,60,1,3,20.6,7.1,33.5,26.3,0.95,end,,0.0,0,0,0,1512,False,False
405629,RS15,7.69,1203,503,0.553,spine,1,9,5,100,150,110,1,1,17.3,1.2,46.8,29.1,1.17,end,,0.0,0,0,0,1136,False,False
405636,RS20,5.77,1192,471,0.448,spine,1,7,0,115,175,135,1,2,6.5,8.2,59.6,8.5,1.21,start,,0.0,0,0,0,1125,False,False
405655,R20,7.05,1338,257,0.892,single_loaded,1,9,0,115,175,135,1,2,13.6,0.0,67.8,3.5,1.28,start,,0.0,0,0,0,1291,False,False
405658,R15,4.9,1342,167,0.953,single_loaded,1,6,0,140,110,70,1,2,31.4,0.0,43.9,10.0,1.22,start,,0.0,0,0,0,1295,False,False
405664,RS20,16.73,1233,1076,0.549,grid,3,11,0,150,135,95,5,5,22.9,3.4,30.6,24.5,0.66,end,,6.2,185,0,0,1243,False,False
405679,RS20,5.15,733,355,0.864,spine,1,4,0,160,125,85,1,2,17.9,4.5,37.0,22.5,0.78,both,,0.0,0,0,0,743,False,False
405688,RS20,72.96,4110,1601,0.483,grid,4,56,0,125,160,120,9,19,17.8,3.6,35.2,22.8,0.77,end,,9.1,141,711,204315,4120,True,True
405691,R10,3.44,717,253,0.825,spine,1,6,0,135,75,35,1,2,25.8,14.3,42.5,3.1,1.75,end,,0.0,0,0,0,727,False,False
405694,R20,8.85,1620,552,0.431,spine,1,5,3,115,175,135,1,0,16.8,0.5,29.1,53.7,0.56,both,,0.0,0,0,0,1630,False,False
405710,RS20,10.18,1129,513,0.765,spine,1,10,2,115,175,135,1,2,12.5,4.5,52.7,19.5,0.98,both,,0.0,0,0,0,1139,False,False
405721,RS20,5.45,856,371,0.747,spine,1,4,0,150,135,95,1,1,18.2,3.2,34.6,20.1,0.73,end,,18.1,130,0,0,789,False,True
405727,RS15,5.52,1097,336,0.651,spine,1,6,0,125,120,80,1,1,23.8,2.6,37.1,30.4,1.09,end,,0.0,0,0,0,1030,False,False
405736,AR2A,62.19,2254,1664,0.722,grid,3,2,0,400,220,180,6,11,15.8,0.0,6.9,25.0,0.03,end,,17.7,773,0,0,2264,False,False
405753,RS20,4.2,585,377,0.83,spine,1,4,0,145,140,100,1,2,15.2,6.1,43.5,12.9,0.95,both,,0.0,0,0,0,595,False,False
405759,RS20,5.86,930,418,0.655,spine,1,0,0,125,160,120,1,0,0.0,0.0,0.0,65.7,0.0,end,,34.3,0,364,167623,-50,True,False
405760,RS20,5.99,1062,265,0.926,spine,1,6,0,195,105,65,1,3,22.1,0.0,46.2,8.7,1.0,end,,0.0,0,0,0,1015,False,False
405776,RS20,6.1,612,610,0.711,ladder,2,4,0,185,110,70,3,0,27.7,2.8,30.6,38.8,0.66,end,,0.0,0,0,0,622,False,False
405809,AR2A,27.74,1704,1187,0.597,grid,3,5,0,515,170,130,5,1,18.1,0.0,35.8,37.3,0.18,start,,2.1,118,0,0,1714,False,False
405811,R10,17.32,2132,764,0.463,ladder,2,29,6,85,120,80,5,4,23.5,3.5,42.1,24.5,1.67,end,,1.5,116,0,0,2142,False,False
405826,AR2A,68.83,2863,2140,0.489,grid,4,0,0,400,220,180,8,17,18.2,0.0,0.0,32.3,0.0,end,,0.0,0,0,0,2873,False,False
405829,R15,35.99,1831,1248,0.686,grid,3,53,4,100,150,110,6,8,20.2,4.0,53.5,13.3,1.47,start,,0.6,0,0,0,1841,False,False
405861,AR2A,25.68,1347,1167,0.712,ladder,2,1,0,400,220,180,4,3,14.0,0.0,9.3,48.8,0.04,start,,1.4,0,0,0,1357,False,False
405866,RS40,8.47,1496,406,0.608,spine,1,2,0,230,175,135,1,2,13.7,0.0,21.5,35.5,0.24,start,,8.3,26,0,0,1449,False,False
405868,R15,197.29,4316,3345,0.595,grid,8,115,2,100,150,110,15,19,11.7,2.0,20.3,20.4,0.58,end,,45.0,3108,6828,964142,4326,True,False
405883,RS20,7.49,1548,465,0.453,spine,1,6,0,115,175,135,1,2,11.7,4.7,39.1,31.6,0.8,both,,0.0,0,0,0,1558,False,False
405907,RS20,5.13,554,535,0.753,spine,1,5,1,115,175,135,2,1,16.7,3.8,53.7,14.7,0.98,side,,0.0,0,0,0,564,False,False
405943,AR2A,43.48,2016,1398,0.672,grid,3,5,0,425,205,165,6,6,19.3,0.0,22.8,29.4,0.12,start,,1.2,0,100,16578,2026,True,True
405975,R20,6.61,1285,252,0.889,single_loaded,1,8,0,115,175,135,1,2,14.8,0.0,62.8,6.7,1.21,start,,0.0,0,0,0,1238,False,False
405983,R10,14.9,1605,1109,0.365,grid,3,21,0,85,120,80,5,6,18.0,5.1,38.0,26.2,1.41,both,,2.2,0,0,0,1615,False,False
406015,AR2A,30.66,2153,746,0.831,ladder,2,0,0,565,155,115,5,2,20.2,0.0,0.0,66.4,0.0,end,,0.3,0,0,0,2163,False,False
406021,RS15,5.01,1190,375,0.489,spine,1,6,0,110,140,100,1,1,20.7,5.6,41.9,24.7,1.2,both,,0.0,0,0,0,1200,False,False
406022,RS15,7.77,707,662,0.723,ladder,2,5,0,125,120,80,3,0,22.5,2.9,22.6,12.2,0.64,both,,49.5,547,0,0,717,False,False
406028,AR2A,61.49,3527,1170,0.649,grid,3,0,0,530,165,125,8,12,20.7,0.0,0.0,40.1,0.0,start,,0.0,0,0,0,3537,False,False
406058,R20,5.18,593,490,0.777,spine,1,2,0,115,175,135,1,0,7.9,1.9,19.8,43.0,0.39,start,,31.0,142,0,0,603,False,False
406062,RS20,4.29,812,358,0.643,spine,1,2,0,155,130,90,2,0,26.0,0.6,21.1,52.3,0.47,side,,0.0,0,0,0,822,False,False
406072,AR2A,52.31,2369,2223,0.433,grid,5,0,0,460,190,150,8,12,17.6,0.0,0.0,36.1,0.0,end,,1.1,50,0,0,2379,False,False
406093,RS80,26.53,1509,1211,0.633,grid,3,0,0,475,170,130,5,0,19.9,0.0,0.0,77.7,0.0,end,,2.5,0,0,0,1519,False,False
406116,RS20,9.85,820,593,0.882,ladder,2,9,0,195,105,65,3,2,21.9,5.8,43.2,19.4,0.91,both,,0.0,0,0,0,830,False,False
406119,RS20,115.4,3812,2470,0.534,grid,6,102,2,125,165,125,12,12,21.9,3.0,41.8,22.6,0.88,end,,6.9,771,0,0,3822,False,False
406140,AR2A,20.73,1087,1042,0.798,ladder,2,3,0,400,220,180,3,3,14.8,0.0,30.4,24.6,0.14,end,,0.0,0,0,0,1097,False,False
406141,AR2A,92.77,4278,1840,0.513,grid,4,7,0,440,200,160,11,13,20.3,0.0,15.0,32.0,0.08,end,,5.8,395,0,0,4288,False,False
406155,AR2A,19.54,2117,646,0.622,ladder,2,0,0,675,130,90,5,1,21.6,0.0,0.0,67.6,0.0,both,,0.8,0,0,0,2127,False,False
406158,RS20,5.12,652,503,0.68,spine,1,5,2,115,175,135,1,1,14.9,5.2,50.3,19.1,0.98,end,,0.0,0,0,0,662,False,False
406181,R10,2.29,799,135,0.927,single_loaded,1,3,0,135,75,35,1,0,39.9,0.0,31.7,17.6,1.31,start,,10.8,0,0,0,752,False,False
406203,RS20,5.19,628,390,0.922,spine,1,4,0,140,145,105,1,2,14.3,7.3,36.5,17.1,0.77,start,,7.9,56,0,0,638,False,False
406206,R10,4.98,1238,206,0.85,spine,1,7,0,135,75,35,1,1,31.5,0.0,32.5,26.0,1.4,end,,7.5,91,0,0,1191,False,False
406210,AR2A,38.35,2071,1016,0.794,ladder,2,5,0,400,220,180,5,3,16.1,0.0,27.0,38.0,0.13,end,,4.2,260,0,0,2081,False,False
406227,RS40,28.61,2194,869,0.654,ladder,2,6,2,220,185,145,5,6,20.4,0.0,19.5,40.7,0.21,both,,0.0,0,0,0,2204,False,False
406236,AR2A,42.97,2772,1252,0.539,grid,3,1,0,485,180,140,7,9,20.3,0.0,4.8,33.1,0.02,both,,0.6,0,0,0,2782,False,False
406239,R20,8.33,1132,387,0.828,spine,1,5,0,140,145,105,1,1,15.3,4.1,27.8,31.4,0.6,end,,19.4,221,0,0,1065,False,False
406245,RS40,9.41,1071,485,0.789,spine,1,0,0,190,215,175,2,1,16.0,0.0,0.0,63.7,0.0,side,,11.7,0,0,0,1081,False,False
406260,AR2A,22.65,1236,999,0.799,ladder,2,0,0,400,220,180,5,2,20.3,0.0,0.0,61.7,0.0,side,,0.5,0,0,0,1246,False,False
406261,RS80,49.34,2078,1285,0.805,grid,3,5,0,435,185,145,6,9,20.0,0.0,18.8,25.5,0.1,start,,1.8,13,0,0,2088,False,False
406263,R20,5.94,1432,364,0.497,spine,1,3,0,155,130,90,1,1,22.5,1.4,23.7,42.4,0.5,start,,2.4,0,0,0,1365,False,False
406278,RS40,9.34,994,662,0.618,ladder,2,1,0,300,135,95,2,2,10.7,0.0,10.0,37.4,0.11,end,,23.6,89,242,64967,1004,True,False
406280,RS80,20.65,1254,1037,0.692,ladder,2,1,0,365,220,180,3,2,12.6,0.0,8.7,53.8,0.05,end,,6.5,0,211,117023,1264,True,False
406289,RS20,9.68,794,790,0.673,ladder,2,9,1,135,150,110,3,1,17.9,3.5,43.3,30.3,0.93,both,,0.0,0,0,0,804,False,False
406315,RS40,9.06,1018,1015,0.382,ladder,2,2,1,185,220,180,4,2,19.3,0.0,20.8,32.1,0.22,side,,8.7,0,0,0,1028,False,False
406323,AR2A,37.43,2710,692,0.87,ladder,2,0,0,605,145,105,6,1,20.5,0.0,0.0,60.2,0.0,start,,18.4,875,0,0,2720,False,False
406332,RS40,9.27,1888,523,0.409,spine,1,1,0,185,220,180,1,1,12.6,0.0,10.4,67.3,0.11,both,,0.0,0,0,0,1898,False,False
406363,R15,37.66,2403,786,0.869,ladder,2,45,0,100,150,110,6,10,19.6,3.6,42.0,20.3,1.19,end,,6.8,284,0,0,2413,False,False
406371,R15,5.33,1219,365,0.521,spine,1,2,0,115,135,95,1,1,22.0,0.5,13.1,58.1,0.38,end,,0.0,0,0,0,1152,False,False
406374,RS20,5.25,757,453,0.667,spine,1,4,0,115,175,135,1,1,18.4,5.0,35.9,31.7,0.76,start,,0.0,0,0,0,690,False,False
406385,RS40,24.87,2624,973,0.424,ladder,2,6,0,190,215,175,6,3,19.0,0.0,22.6,45.4,0.24,end,,1.8,0,0,0,2634,False,False
406390,RS20,9.51,1008,649,0.634,ladder,2,7,1,175,115,75,3,3,22.1,4.2,34.3,24.6,0.74,end,,0.0,0,0,0,1018,False,False
406413,AR2A,37.58,2316,925,0.764,ladder,2,3,0,440,200,160,5,6,17.4,0.0,16.3,32.8,0.08,start,,1.4,81,0,0,2326,False,True
406432,AR2A,36.63,2502,1068,0.597,ladder,2,1,0,400,220,180,6,2,15.8,0.0,5.5,57.2,0.03,start,,10.5,0,119,80270,2512,True,True
406434,AR2A,35.48,2219,1422,0.49,grid,3,1,0,425,205,165,6,5,19.0,0.0,5.6,45.7,0.03,end,,2.5,76,0,0,2229,False,False
406435,RS20,25.86,1638,1488,0.462,grid,3,24,2,115,175,135,5,4,16.9,4.0,46.0,23.5,0.93,end,,2.1,0,0,0,1648,False,False
406462,R15,4.37,,,0.572,,,0,,,,,,,,,,,,,parcel_mostly_in_flood_hazard_or_wetland,100.0,,,,,False,False
406469,RS20,41.8,1819,1623,0.617,grid,4,42,0,125,160,120,7,7,23.5,3.4,46.1,19.3,1.0,both,,0.0,0,0,0,1829,False,False
406473,AR2A,35.19,2335,1203,0.546,grid,3,1,0,515,170,130,6,5,20.8,0.0,5.6,42.0,0.03,start,,4.0,201,0,0,2345,False,False
406474,RS20,6.46,826,695,0.49,ladder,2,5,0,155,130,90,3,3,18.9,4.7,36.2,19.2,0.77,both,,0.0,0,0,0,836,False,False
406483,RS80,24.4,1266,1133,0.741,ladder,2,2,0,365,220,180,4,1,15.3,0.0,16.5,41.7,0.08,side,,18.8,0,333,71478,1036,True,False
406489,RS40,15.98,1891,778,0.473,ladder,2,3,0,245,165,125,5,3,20.8,0.0,17.3,43.4,0.19,end,,1.3,0,0,0,1901,False,False
406490,RS20,42.39,2252,1407,0.583,grid,3,41,3,115,175,135,6,7,16.4,3.8,47.6,18.9,0.97,start,,6.1,246,0,0,2262,False,True
406497,R10,5.2,1361,194,0.859,single_loaded,1,11,0,85,120,80,1,2,18.7,0.0,56.9,9.6,2.12,end,,5.2,0,0,0,1314,False,False
406511,RS15,3.18,502,490,0.564,spine,1,2,0,100,150,110,1,0,11.3,1.2,26.2,9.8,0.63,both,,58.7,186,0,0,512,False,False
406515,AR2A,25.05,1331,1185,0.692,ladder,2,2,1,400,220,180,4,3,15.0,0.0,16.0,42.8,0.08,both,,0.0,0,0,0,1341,False,False
406521,R20,6.54,662,547,0.787,spine,1,7,3,115,175,135,1,2,12.1,4.4,57.5,8.0,1.07,start,,0.7,0,0,0,672,False,False
406533,AR2A,67.11,2442,2283,0.524,grid,4,5,0,400,220,180,8,14,17.9,0.0,15.6,24.6,0.07,end,,0.4,0,0,0,2452,False,False
406542,RS40,20.27,1718,963,0.534,ladder,2,5,0,195,210,170,4,5,16.7,0.0,23.2,37.2,0.25,end,,0.0,0,0,0,1728,False,False
406558,AR2A,71.36,4280,2000,0.363,grid,4,12,0,400,220,180,11,3,20.3,0.0,33.9,33.5,0.17,end,,4.8,233,0,0,4290,False,False
406572,AR2A,33.32,2748,1040,0.508,ladder,2,1,0,400,220,180,6,4,19.0,0.0,5.8,51.1,0.03,both,,0.1,0,0,0,2758,False,False
407803,R6,4.29,501,435,0.857,spine,1,12,2,65,95,55,1,2,13.7,8.2,55.0,13.7,2.8,start,,0.0,0,0,0,511,False,False
408312,R6,2.74,461,261,0.99,spine,1,10,0,75,80,40,1,2,21.2,14.5,52.3,1.6,3.65,both,,0.0,0,0,0,471,False,False
412688,R8,16.82,1384,660,0.801,ladder,2,48,8,75,110,70,4,5,19.7,6.5,58.7,8.8,2.85,end,,0.0,0,0,0,1394,False,False
413951,R10,55.11,1895,1764,0.718,grid,5,111,1,85,120,80,8,13,23.2,5.2,49.9,15.7,2.01,both,,0.0,0,0,0,1905,False,False
414948,R6,4.24,495,485,0.769,ladder,2,9,1,80,75,35,3,3,32.3,4.5,29.8,23.3,2.12,start,,0.0,0,0,0,505,False,False
415959,R10,3.99,692,316,0.796,spine,1,1,0,95,110,70,1,0,19.0,1.0,5.9,74.1,0.25,end,,0.0,0,0,0,702,False,False
416066,R8,5.63,663,573,0.645,ladder,2,15,0,80,100,60,3,1,24.0,6.7,48.8,17.1,2.66,start,,0.0,0,0,0,673,False,False
416350,R20,9.97,732,683,0.869,ladder,2,9,0,160,125,85,3,2,19.9,5.1,42.4,22.9,0.9,start,,0.0,0,0,0,742,False,False
417489,R10,4.25,718,329,0.783,spine,1,0,0,90,115,75,1,0,5.2,0.0,0.0,29.9,0.0,start,,64.8,0,375,22748,141,True,False
417686,R10,5.79,681,557,0.665,ladder,2,10,0,110,95,55,3,1,21.6,8.0,41.7,24.4,1.73,end,,0.0,0,0,0,691,False,False
417932,R10,2.47,438,310,0.792,spine,1,4,1,100,105,65,1,2,18.5,8.3,39.3,14.9,1.62,both,,0.0,0,0,0,448,False,False
418241,R10,2.13,450,216,0.954,spine,1,3,0,125,80,40,1,1,26.4,0.0,32.3,30.4,1.41,end,,0.0,0,0,0,460,False,False
418328,R20,14.12,1089,834,0.677,ladder,2,10,0,125,165,125,3,5,17.0,4.6,33.8,27.8,0.71,both,,0.0,0,0,0,1099,False,False
418439,R6,28.07,1596,1258,0.609,grid,5,87,1,75,85,45,7,18,28.3,7.0,45.9,9.4,3.1,end,,0.0,0,0,0,1606,False,False
418810,R40,51.98,2009,1895,0.595,grid,4,21,2,200,205,165,7,9,19.0,0.0,38.2,26.4,0.4,both,,0.0,0,0,0,2019,False,False
418867,R10,10.48,960,682,0.698,ladder,2,16,5,85,120,80,3,2,21.2,3.4,36.6,26.8,1.53,start,,10.0,132,0,0,970,False,False
418883,R40,18.19,1224,966,0.67,ladder,2,5,0,195,210,170,4,3,15.6,0.0,26.0,43.0,0.27,end,,0.0,0,0,0,1234,False,False
419926,RS40,8.49,844,567,0.773,spine,1,2,0,185,220,180,1,1,12.3,0.0,24.9,44.9,0.24,end,,5.5,0,0,0,797,False,False
420365,R6,2.53,575,406,0.472,spine,1,5,1,65,95,55,2,0,22.5,3.5,37.3,36.7,1.98,side,,0.0,0,0,0,585,False,False
420438,R10,7.56,773,592,0.719,ladder,2,13,0,100,105,65,3,3,25.1,5.6,41.6,18.1,1.72,end,,0.0,0,0,0,783,False,False
420637,RS40,8.46,927,629,0.632,spine,1,4,2,185,220,180,1,1,13.2,0.0,47.4,27.3,0.47,both,,0.0,0,0,0,937,False,False
421182,RS10,2.16,,,0.984,,,0,,,,,,,,,,,,,parcel_too_narrow_for_a_street_and_a_lot,,,,,,False,False
421423,RS40,13.28,1259,621,0.74,spine,1,6,0,185,220,180,1,2,11.2,0.0,49.9,22.3,0.45,start,,0.0,0,0,0,1212,False,False
422215,R6,341.18,6306,5704,0.413,grid,21,857,8,65,95,55,40,78,22.4,4.4,35.6,9.6,2.51,start,,25.3,1401,12361,63976,6042,True,False
422473,R8,7.94,840,705,0.584,ladder,2,8,6,75,110,70,3,1,22.5,1.5,19.5,47.8,1.01,both,,6.1,37,0,0,850,False,False
424027,R8,81.21,2488,1887,0.753,grid,6,175,2,75,110,70,10,21,24.8,4.8,42.8,9.9,2.15,end,,17.3,2023,0,0,2498,False,False
424221,R8,16.06,1335,944,0.555,grid,3,43,1,75,110,70,5,4,23.8,7.3,53.5,10.3,2.68,start,,0.0,0,0,0,1345,False,False
425280,RS40,24.08,1442,1047,0.694,ladder,2,12,1,185,220,180,4,2,15.4,0.0,47.9,28.4,0.5,both,,0.0,0,0,0,1452,False,False
425938,RS40,30.4,1761,1046,0.719,ladder,2,10,3,185,220,180,4,5,15.8,0.0,31.1,35.6,0.33,end,,3.3,198,0,0,1771,False,False
426040,R8,49.89,2447,1151,0.772,grid,4,132,2,80,100,60,8,20,26.2,6.6,49.7,9.9,2.65,both,,0.0,0,0,0,2457,False,False
426492,RS40,9.53,817,743,0.684,ladder,2,2,0,260,155,115,3,0,19.8,0.0,19.4,39.6,0.21,end,,25.4,315,0,0,827,False,False
426542,R8,10.34,988,811,0.562,grid,3,10,1,90,90,50,5,4,28.9,4.3,18.3,39.1,0.97,side,,3.5,113,113,17069,998,True,False
426731,RS40,10.59,1065,759,0.571,ladder,2,3,0,250,160,120,3,1,19.5,0.0,25.6,46.2,0.28,both,,0.0,0,0,0,1075,False,False
427245,RS40,10.02,822,643,0.825,spine,1,4,1,185,220,180,2,1,14.0,0.0,43.3,29.4,0.4,side,,2.2,0,0,0,832,False,False
428812,RS5,5.8,673,405,0.927,spine,1,18,1,60,90,50,1,2,13.7,9.4,55.2,15.5,3.1,both,,0.0,0,0,0,683,False,False
429491,R10,2.45,546,197,0.991,spine,1,4,0,145,70,30,1,2,28.1,0.0,38.4,14.5,1.63,start,,0.0,0,0,0,556,False,False
429803,R10,3.23,512,359,0.766,spine,1,0,0,85,120,80,1,0,6.0,0.0,0.0,11.9,0.0,start,,82.1,0,356,8240,75,True,False
468187,R8,2.51,378,300,0.961,spine,1,6,0,80,100,60,1,2,18.7,11.7,44.9,9.6,2.39,both,,0.0,0,0,0,388,False,False
468205,R10,5.18,860,530,0.495,ladder,2,1,0,115,90,50,3,0,9.7,1.0,4.6,9.3,0.19,end,,75.4,0,623,926,378,True,True
468964,R10,2.18,350,292,0.931,spine,1,4,0,110,95,55,1,0,18.8,9.0,45.0,27.2,1.83,start,,0.0,0,0,0,360,False,False
469156,R6,11.77,811,634,0.996,ladder,2,38,0,65,95,55,4,4,21.3,8.1,55.9,8.9,3.23,side,,0.0,0,0,0,821,False,False
469183,R6,8.46,743,576,0.861,ladder,2,30,0,65,95,55,3,4,21.5,9.2,54.0,8.2,3.55,both,,0.0,0,0,0,753,False,False
469903,R6,8.05,601,587,0.994,ladder,2,32,0,65,95,55,3,2,22.1,9.3,61.8,2.6,3.98,both,,0.0,0,0,0,611,False,False
470191,R10,4.77,541,515,0.746,ladder,2,4,0,120,85,45,3,1,26.9,1.5,19.8,31.1,0.84,start,,18.2,0,0,0,551,False,False
470344,R10,2.07,416,254,0.854,spine,1,4,0,135,75,35,1,1,23.3,8.4,47.2,9.5,1.93,start,,0.0,0,0,0,426,False,False
471395,R10,6.64,746,539,0.72,ladder,2,10,1,115,90,50,3,1,26.1,4.5,35.7,30.4,1.51,both,,0.0,0,0,0,756,False,False
472594,R6,3.46,430,353,0.992,spine,1,10,0,65,95,55,1,2,15.6,10.0,55.7,7.5,2.89,both,,0.0,0,0,0,440,False,False
473168,R10,2.36,555,214,0.866,spine,1,2,0,135,75,35,1,1,27.2,0.0,20.5,38.2,0.85,end,,4.4,0,16,1406,482,True,False
474812,R10,2.37,,,0.997,,,0,,,,,,,,,,,,,parcel_too_narrow_for_a_street_and_a_lot,,,,,,False,False
475152,RS10,2.13,472,200,0.985,spine,1,4,0,145,70,30,1,0,27.6,0.0,45.0,20.5,1.88,end,,8.9,29,0,0,482,False,False
475488,R8,15.94,1699,859,0.476,grid,3,32,1,80,100,60,5,4,28.1,4.9,37.2,20.3,2.01,start,,8.0,252,0,0,1709,False,False
475499,R8,4.02,763,375,0.612,spine,1,7,2,75,110,70,1,1,16.2,5.6,39.9,32.6,1.74,both,,0.0,0,0,0,773,False,False
475829,R20,5.27,1159,207,0.955,single_loaded,1,7,0,135,150,110,1,0,23.8,0.0,62.3,12.6,1.33,start,,7.0,313,0,0,1112,False,False
476034,R10,11.65,1128,742,0.606,ladder,2,6,0,85,120,80,2,0,5.1,2.0,11.9,18.1,0.52,end,,62.8,0,1204,36265,799,True,False
476117,R8,10.52,754,624,0.974,ladder,2,6,0,75,110,70,3,2,18.0,2.3,11.1,24.2,0.57,side,,46.4,0,1172,79492,440,True,False
476159,RS10,3.6,526,362,0.823,spine,1,7,0,85,120,80,1,2,15.6,7.9,50.7,11.2,1.95,end,,0.0,0,0,0,536,False,False
476213,RS10,3.39,591,356,0.701,spine,1,6,0,85,120,80,1,1,19.7,6.5,44.7,21.7,1.77,end,,0.0,0,0,0,601,False,False
476250,R8,2.73,436,354,0.77,spine,1,4,2,75,110,70,1,2,20.1,0.8,30.0,33.6,1.47,end,,0.0,0,0,0,446,False,False
476259,RS10,5.36,624,472,0.792,ladder,2,9,0,135,75,35,3,2,27.4,10.0,39.3,14.5,1.68,start,,0.0,0,0,0,634,False,False
476272,RS20,9.46,2780,218,0.679,single_loaded,1,4,0,125,160,120,1,2,10.1,0.0,19.1,61.7,0.42,start,,0.0,0,0,0,2733,False,False
476333,R6,8.77,1334,642,0.446,ladder,2,23,5,65,95,55,4,0,26.3,4.6,38.7,17.4,2.62,both,,18.5,238,0,0,1344,False,False
476402,RS20,19.36,2320,421,0.864,spine,1,21,0,125,160,120,1,6,15.3,6.0,50.5,13.8,1.08,end,,0.0,0,0,0,2253,False,False
476420,RS5,7.76,981,395,0.873,spine,1,24,0,60,90,50,1,4,13.7,9.1,55.3,12.8,3.09,both,,0.0,0,0,0,991,False,False
476534,RS10,3.17,,,0.934,,,0,,,,,,,,,,,,,parcel_too_narrow_for_a_street_and_a_lot,,,,,,False,False
476857,RS20,4.62,462,450,0.967,spine,1,4,0,115,175,135,2,2,17.6,6.3,40.2,15.6,0.87,side,,0.0,0,0,0,472,False,False
477189,RS7.5,2.02,738,259,0.46,spine,1,3,0,95,80,40,1,0,35.0,5.1,26.4,33.5,1.48,start,,0.0,0,0,0,748,False,False
477954,R20,5.85,1036,265,0.93,single_loaded,1,6,0,115,175,135,1,2,16.8,0.0,56.7,7.7,1.03,start,,0.0,0,0,0,989,False,False
478094,R10,2.2,,,0.958,,,0,,,,,,,,,,,,,parcel_too_narrow_for_a_street_and_a_lot,,,,,,False,False
478115,RS20,6.23,1357,200,0.999,single_loaded,1,7,0,140,145,105,1,2,27.9,0.0,52.4,4.7,1.12,start,,0.0,0,0,0,1310,False,False
478163,R10,10.54,,,0.535,,,0,,,,,,,,,,,,,parcel_mostly_in_flood_hazard_or_wetland,97.5,,,,,False,False
478320,R8,3.62,906,177,0.986,single_loaded,1,9,0,75,110,70,1,0,31.4,0.0,51.9,10.4,2.49,start,,8.8,72,0,0,859,False,False
478355,RS20,7.56,1252,317,0.831,spine,1,5,0,185,110,70,1,3,20.5,7.4,30.7,22.8,0.66,end,,0.0,0,0,0,1185,False,False
478402,RS5,2.39,403,261,0.991,spine,1,8,0,65,80,40,2,2,26.5,12.1,41.4,9.6,3.34,side,,0.0,0,0,0,413,False,False
478599,RS20,6.41,1362,229,0.896,single_loaded,1,2,0,120,170,130,1,0,26.9,0.0,14.7,57.8,0.31,end,,0.5,0,0,0,1315,False,False
478663,R8,8.57,751,615,0.808,ladder,2,21,0,75,110,70,3,3,23.1,5.5,46.7,14.7,2.45,both,,3.4,0,0,0,761,False,False
478694,R6,9.7,983,700,0.614,grid,3,28,0,80,75,35,4,2,28.6,8.0,40.0,15.3,2.89,end,,5.2,0,91,16080,773,True,False
478734,R8,3.82,707,338,0.696,spine,1,8,1,75,110,70,1,1,20.8,5.6,42.8,25.3,2.09,both,,0.0,0,0,0,717,False,False
478735,RS20,5.19,639,534,0.663,spine,1,4,1,115,175,135,2,1,15.8,4.4,42.6,26.7,0.77,side,,0.0,0,0,0,649,False,False
478800,R6,5.6,642,632,0.602,ladder,2,14,3,65,95,55,3,0,21.3,4.6,41.8,22.1,2.5,start,,10.2,0,101,11429,652,True,False
478987,R10,4.83,1061,205,0.968,spine,1,8,2,145,70,30,1,2,28.8,0.0,40.3,20.6,1.66,end,,0.0,0,0,0,1014,False,False
479071,RS5,10.31,1553,313,0.924,spine,1,42,0,60,90,50,1,4,18.8,7.6,61.1,6.7,4.07,end,,0.0,0,0,0,1486,False,False
479137,RS20,16.55,3109,427,0.543,spine,1,14,0,125,165,125,1,5,14.2,6.0,40.2,25.1,0.85,start,,0.3,0,0,0,3042,False,False
479295,R8,3.95,785,221,0.989,spine,1,8,0,100,80,40,1,2,26.5,0.0,38.1,19.1,2.03,end,,9.1,71,0,0,738,False,False
479359,RS10,22.07,1558,727,0.849,ladder,2,48,1,85,120,80,4,7,18.1,6.7,58.4,6.4,2.17,both,,2.1,77,0,0,1568,False,False
479432,R20,8.5,1119,694,0.476,ladder,2,4,0,155,130,90,3,0,20.2,3.0,21.4,37.0,0.47,end,,23.8,296,0,0,1129,False,True
479558,RS20,21.72,1205,1159,0.677,grid,3,14,0,135,150,110,5,7,22.3,3.2,30.2,24.3,0.64,both,,5.5,0,0,0,1215,False,False
479694,RS7.5,3.92,756,323,0.701,spine,1,9,1,75,105,65,1,1,23.7,7.6,44.4,19.4,2.29,both,,0.0,0,0,0,766,False,False
479749,R10,4.56,998,200,0.995,spine,1,10,0,145,70,30,1,2,28.7,0.0,52.7,7.9,2.19,end,,0.0,0,0,0,951,False,False
479866,RS7.5,3.18,551,373,0.674,spine,1,8,1,75,105,65,1,1,20.4,8.8,59.3,3.9,2.52,both,,0.0,0,0,0,561,False,False
479999,R10,19.08,1337,877,0.709,grid,3,29,0,100,105,65,6,4,27.7,3.9,36.6,26.3,1.52,side,,0.4,0,0,0,1347,False,False
480103,R20,9.48,1148,384,0.936,spine,1,10,0,145,140,100,1,4,15.5,4.2,50.3,9.6,1.06,end,,0.0,0,0,0,1081,False,False
480106,R20,5.19,1152,197,0.996,single_loaded,1,3,0,145,140,100,1,1,28.3,0.0,27.3,19.0,0.58,start,,17.5,47,0,0,1105,False,False
480167,RS20,7.78,1114,355,0.856,spine,1,6,0,155,130,90,1,3,17.3,5.9,35.5,17.5,0.77,both,,6.5,0,0,0,1124,False,False
480264,R10,4.92,1058,214,0.948,spine,1,6,0,135,75,35,1,3,28.2,0.0,29.6,27.5,1.22,end,,0.0,0,0,0,1011,False,False
480294,RS7.5,2.96,462,448,0.622,spine,1,7,1,75,105,65,1,1,15.1,4.2,56.8,15.6,2.37,both,,0.0,0,0,0,472,False,False
480381,RS20,51.21,3155,1120,0.631,grid,3,42,0,140,145,105,8,13,22.2,3.6,38.2,22.0,0.82,end,,2.4,0,0,0,3165,False,False
480521,RS20,9.44,1596,265,0.972,single_loaded,1,11,0,115,175,135,1,2,19.4,0.0,64.2,4.7,1.17,start,,0.0,0,0,0,1549,False,False
480591,RS10,2.14,608,162,0.945,single_loaded,1,3,0,100,105,65,1,1,35.6,0.0,33.1,20.7,1.4,start,,0.0,0,0,0,618,False,False
480614,R20,151.32,5097,2476,0.522,grid,6,129,0,125,165,125,15,41,23.0,3.7,40.2,17.2,0.85,side,,4.1,527,76,14671,5107,True,False
480811,R20,14.46,1591,413,0.959,spine,1,12,0,130,155,115,1,2,9.8,4.4,39.3,30.7,0.83,start,,9.3,0,260,137367,1045,True,False
481010,R6,3.78,625,388,0.679,spine,1,5,3,65,95,55,1,0,20.8,1.5,22.9,27.2,1.32,end,,30.0,70,0,0,635,False,False
481167,RS10,16.9,1763,529,0.789,ladder,2,30,1,120,85,45,4,8,23.5,8.6,43.9,9.1,1.77,end,,3.8,83,0,0,1773,False,False
481805,RS20,23.5,1356,1144,0.66,grid,3,14,0,140,145,105,5,5,20.9,3.3,28.7,32.0,0.6,end,,6.3,194,0,0,1366,False,False
481960,RS20,12.63,1996,449,0.614,spine,1,9,0,115,175,135,1,3,17.7,1.7,33.0,36.7,0.71,end,,0.0,0,0,0,1929,False,False
482036,RS20,30.91,2505,1131,0.475,grid,3,28,1,140,145,105,7,5,22.3,3.9,42.1,24.3,0.91,end,,0.0,0,0,0,2515,False,False
482126,RS7.5,2.81,842,191,0.763,single_loaded,1,8,0,75,105,65,1,1,15.1,0.0,64.5,12.1,2.85,start,,0.0,0,0,0,795,False,False
482434,R20,45.8,1882,1189,0.892,grid,3,51,0,130,155,115,6,12,19.6,4.6,52.1,11.4,1.11,start,,0.0,0,0,0,1892,False,False
482546,RS20,13.23,1261,805,0.568,ladder,2,10,0,130,155,115,4,4,20.1,5.0,35.9,24.7,0.76,end,,0.0,0,0,0,1271,False,False
482856,RS7.5,5.35,720,550,0.588,ladder,2,6,0,80,95,55,3,1,24.7,3.6,19.4,49.3,1.12,start,,0.0,0,0,0,730,False,False
483193,R10,8.57,1318,297,0.955,spine,1,20,0,100,100,60,1,4,18.6,12.5,54.0,4.2,2.33,both,,0.0,0,0,0,1328,False,False
483349,R20,5.32,1047,249,0.891,single_loaded,1,6,2,115,175,135,2,1,20.7,0.0,55.0,8.4,1.13,side,,6.8,0,12,2645,860,True,False
483362,RS10,4.0,644,440,0.615,spine,1,6,1,85,120,80,1,1,8.7,6.8,45.9,21.5,1.5,start,,10.3,37,0,0,654,False,False
483364,AR2A,74.69,2628,2563,0.483,grid,5,5,0,400,220,180,10,8,17.6,0.0,13.3,38.0,0.07,end,,9.8,221,469,51307,2306,True,False
483585,RS20,6.3,829,398,0.832,spine,1,6,0,135,150,110,1,2,15.0,6.5,44.3,19.4,0.95,start,,0.0,0,0,0,762,False,False
483597,RS5,21.56,1377,857,0.796,grid,3,94,11,60,90,50,5,6,24.7,5.6,59.6,6.1,4.36,end,,0.0,0,0,0,1387,False,False
483726,RS10,2.66,773,157,0.956,single_loaded,1,5,0,100,100,60,1,1,33.7,0.0,43.8,13.6,1.88,end,,0.0,0,0,0,726,False,False
483814,R8,26.02,1770,1171,0.547,grid,4,19,0,80,105,65,6,3,11.8,1.9,14.1,22.0,0.73,start,,50.1,398,1651,143964,1780,True,False
483827,R8,2.6,561,233,0.869,spine,1,7,0,95,85,45,1,0,24.1,0.0,51.5,17.5,2.69,end,,11.1,93,0,0,571,False,False
483851,RS15,3.2,,,0.981,,,0,,,,,,,,,,,,,parcel_too_narrow_for_a_street_and_a_lot,,,,,,False,False
484019,RS20,9.49,1128,550,0.666,spine,1,9,5,115,175,135,1,2,9.2,1.4,50.2,27.8,0.95,end,,0.0,0,0,0,1061,False,False
484303,R10,3.21,,,0.804,,,0,,,,,,,,,,,,,parcel_mostly_in_flood_hazard_or_wetland,95.5,,,,,False,False
484304,R10,2.26,,,0.997,,,0,,,,,,,,,,,,,parcel_too_narrow_for_a_street_and_a_lot,,,,,,False,False
484403,RS20,6.28,763,466,0.769,spine,1,5,0,115,175,135,1,1,15.6,4.8,38.7,23.2,0.8,end,,9.8,0,0,0,696,False,False
484464,RS20,5.05,1119,206,0.956,single_loaded,1,1,0,135,150,110,1,0,15.8,0.0,9.1,50.1,0.2,end,,25.0,0,388,55714,675,True,False
484466,R10,7.17,1013,373,0.827,spine,1,13,2,85,120,80,1,3,17.4,6.6,48.2,16.7,1.81,start,,0.0,0,0,0,946,False,False
484520,RS20,8.19,3038,262,0.449,single_loaded,1,2,1,115,175,135,1,0,37.6,0.0,12.4,50.0,0.24,start,,0.0,0,0,0,2991,False,False
484565,RS10,2.54,794,167,0.834,single_loaded,1,2,0,95,110,70,1,1,15.9,0.0,19.3,38.1,0.79,start,,17.9,0,165,7875,571,True,False
484653,R20,61.23,2865,1471,0.633,grid,3,55,3,115,175,135,7,12,18.7,3.2,42.2,23.6,0.9,start,,3.0,67,0,0,2875,False,False
484731,RS7.5,4.34,461,424,0.967,spine,1,8,0,75,105,65,2,2,18.6,7.9,46.0,16.0,1.84,side,,0.0,0,0,0,471,False,False
484743,RS20,17.26,1487,601,0.842,ladder,2,14,0,195,105,65,4,6,21.9,7.1,38.9,15.6,0.81,start,,0.0,0,0,0,1497,False,False
484757,RS5,2.46,565,224,0.849,spine,1,11,1,65,80,40,1,1,28.2,0.0,55.6,11.1,4.47,both,,0.0,0,0,0,575,False,False
484856,R10,2.26,717,308,0.447,spine,1,2,0,100,105,65,1,0,29.9,0.9,20.9,48.3,0.88,start,,0.0,0,0,0,727,False,False
484882,RS10,12.76,1039,742,0.721,ladder,2,19,4,85,120,80,4,0,21.8,3.4,38.3,25.8,1.49,side,,10.8,0,239,29290,759,True,False
484926,RS20,7.47,850,586,0.654,spine,1,5,1,115,175,135,1,1,7.2,3.9,36.9,30.4,0.67,start,,15.7,107,0,0,783,False,True
485140,R8,17.33,1206,956,0.655,grid,3,40,2,75,110,70,5,8,24.0,6.4,47.2,13.1,2.31,start,,0.0,0,0,0,1216,False,False
485206,RS7.5,3.53,730,224,0.939,spine,1,7,1,95,80,40,1,1,25.7,0.0,36.2,32.8,1.98,end,,0.0,0,0,0,740,False,False
485245,RS10,4.68,689,523,0.567,ladder,2,7,0,120,85,45,3,0,31.7,4.1,35.1,26.0,1.5,end,,4.1,37,0,0,699,False,False
485279,RS20,7.58,1320,422,0.593,spine,1,6,0,125,160,120,1,2,10.1,5.8,36.8,35.0,0.79,end,,0.0,0,0,0,1253,False,False
485297,RS20,12.4,1519,839,0.424,ladder,2,11,0,125,165,125,3,1,15.3,3.9,42.3,31.3,0.89,start,,3.3,0,0,0,1529,False,False
485395,R6,14.74,1166,753,0.731,grid,3,52,0,75,80,40,4,7,24.4,8.9,50.7,7.7,3.53,start,,1.6,0,36,4004,1176,True,False
485405,RS5,14.04,1228,638,0.78,ladder,2,7,0,60,90,50,4,0,5.7,1.3,8.1,7.9,0.5,start,,77.0,0,1587,16862,388,True,False
485408,RS15,6.11,777,435,0.788,spine,1,2,0,100,150,110,1,0,7.6,1.5,12.7,22.5,0.33,start,,55.6,0,342,2524,356,True,False
485460,RS7.5,3.52,732,365,0.575,spine,1,7,2,75,105,65,1,0,11.5,4.9,43.5,32.4,1.99,both,,8.4,0,0,0,742,False,False
485473,RS20,8.82,2981,176,0.732,single_loaded,1,1,0,170,120,80,1,2,22.9,0.0,5.1,62.0,0.11,start,,0.0,0,0,0,2934,False,False
485773,R10,2.35,,,0.998,,,0,,,,,,,,,,,,,parcel_too_narrow_for_a_street_and_a_lot,,,,,,False,False
485954,R8,27.43,1483,890,0.905,grid,3,72,0,80,105,65,5,11,22.9,7.1,52.0,7.9,2.63,start,,2.2,20,0,0,1493,False,False
486024,RS20,27.66,1544,941,0.829,ladder,2,24,2,115,175,135,4,6,16.1,3.3,42.3,24.3,0.87,start,,3.4,0,0,0,1554,False,False
486174,R8,7.24,699,603,0.749,ladder,2,8,1,80,105,65,3,1,23.1,2.3,21.4,30.6,1.11,start,,20.0,0,166,7705,540,True,False
486350,R10,2.32,,,0.996,,,0,,,,,,,,,,,,,parcel_too_narrow_for_a_street_and_a_lot,,,,,,False,False
486357,RS20,5.81,763,340,0.974,spine,1,6,0,170,120,80,1,2,17.1,8.8,48.7,8.9,1.03,end,,0.0,0,0,0,696,False,False
486462,RS20,10.22,794,787,0.712,ladder,2,8,0,135,150,110,3,2,17.1,5.0,36.7,31.6,0.78,end,,0.0,0,0,0,804,False,False
486811,RS10,3.36,669,285,0.769,spine,1,7,0,115,90,50,1,1,21.3,11.7,51.7,7.8,2.08,start,,0.0,0,0,0,679,False,False
486829,RS7.5,2.45,668,178,0.896,single_loaded,1,0,0,75,105,65,1,0,31.0,0.0,0.0,37.6,0.0,start,,31.4,0,0,0,678,False,False
486871,R10,10.89,1496,618,0.513,ladder,2,18,0,95,110,70,4,5,23.6,6.7,40.1,18.5,1.65,both,,0.0,0,0,0,1506,False,False
486933,RS7.5,2.08,381,298,0.799,spine,1,5,0,75,100,60,1,1,19.0,7.5,41.7,23.4,2.41,end,,0.0,0,0,0,391,False,False
486938,RS20,6.82,826,664,0.542,ladder,2,5,0,170,120,80,3,1,15.8,4.6,35.2,30.1,0.73,end,,8.1,0,0,0,836,False,False
486948,R20,5.29,1151,202,0.991,single_loaded,1,5,0,140,145,105,1,1,21.8,0.0,44.2,17.8,0.95,end,,7.2,0,169,29538,874,True,False
487000,R8,2.64,370,347,0.894,spine,1,5,0,75,110,70,2,1,23.0,7.0,40.7,21.1,1.9,side,,0.0,0,0,0,380,False,False
487029,RS10,4.77,795,281,0.93,spine,1,9,0,115,90,50,1,2,20.8,10.8,45.8,12.3,1.89,end,,0.0,0,0,0,728,False,False
487051,RS7.5,17.54,1510,871,0.58,grid,3,47,4,75,100,60,5,6,26.4,4.9,46.7,16.1,2.68,both,,0.0,0,0,0,1520,False,False
487488,RS5,25.32,1744,1159,0.545,grid,4,96,6,60,90,50,6,14,25.8,6.6,50.9,9.3,3.79,both,,0.0,0,0,0,1754,False,False
487675,RS5,7.03,711,486,0.886,ladder,2,28,1,70,75,35,3,1,28.5,8.5,50.1,11.0,3.98,both,,0.0,0,0,0,721,False,False
487904,R6,2.22,366,300,0.882,spine,1,6,0,65,95,55,1,1,20.7,9.4,41.2,21.8,2.7,both,,0.0,0,0,0,376,False,False
487905,R6,4.67,1013,327,0.613,spine,1,5,2,65,95,55,1,2,27.8,3.3,17.2,44.7,1.07,start,,0.0,0,0,0,946,False,False
488157,RS5,7.9,1217,577,0.49,ladder,2,22,0,60,90,50,4,4,23.3,7.0,39.2,14.2,2.78,both,,12.0,152,0,0,1227,False,False
488370,RS5,2.2,322,303,0.983,spine,1,8,0,60,90,50,1,2,18.2,12.1,51.9,4.7,3.64,both,,0.0,0,0,0,332,False,False
488741,R6,9.96,734,701,0.844,grid,3,30,0,80,75,35,4,5,30.5,6.1,41.5,15.1,3.01,end,,0.0,0,0,0,744,False,False
489247,R6,99.53,,,0.709,,,0,,,,,,,,,,,,,parcel_mostly_in_flood_hazard_or_wetland,93.2,,,,,False,False
550510,R6,13.15,2381,250,0.962,spine,1,34,0,80,75,35,1,4,20.0,10.4,36.8,7.5,2.59,end,,22.2,102,271,4696,1995,True,True
550638,RS5,3.6,449,359,0.974,spine,1,12,0,60,90,50,1,2,15.7,9.2,59.6,5.6,3.33,both,,0.0,0,0,0,459,False,False
551332,R6,3.48,479,363,0.871,spine,1,10,1,65,95,55,1,2,15.5,9.4,55.8,7.8,2.88,end,,0.0,0,0,0,489,False,False
551335,R15,23.27,1260,1232,0.653,grid,3,26,2,100,150,110,5,4,20.4,3.6,41.3,28.4,1.12,start,,0.0,0,0,0,1270,False,False
551940,R6,2.28,443,249,0.9,spine,1,7,0,80,75,35,1,2,22.1,14.3,43.3,7.9,3.07,end,,0.0,0,0,0,453,False,False
553022,RS7.5,2.39,325,320,0.999,spine,1,8,0,75,105,65,1,0,17.2,11.5,65.0,6.4,3.35,both,,0.0,0,0,0,335,False,False
553516,R6,9.14,736,619,0.874,ladder,2,33,1,65,95,55,3,4,20.8,9.0,60.7,2.3,3.61,both,,0.0,0,0,0,746,False,False
553785,R6,3.21,496,355,0.793,spine,1,9,1,65,95,55,1,2,15.1,9.0,53.6,10.1,2.81,both,,0.0,0,0,0,506,False,False
553958,R6,12.65,1034,886,0.602,grid,3,43,1,65,95,55,4,6,22.2,7.6,53.5,9.0,3.4,end,,0.0,0,0,0,1044,False,False
554126,R6,42.35,2372,1284,0.606,grid,4,135,10,65,95,55,7,18,24.3,5.7,48.3,9.0,3.19,start,,6.9,93,328,32640,2382,True,False
554279,R6,79.91,3105,2333,0.481,grid,8,262,7,65,95,55,16,28,27.3,5.8,47.2,9.3,3.28,start,,5.8,250,557,18777,3115,True,False
554305,RS5,3.11,507,460,0.581,ladder,2,7,0,75,70,30,3,2,30.5,8.0,27.6,26.0,2.25,both,,0.0,0,0,0,517,False,False
554508,AR2A,40.45,2366,1400,0.532,grid,3,2,0,425,205,165,5,6,15.0,0.0,9.8,35.8,0.05,end,,9.8,0,275,88085,2376,True,True
554629,AR2A,51.79,3316,1021,0.666,ladder,2,4,0,400,220,180,7,9,14.7,0.0,16.0,30.0,0.08,end,,3.6,164,0,0,3326,False,False
554959,R80,122.55,4029,2266,0.585,grid,6,0,0,500,160,120,12,34,22.8,0.0,0.0,24.6,0.0,end,,2.1,133,78,16311,4039,True,True
555039,AR2A,32.45,2148,982,0.67,ladder,2,1,0,410,215,175,5,4,17.6,0.0,6.2,50.6,0.03,start,,2.3,148,0,0,2158,False,True
555063,AR2A,50.28,3089,1182,0.6,ladder,2,9,2,400,220,180,7,2,14.1,0.0,39.5,28.4,0.18,start,,11.1,596,48,146875,3099,True,False
555179,R15,11.65,864,661,0.889,ladder,2,15,0,125,120,80,3,4,20.3,6.0,45.2,16.7,1.29,end,,0.0,0,0,0,874,False,False
555436,RS5,4.81,677,330,0.937,spine,1,19,1,60,90,50,1,2,17.5,8.1,63.3,4.4,3.95,end,,0.0,0,0,0,687,False,False
555472,AR2A,48.0,2253,1464,0.634,grid,3,0,0,410,215,175,6,11,18.2,0.0,0.0,31.4,0.0,end,,5.7,300,0,0,2263,False,False
555526,AR2A,47.91,2560,1194,0.683,ladder,2,5,2,400,220,180,6,8,13.5,0.0,22.6,25.1,0.1,start,,2.1,0,79,94613,2570,True,True
556274,AR2A,44.14,1957,1729,0.568,grid,4,0,0,475,185,145,7,0,21.9,0.0,0.0,77.2,0.0,end,,1.3,0,0,0,1967,False,False
556920,R8,4.6,712,347,0.81,spine,1,12,1,75,110,70,2,2,20.9,9.7,56.4,3.7,2.61,side,,0.0,0,0,0,722,False,False
557016,R80,56.62,2972,1506,0.551,grid,3,0,0,365,220,180,7,13,17.1,0.0,0.0,40.7,0.0,both,,0.0,0,0,0,2982,False,False
557211,R80,34.11,2070,896,0.801,ladder,2,6,0,415,195,155,6,5,16.8,0.0,32.7,16.2,0.18,start,,7.8,0,272,0,1892,True,True
557234,R6,17.03,1082,957,0.717,grid,4,56,2,80,75,35,5,12,27.3,8.9,47.5,6.0,3.29,end,,0.0,0,0,0,1092,False,False
557282,AR2A,26.48,1791,1127,0.571,grid,3,1,0,545,160,120,7,1,22.2,0.0,7.6,62.7,0.04,side,,0.0,0,0,0,1801,False,False
557352,R80,20.12,2013,774,0.563,ladder,2,0,0,485,165,125,5,0,22.6,0.0,0.0,24.7,0.0,both,,68.5,2011,0,0,2023,False,False
557355,AR2A,42.75,1841,1656,0.611,grid,3,6,2,400,220,180,6,2,18.0,0.0,28.7,37.1,0.14,end,,8.1,218,0,0,1851,False,False
557444,R15,3.5,606,359,0.701,spine,1,3,0,120,130,90,1,2,20.1,0.7,30.5,29.5,0.86,start,,0.0,0,0,0,616,False,False
557480,AR2A,24.34,1847,776,0.739,ladder,2,2,0,530,165,125,5,2,19.7,0.0,16.6,46.4,0.08,start,,2.2,184,0,0,1857,False,False
557495,R6,6.57,749,421,0.907,spine,1,18,1,65,95,55,1,2,13.1,8.9,54.3,16.7,2.74,both,,0.9,0,0,0,759,False,False
557539,R40,9.55,889,584,0.801,spine,1,5,4,185,220,180,1,1,10.6,0.0,52.6,25.6,0.52,both,,0.0,0,0,0,899,False,False
557550,R40,15.66,1977,603,0.573,spine,1,6,1,185,220,180,1,2,9.0,0.0,41.6,35.3,0.38,end,,0.0,0,0,0,1930,False,False
557554,AR2A,61.85,2398,1485,0.757,grid,3,4,0,400,220,180,7,7,18.7,0.0,13.1,41.3,0.06,start,,5.0,108,115,70464,2408,True,True
557641,R80,17.24,1734,711,0.609,ladder,2,0,0,535,150,110,4,1,21.3,0.0,0.0,65.7,0.0,start,,2.5,0,70,7798,1744,True,True
557752,R80,25.79,1665,1203,0.561,grid,3,5,0,475,170,130,5,3,18.1,0.0,36.1,23.5,0.19,end,,0.0,0,0,0,1675,False,False
557843,AR2A,29.99,,,0.602,,,0,,,,,,,,,,,,,parcel_mostly_in_flood_hazard_or_wetland,96.3,,,,,False,False
557889,R6,13.93,1109,582,0.94,ladder,2,45,1,65,95,55,4,4,20.3,8.1,50.1,7.0,3.23,start,,10.1,0,192,4526,941,True,True
557990,R80,25.04,2089,919,0.568,ladder,2,1,0,400,200,160,5,1,18.1,0.0,7.1,32.0,0.04,both,,45.2,1403,0,0,2099,False,False
558001,RS7.5,8.05,802,540,0.81,ladder,2,22,0,85,90,50,3,3,25.0,7.3,49.1,11.9,2.73,end,,0.0,0,0,0,812,False,False
558050,R6,194.47,5373,3485,0.452,grid,13,422,1,65,95,55,21,60,17.2,4.2,30.7,8.8,2.17,end,,35.8,1398,5480,342230,5383,True,False
558129,AR2A,36.83,1815,1229,0.72,grid,3,0,0,500,175,135,6,3,19.6,0.0,0.0,62.4,0.0,end,,2.1,0,0,0,1825,False,False
558163,RS7.5,4.64,691,370,0.791,spine,1,10,4,75,105,65,1,1,18.8,4.7,48.7,23.2,2.16,both,,0.0,0,0,0,701,False,False
558223,AR2A,25.09,2160,594,0.851,spine,1,2,0,400,220,180,1,0,7.3,0.0,18.5,32.9,0.08,end,,41.3,0,725,10031,1369,True,False
558549,R15,3.43,588,475,0.536,spine,1,4,2,100,150,110,1,0,14.4,2.9,46.9,35.8,1.16,both,,0.0,0,0,0,598,False,False
558704,R6,2.14,771,240,0.504,spine,1,3,1,90,70,30,1,0,39.1,0.6,20.0,40.3,1.4,end,,0.0,0,0,0,704,False,False
558909,R8,2.98,566,453,0.507,ladder,2,2,0,115,70,30,2,0,22.4,3.3,12.4,53.7,0.67,start,,8.1,0,41,5993,576,True,False
559109,RS40,20.61,4336,249,0.83,single_loaded,1,6,0,215,190,150,1,2,10.7,0.0,27.7,11.4,0.29,start,,40.9,0,1499,6821,2759,True,False
559517,AR2A,20.38,1455,1081,0.565,ladder,2,1,1,400,220,180,4,2,17.6,0.0,10.9,44.4,0.05,side,,7.6,0,188,76459,1465,True,False
559883,R15,4.34,905,388,0.538,spine,1,5,0,105,145,105,1,2,14.6,6.9,40.4,22.5,1.15,start,,0.0,0,0,0,838,False,False
560192,AR2A,26.62,1627,1173,0.608,grid,3,0,0,530,165,125,5,0,21.2,0.0,0.0,74.2,0.0,end,,4.7,0,0,0,1637,False,False
560218,AR2A,40.25,2762,815,0.779,ladder,2,1,0,500,175,135,6,6,18.0,0.0,4.9,47.6,0.02,both,,0.0,0,0,0,2772,False,False
560519,R6,11.57,732,691,0.997,grid,3,38,0,90,70,30,4,2,27.4,9.9,50.7,9.0,3.28,both,,0.0,0,0,0,742,False,False
561300,AR2A,21.39,2346,1092,0.364,grid,3,0,0,585,150,110,6,0,22.3,0.0,0.0,77.7,0.0,end,,0.0,0,0,0,2356,False,False
561342,R15,4.75,934,464,0.477,spine,1,3,2,100,150,110,1,0,12.7,0.5,24.4,62.5,0.63,start,,0.0,0,0,0,867,False,False
561347,R15,4.95,1158,484,0.384,spine,1,1,1,100,150,110,1,0,19.2,0.2,8.1,72.5,0.2,both,,0.0,0,0,0,1168,False,False
561594,RS40,24.37,4416,526,0.457,spine,1,3,1,185,220,180,1,2,7.2,0.0,11.9,29.3,0.12,start,,43.9,0,1512,1987,2843,True,False
561596,AR2A,81.89,3865,1399,0.659,grid,3,1,0,425,205,165,3,2,2.9,0.0,2.3,26.2,0.01,end,,63.8,13,1285,698417,3875,True,True
561625,R80,20.14,,,0.472,,,0,,,,,,,,,,,,,parcel_mostly_in_flood_hazard_or_wetland,100.0,,,,,False,False
561663,AR2A,29.42,2714,1174,0.402,grid,3,0,0,530,165,125,7,0,20.8,0.0,0.0,76.4,0.0,end,,2.9,0,144,21553,2724,True,True
561752,AR2A,40.92,2301,1084,0.714,ladder,2,1,0,400,220,180,4,2,7.0,0.0,4.9,23.3,0.02,start,,53.4,0,1026,54979,1293,True,False
561832,AR2A,84.28,3726,1997,0.493,grid,4,10,0,400,220,180,10,8,19.1,0.0,23.9,36.9,0.12,start,,1.6,0,0,0,3736,False,False
562032,R8,11.24,745,726,0.906,grid,3,26,0,100,80,40,4,6,27.4,7.3,42.5,13.0,2.31,both,,0.0,0,0,0,755,False,False
562240,R10,6.04,1425,330,0.559,spine,1,5,1,90,115,75,1,1,22.9,0.5,19.5,45.9,0.83,both,,7.3,0,0,0,1435,False,False
562247,AR2A,51.94,2237,1177,0.859,grid,3,0,0,530,165,125,5,2,12.4,0.0,0.0,47.9,0.0,start,,31.9,0,2198,68989,1550,True,False
562322,R80,90.37,3995,1572,0.627,grid,3,6,2,365,220,180,9,14,18.0,0.0,12.4,41.3,0.07,both,,0.0,0,0,0,4005,False,False
562355,RS40,25.12,4513,797,0.304,ladder,2,3,0,240,170,130,8,4,14.3,0.0,11.2,31.8,0.12,start,,29.6,0,856,0,4523,True,False
562404,AR2A,71.79,3460,1900,0.476,grid,4,0,0,425,205,165,9,14,19.6,0.0,0.0,40.6,0.0,both,,1.3,0,0,0,3470,False,False
562502,AR2A,37.38,2272,1062,0.675,ladder,2,3,1,400,220,180,5,4,15.3,0.0,16.3,44.7,0.08,start,,3.0,159,0,0,2282,False,False
562594,AR2A,39.98,1796,1761,0.551,grid,3,0,0,400,220,180,6,3,18.7,0.0,0.0,60.3,0.0,start,,5.6,186,0,0,1806,False,False
562723,R8,2.79,1121,164,0.661,single_loaded,1,0,0,80,105,65,1,1,24.8,0.0,0.0,67.2,0.0,both,,3.5,62,0,0,1131,False,False
562805,R80,21.97,1715,1035,0.539,ladder,2,2,0,365,220,180,2,4,10.1,0.0,17.6,31.4,0.09,end,,5.7,0,125,32938,1725,True,True
563047,R80,94.86,3591,1892,0.608,grid,4,11,0,395,205,165,10,16,19.5,0.0,21.8,27.2,0.12,both,,0.0,0,0,0,3601,False,False
563205,R10,9.35,886,679,0.677,ladder,2,9,0,85,120,80,3,0,18.1,2.9,22.8,41.7,0.96,end,,15.0,14,54,11928,720,True,False
565355,R15,9.6,953,555,0.791,ladder,2,8,0,160,95,55,3,3,26.7,4.0,29.0,27.1,0.83,both,,3.0,58,0,0,963,False,False
565615,AR2A,32.27,1834,1688,0.454,grid,3,3,2,400,220,180,6,1,15.7,0.0,19.2,58.9,0.09,start,,0.0,0,0,0,1844,False,False
566827,AR2A,50.64,2097,1404,0.749,grid,3,4,0,425,205,165,6,8,18.1,0.0,15.8,30.8,0.08,start,,3.9,0,135,57730,2107,True,True
566991,R15,6.33,788,519,0.673,spine,1,7,2,100,150,110,1,2,14.3,4.5,46.5,20.1,1.11,both,,1.1,0,0,0,798,False,False
567242,R6,12.56,1132,783,0.617,grid,3,40,2,75,85,45,4,8,27.4,8.0,47.9,6.9,3.19,end,,0.0,0,0,0,1142,False,False
567416,R6,2.08,1007,224,0.402,spine,1,0,0,75,80,40,1,0,10.1,0.0,0.0,8.1,0.0,end,,84.5,0,463,4788,367,True,False
569029,RS10,2.31,437,423,0.546,spine,1,0,0,85,120,80,1,0,0.0,0.0,0.0,18.0,0.0,start,,82.0,0,239,18181,18,True,True
569610,RS10,10.38,1021,838,0.529,grid,3,15,1,110,95,55,5,4,30.4,4.9,34.6,20.5,1.45,side,,0.0,0,0,0,1031,False,False
569720,RS10,2.1,587,160,0.975,single_loaded,1,4,0,100,100,60,1,1,34.6,0.0,45.7,8.3,1.9,start,,0.0,0,0,0,597,False,False
570009,RS10,2.12,482,292,0.658,spine,1,3,0,110,95,55,1,1,27.7,1.6,34.5,25.3,1.41,end,,0.0,0,0,0,492,False,False
570172,RS10,2.91,,,0.747,,,0,,,,,,,,,,,,,parcel_mostly_in_flood_hazard_or_wetland,96.5,,,,,False,False
570686,R10,18.95,1088,879,0.863,grid,3,33,0,100,105,65,5,9,26.3,6.2,42.3,13.7,1.74,side,,0.0,0,0,0,1098,False,False
570982,RS10,6.16,733,500,0.733,ladder,2,2,0,125,80,40,3,2,20.3,3.5,7.8,25.0,0.32,end,,36.0,0,483,13851,540,True,False
571054,RS10,3.2,833,248,0.675,spine,1,3,0,135,75,35,1,1,29.1,1.9,21.7,40.4,0.94,end,,0.0,0,0,0,766,False,False
571093,RS10,2.31,690,238,0.613,spine,1,0,0,145,70,30,1,0,8.4,0.0,0.0,18.4,0.0,end,,73.2,0,360,2673,153,True,False
571337,RS10,2.68,550,273,0.778,spine,1,0,0,120,85,45,1,0,6.5,0.0,0.0,13.3,0.0,end,,80.2,0,354,5007,86,True,True
571438,RS10,3.98,648,428,0.624,spine,1,7,3,85,120,80,1,1,15.3,6.2,52.2,18.5,1.76,start,,0.0,0,0,0,658,False,False
571741,R6-A,5.75,540,495,0.938,ladder,2,20,0,75,80,40,3,2,27.6,8.2,48.4,11.0,3.48,both,,0.0,0,0,0,550,False,False
572346,RS10,3.28,610,328,0.715,spine,1,3,0,90,115,75,1,0,11.7,2.8,21.6,19.6,0.91,end,,44.4,0,332,2792,221,True,True
572446,RS10,2.15,,,0.969,,,0,,,,,,,,,,,,,parcel_too_narrow_for_a_street_and_a_lot,,,,,,False,False
572729,RS10,10.17,1134,719,0.544,ladder,2,0,0,85,120,80,2,1,4.7,0.3,0.0,38.3,0.0,end,,54.5,0,303,44105,1144,True,False
572776,RS10,2.07,,,0.968,,,0,,,,,,,,,,,,,parcel_too_narrow_for_a_street_and_a_lot,,,,,,False,False
573051,RS7.5,11.55,845,677,0.879,ladder,2,32,5,75,105,65,3,4,20.8,4.8,56.4,10.6,2.77,start,,0.0,0,0,0,855,False,False
573052,RS10,4.81,,,0.677,,,0,,,,,,,,,,,,,parcel_mostly_in_flood_hazard_or_wetland,93.3,,,,,False,False
573056,R10,3.4,637,371,0.628,spine,1,7,2,85,120,80,1,1,14.9,7.8,53.9,15.6,2.06,start,,0.0,0,0,0,647,False,False
573064,RS10,3.98,674,396,0.65,spine,1,7,0,85,120,80,1,2,14.2,7.6,51.4,12.1,1.76,both,,0.0,0,0,0,684,False,False
573259,AR2A,46.81,2127,1002,0.957,ladder,2,8,0,400,220,180,5,10,14.7,0.0,34.7,7.6,0.17,end,,0.0,0,0,0,2137,False,False
573361,RS10,9.82,981,740,0.589,ladder,2,15,1,85,120,80,3,2,18.8,4.9,41.4,18.0,1.53,both,,13.6,168,0,0,991,False,False
573711,R8,4.88,490,489,0.886,ladder,2,7,0,110,75,35,3,4,27.1,8.2,29.1,19.0,1.44,end,,0.0,0,0,0,500,False,False
574125,R20,20.33,1994,542,0.82,spine,1,18,1,115,175,135,1,4,11.7,4.6,49.8,19.3,0.89,end,,3.4,0,0,0,1927,False,False
574235,R10,3.91,899,211,0.896,spine,1,0,0,135,75,35,1,0,2.0,0.0,0.0,41.2,0.0,start,,56.8,0,514,65335,14,True,False
574515,R20,5.19,641,509,0.692,spine,1,4,0,115,175,135,1,1,13.7,3.1,41.6,31.1,0.77,both,,0.0,0,0,0,651,False,False
574805,R8,12.61,1479,742,0.501,grid,3,19,0,100,80,40,5,5,26.7,7.0,28.5,30.4,1.51,end,,0.0,0,0,0,1489,False,False
575395,R6,11.74,861,833,0.713,grid,3,46,0,65,95,55,4,5,24.2,8.2,57.2,4.3,3.92,start,,0.0,0,0,0,871,False,False
575557,R20,6.07,583,530,0.855,spine,1,4,0,115,175,135,2,2,14.2,5.0,36.9,25.1,0.66,side,,0.0,0,0,0,593,False,False
575606,R10,14.08,1259,893,0.545,grid,3,24,2,100,105,65,5,6,25.3,5.2,41.9,17.4,1.7,start,,0.0,0,0,0,1269,False,False
576064,RS10,2.24,557,262,0.67,spine,1,0,0,125,80,40,1,0,7.7,0.0,0.0,16.4,0.0,start,,75.9,0,321,456,131,True,True
576259,RS10,5.4,879,777,0.344,ladder,2,0,0,85,120,80,3,0,0.3,0.0,0.0,21.9,0.0,end,,77.9,0,114,36820,94,True,False
576487,R20,4.93,550,426,0.916,spine,1,6,0,125,165,125,1,0,13.4,6.5,57.5,16.0,1.22,start,,6.6,0,23,5294,436,True,True
576681,R10,9.4,878,567,0.822,ladder,2,14,1,110,95,55,4,3,25.8,5.2,36.8,24.3,1.49,side,,0.0,0,0,0,888,False,False
577004,R15,19.99,1438,985,0.615,grid,3,23,1,125,120,80,5,5,21.4,5.6,40.2,17.9,1.15,end,,7.3,197,0,0,1448,False,False
577055,R10,5.33,634,502,0.73,ladder,2,10,0,125,80,40,3,1,30.1,6.8,43.8,14.9,1.88,end,,0.0,0,0,0,644,False,False
577081,R8,2.02,,,0.887,,,0,,,,,,,,,,,,,parcel_mostly_in_flood_hazard_or_wetland,99.2,,,,,False,False
577257,R20,4.87,491,472,0.914,spine,1,5,0,115,175,135,1,2,12.5,4.8,50.4,12.7,1.03,end,,0.0,0,0,0,501,False,False
577358,R6,4.04,465,426,0.888,spine,1,10,1,65,95,55,2,2,18.8,6.8,49.1,15.2,2.47,side,,0.0,0,0,0,475,False,False
577545,R20,9.2,1037,667,0.579,ladder,2,6,0,170,120,80,3,3,21.4,5.7,31.0,26.8,0.65,both,,0.0,0,0,0,1047,False,False
577909,R6,6.73,770,552,0.69,ladder,2,23,0,65,95,55,3,3,26.1,7.4,48.6,11.6,3.42,start,,0.0,0,0,0,780,False,False
578168,R8,2.12,735,136,0.923,single_loaded,1,0,0,100,80,40,1,0,8.9,0.0,0.0,9.3,0.0,start,,81.8,0,561,185,108,True,False
578172,R10,5.63,1148,370,0.577,spine,1,11,0,85,120,80,1,2,13.2,6.4,52.2,18.6,1.96,start,,0.0,0,0,0,1081,False,False
578445,RS10,2.67,469,361,0.688,spine,1,1,1,85,120,80,1,1,18.5,0.1,9.1,63.5,0.37,both,,0.0,0,0,0,479,False,False
578707,R8,5.0,1011,484,0.445,ladder,2,6,1,110,75,35,3,1,28.9,3.0,23.4,40.7,1.2,end,,0.0,0,0,0,1021,False,False
578741,R20,5.51,1861,506,0.255,spine,1,4,3,115,175,135,1,1,8.8,1.3,35.6,45.0,0.73,end,,0.0,0,0,0,1794,False,False
579327,RS10,7.61,770,681,0.633,ladder,2,3,0,85,120,80,3,0,15.7,0.9,9.3,61.1,0.39,start,,13.1,0,193,45128,561,True,False
579395,RS10,3.62,1093,154,0.935,single_loaded,1,6,1,110,95,55,1,2,35.1,0.0,40.1,11.2,1.66,end,,0.0,0,0,0,1046,False,False
580345,R10,3.68,1125,148,0.964,single_loaded,1,5,0,115,90,50,1,1,28.8,0.0,33.3,23.6,1.36,start,,7.6,0,79,25721,844,True,False
580380,R10,3.95,889,231,0.837,spine,1,0,0,120,85,45,1,0,1.9,0.0,0.0,44.8,0.0,start,,53.4,0,500,73384,5,True,False
580451,RS10,2.27,537,189,0.977,single_loaded,1,5,0,85,120,80,1,1,28.7,0.0,57.1,2.7,2.2,start,,0.0,0,0,0,547,False,False
580570,R20,5.11,1396,510,0.313,spine,1,4,0,115,175,135,1,0,8.8,3.4,42.7,45.1,0.78,start,,0.0,0,0,0,1329,False,False
580688,R20,5.06,1073,448,0.458,spine,1,4,0,115,175,135,1,2,11.3,5.9,36.6,28.3,0.79,start,,0.0,0,0,0,1006,False,False
580830,R15,3.79,1100,375,0.4,spine,1,3,0,115,135,95,1,1,14.4,5.6,28.6,41.7,0.79,both,,0.0,0,0,0,1110,False,False
580867,R10,3.61,1102,149,0.956,single_loaded,1,6,0,115,90,50,1,1,31.0,0.0,40.9,13.0,1.66,start,,8.2,0,105,11623,914,True,False
580955,RS10,4.98,704,517,0.597,ladder,2,7,0,120,85,45,3,1,26.1,5.8,33.2,30.0,1.41,start,,0.0,0,0,0,714,False,False
581154,RS7.5,2.4,406,261,0.985,spine,1,6,0,95,80,40,1,2,21.2,13.8,45.3,4.6,2.5,start,,0.0,0,0,0,416,False,False
581279,RS7.5,11.72,871,781,0.75,grid,3,30,2,90,85,45,4,4,28.3,6.1,45.8,13.8,2.56,end,,0.0,0,0,0,881,False,False
581589,R10,3.75,1147,149,0.954,single_loaded,1,6,0,115,90,50,1,1,35.3,0.0,39.6,14.4,1.6,start,,6.2,71,0,0,1100,False,False
582201,RS15,4.32,453,443,0.937,spine,1,4,0,100,150,110,2,2,18.1,5.7,36.6,21.1,0.93,side,,0.0,0,0,0,463,False,False
583142,RS10,2.1,385,251,0.948,spine,1,4,0,135,75,35,1,0,22.1,11.1,45.4,21.3,1.91,start,,0.0,0,0,0,395,False,False
583397,R20,10.37,1958,623,0.371,ladder,2,5,0,185,110,70,5,4,33.8,5.0,22.8,20.2,0.48,end,,0.0,0,0,0,1968,False,False
583497,R10,35.5,2276,1331,0.51,grid,4,63,6,85,120,80,9,8,23.9,4.2,42.2,17.6,1.77,end,,6.7,0,289,18968,2286,True,True
583875,R8,18.29,1140,878,0.796,grid,3,51,0,80,105,65,4,10,22.7,7.1,53.9,5.8,2.79,end,,0.0,0,0,0,1150,False,False
585837,RS7.5,2.06,,,0.922,,,0,,,,,,,,,,,,,parcel_mostly_in_flood_hazard_or_wetland,100.0,,,,,False,False
586845,RS10,3.81,1094,158,0.959,single_loaded,1,8,0,100,100,60,1,2,33.6,0.0,49.6,4.4,2.1,end,,0.0,0,0,0,1047,False,False
587635,R10,37.98,1902,1215,0.716,grid,4,79,1,95,110,70,7,10,25.2,5.4,50.5,10.6,2.08,end,,2.8,195,0,0,1912,False,True
588107,R8,3.58,447,376,0.93,spine,1,8,1,75,110,70,1,2,15.6,6.0,53.1,12.1,2.23,start,,0.0,0,0,0,457,False,False
588913,RS10,5.29,506,464,0.981,ladder,2,4,0,145,70,30,4,0,24.1,4.7,19.3,37.5,0.76,end,,14.5,0,141,28721,354,True,False
589067,RS10,5.57,607,579,0.691,ladder,2,11,0,100,100,60,3,1,25.9,4.5,44.9,20.5,1.97,both,,0.0,0,0,0,617,False,False
589143,R10,28.62,1486,1102,0.761,grid,3,61,4,85,120,80,5,10,20.6,5.8,54.3,10.7,2.13,both,,0.0,0,0,0,1496,False,False
589305,RS10,8.35,1099,362,0.914,spine,1,18,1,85,120,80,1,4,16.8,5.0,55.6,10.3,2.16,start,,0.0,0,0,0,1032,False,False
589322,R10,10.15,1517,579,0.503,ladder,2,17,0,100,100,60,4,2,23.8,7.5,39.4,14.6,1.68,both,,14.9,354,0,0,1527,False,False
589964,R10,4.28,625,381,0.783,spine,1,8,2,85,120,80,1,1,17.7,4.8,50.3,17.4,1.87,both,,3.4,0,0,0,635,False,False
590368,RS15,8.88,926,587,0.711,ladder,2,10,0,150,100,60,3,3,22.4,6.2,39.6,19.8,1.13,both,,0.0,0,0,0,936,False,False
590577,R20,4.94,1061,450,0.451,spine,1,4,0,115,175,135,1,2,10.5,5.9,37.6,27.0,0.81,both,,0.0,0,0,0,1071,False,False
590708,R10,7.88,723,521,0.911,ladder,2,16,0,120,85,45,3,2,24.7,7.5,49.0,12.6,2.03,end,,0.0,0,0,0,733,False,False
590819,R6,2.57,530,257,0.821,spine,1,8,0,75,80,40,1,2,23.3,8.1,43.2,14.5,3.12,both,,0.0,0,0,0,540,False,False
590891,RS10,11.86,1113,607,0.765,ladder,2,21,3,100,105,65,3,5,23.9,4.3,42.9,18.6,1.77,both,,0.0,0,0,0,1123,False,False
590949,R6,13.3,1347,847,0.508,grid,3,43,2,65,95,55,5,1,27.6,5.4,46.7,19.1,3.23,start,,0.0,0,0,0,1357,False,False
591031,R20,6.84,722,548,0.753,spine,1,6,2,115,175,135,1,1,11.9,4.3,47.8,27.7,0.88,start,,0.0,0,0,0,732,False,False
591252,R8,2.11,479,320,0.601,spine,1,4,0,75,110,70,1,1,21.8,8.1,36.6,24.4,1.89,end,,0.0,0,0,0,489,False,False
591625,R10,11.21,909,839,0.64,grid,3,20,2,110,95,55,5,2,30.6,4.7,43.7,16.7,1.78,side,,0.0,0,0,0,919,False,False
591919,R8,2.03,577,214,0.715,spine,1,0,0,110,75,35,1,0,0.0,0.0,0.0,44.3,0.0,start,,55.7,0,246,39099,-40,True,False
592108,R10,2.31,544,299,0.619,spine,1,3,0,100,100,60,1,2,22.5,3.7,29.8,24.4,1.3,start,,0.0,0,0,0,554,False,False
593157,R8,19.86,1418,1327,0.46,grid,4,45,2,75,110,70,6,4,23.1,6.0,44.1,22.6,2.27,end,,0.0,0,0,0,1428,False,False
593412,RS7.5,6.5,1019,367,0.758,spine,1,7,4,75,105,65,1,0,19.9,0.4,23.6,11.4,1.08,end,,55.5,514,0,0,952,False,False
593439,R20,20.7,1552,951,0.61,ladder,2,18,2,115,175,135,4,4,17.4,2.7,43.5,22.3,0.87,both,,5.7,210,0,0,1562,False,False
594112,R10,2.22,367,339,0.78,spine,1,5,0,85,120,80,1,0,20.1,6.3,53.4,20.1,2.25,end,,0.0,0,0,0,377,False,False
594175,RS10,2.32,391,380,0.68,spine,1,4,1,85,120,80,1,0,14.8,5.0,46.2,25.2,1.72,both,,8.8,0,0,0,401,False,False
594325,RS7.5,33.11,1447,1401,0.712,grid,5,97,0,75,100,60,7,7,25.6,6.8,50.7,13.3,2.93,end,,0.0,0,0,0,1457,False,False
594376,R15,19.98,1377,1285,0.492,grid,4,11,0,125,120,80,8,5,22.0,2.7,18.9,22.1,0.55,end,,27.5,253,319,37712,1281,True,False
596991,R8,5.64,901,284,0.959,spine,1,16,0,90,90,50,1,2,19.7,11.5,55.2,6.7,2.84,both,,0.0,0,0,0,911,False,False
597232,R8,6.8,904,475,0.691,ladder,2,14,0,110,75,35,3,3,27.8,6.5,39.1,18.5,2.06,both,,0.0,0,0,0,914,False,False
597280,R8,3.2,759,187,0.98,single_loaded,1,8,0,75,110,70,1,1,29.0,0.0,56.7,7.2,2.5,start,,0.0,0,0,0,712,False,False
597940,R8,3.47,466,334,0.972,spine,1,10,0,75,110,70,1,2,16.9,10.3,59.2,1.8,2.88,both,,0.0,0,0,0,476,False,False
599842,R10,2.27,575,202,0.851,spine,1,1,0,145,70,30,1,2,25.8,0.0,10.4,43.2,0.44,both,,0.0,0,0,0,585,False,False
599850,R15,3.27,860,321,0.516,spine,1,0,0,140,110,70,1,0,25.9,0.0,0.0,74.1,0.0,start,,0.0,0,0,0,793,False,False
599916,R15,5.34,698,441,0.756,spine,1,3,0,100,150,110,1,0,7.5,1.3,22.2,31.4,0.56,start,,37.6,0,343,37031,226,True,True
599978,RS10,3.58,549,318,0.892,spine,1,7,0,95,110,70,1,2,16.7,9.4,47.4,12.9,1.96,both,,0.0,0,0,0,559,False,False
599994,RS10,2.67,586,217,0.916,spine,1,3,0,125,80,40,1,1,27.6,0.0,26.1,37.6,1.12,start,,0.0,0,0,0,596,False,False
600022,RS10,2.38,579,181,0.984,single_loaded,1,5,0,85,120,80,1,1,29.8,0.0,51.5,8.3,2.1,both,,0.0,0,0,0,589,False,False
600028,R10,3.31,570,359,0.705,spine,1,6,1,85,120,80,1,1,17.2,6.4,45.8,22.8,1.81,start,,0.0,0,0,0,580,False,False
600095,R8,5.85,665,538,0.712,ladder,2,13,0,90,90,50,3,1,27.1,4.6,41.6,23.3,2.22,start,,0.0,0,0,0,675,False,False
600477,RS10,2.8,487,393,0.638,spine,1,6,3,85,120,80,1,1,15.2,5.6,58.9,9.9,2.14,both,,0.0,0,0,0,497,False,False
600544,R10,3.76,650,624,0.404,ladder,2,5,1,95,110,70,3,0,23.3,2.3,31.4,30.7,1.33,end,,12.4,0,0,0,660,False,False
600796,R15,6.0,1335,211,0.926,single_loaded,1,9,0,100,150,110,1,2,24.8,0.0,52.1,10.9,1.5,end,,0.6,0,0,0,1288,False,False
600805,R10,4.76,557,528,0.704,ladder,2,4,0,120,85,45,4,1,34.4,5.6,21.2,33.3,0.84,side,,0.0,0,0,0,567,False,False
600828,RS10,2.35,508,273,0.738,spine,1,3,0,120,85,45,1,2,18.0,11.6,31.2,18.4,1.28,end,,0.0,0,0,0,518,False,False
600892,R8,3.01,554,284,0.833,spine,1,7,0,90,90,50,1,1,22.9,9.1,45.0,16.5,2.33,end,,0.0,0,0,0,564,False,False
600966,RS10,2.57,586,213,0.897,spine,1,3,2,135,75,35,1,1,28.7,0.0,27.3,34.8,1.17,both,,0.0,0,0,0,596,False,False
601265,R15,3.46,558,414,0.654,spine,1,4,0,100,150,110,1,1,16.1,6.6,42.1,24.6,1.15,start,,0.0,0,0,0,568,False,False
601289,R8,5.97,778,762,0.438,grid,3,12,0,95,85,45,4,1,25.8,6.4,36.9,27.8,2.01,start,,0.0,0,0,0,788,False,False
601417,R10,2.58,756,314,0.475,spine,1,2,1,100,105,65,1,0,27.3,0.5,18.5,53.7,0.77,end,,0.0,0,0,0,689,False,False
601460,R15,9.86,868,607,0.814,ladder,2,13,0,145,105,65,3,2,22.2,7.0,48.1,15.0,1.32,end,,0.0,0,0,0,878,False,False
601795,RS10,12.05,1081,719,0.675,ladder,2,23,2,85,120,80,3,5,18.4,6.3,50.1,14.4,1.91,both,,0.0,0,0,0,1091,False,False
602066,R10,7.0,1252,326,0.747,spine,1,0,0,90,115,75,1,0,3.8,0.0,0.0,40.9,0.0,end,,55.3,0,552,96056,245,True,False
602115,RS15,3.48,,,0.947,,,0,,,,,,,,,,,,,parcel_mostly_in_flood_hazard_or_wetland,93.9,,,,,False,False
602162,R10,4.36,957,230,0.864,spine,1,4,0,120,85,45,1,2,15.8,0.0,21.6,13.5,0.92,end,,38.0,0,321,3793,461,True,False
602266,R15,304.96,4582,4054,0.715,grid,10,437,3,100,150,110,17,103,20.9,4.5,50.1,9.3,1.43,both,,4.4,1462,0,0,4592,False,False
602300,R10,4.26,1282,179,0.807,single_loaded,1,11,0,85,120,80,1,1,16.9,0.0,62.3,10.4,2.58,start,,6.7,70,0,0,1235,False,False
602315,R10,176.31,5231,2230,0.658,grid,7,387,0,85,120,80,15,75,24.8,5.4,51.4,8.2,2.19,start,,0.3,0,126,17943,5241,True,False
602825,R10,16.98,1323,724,0.772,ladder,2,34,10,85,120,80,4,2,23.5,2.8,48.5,22.4,2.0,end,,0.0,0,0,0,1333,False,False
602907,RS10,3.04,542,322,0.759,spine,1,4,0,95,110,70,1,1,21.5,2.0,32.1,36.7,1.32,both,,0.0,0,0,0,552,False,False
603057,RS10,3.0,692,263,0.719,spine,1,3,0,125,80,40,1,1,26.7,7.1,23.8,22.0,1.0,both,,15.1,0,0,0,702,False,False
603149,R15,32.97,1729,1145,0.725,grid,3,39,0,100,150,110,6,10,20.9,3.7,40.6,24.4,1.18,side,,0.0,0,0,0,1739,False,False
603198,R15,3.29,619,323,0.717,spine,1,2,0,140,110,70,1,2,22.9,7.4,22.2,26.3,0.61,both,,0.0,0,0,0,629,False,False
603273,R15,5.53,985,332,0.735,spine,1,5,0,135,115,75,1,1,22.5,6.7,33.1,31.0,0.9,end,,0.0,0,0,0,918,False,False
603345,RS10,2.33,425,292,0.817,spine,1,4,0,110,95,55,1,0,19.8,6.0,42.8,16.1,1.72,start,,19.2,73,0,0,435,False,False
603352,R8,21.7,,,0.789,,,0,,,,,,,,,,,,,parcel_mostly_in_flood_hazard_or_wetland,98.0,,,,,False,False
603414,R10,2.85,628,215,0.921,spine,1,5,1,135,75,35,1,2,26.1,0.0,42.7,14.5,1.76,both,,0.0,0,0,0,638,False,False
603437,R15,6.47,773,578,0.632,ladder,2,6,0,150,100,60,3,2,24.6,7.2,32.2,24.9,0.93,start,,0.0,0,0,0,783,False,False
603951,R15,4.32,722,446,0.585,spine,1,2,0,100,150,110,1,0,9.7,2.1,18.2,60.2,0.46,start,,9.7,0,94,17599,562,True,False
604103,RS10,7.11,833,671,0.554,ladder,2,17,0,85,120,80,3,0,17.2,6.6,58.4,17.8,2.39,start,,0.0,0,0,0,843,False,False
604349,R10,388.82,5001,4354,0.778,grid,13,653,2,85,120,80,21,70,21.7,4.1,39.9,13.1,1.68,start,,19.4,5511,4164,289747,5011,True,False
604963,R10,2.32,518,306,0.638,spine,1,3,0,100,105,65,1,2,18.2,8.1,31.1,22.6,1.29,end,,0.0,0,0,0,528,False,False
605024,R15,4.06,825,282,0.759,spine,1,5,0,170,90,50,1,2,17.1,12.3,44.6,8.0,1.23,start,,0.0,0,0,0,758,False,False
605459,RS10,2.23,,,0.667,,,0,,,,,,,,,,,,,parcel_mostly_in_flood_hazard_or_wetland,100.0,,,,,False,False
605579,R15,5.81,974,304,0.853,spine,1,6,0,150,100,60,1,1,21.5,6.7,36.9,28.6,1.03,start,,0.0,0,0,0,907,False,False
605697,R15,4.65,707,346,0.828,spine,1,4,0,120,125,85,1,2,15.0,6.5,29.2,19.3,0.86,end,,15.2,0,72,10463,469,True,False
605749,RS10,5.02,648,494,0.682,ladder,2,9,0,125,80,40,3,2,26.1,9.4,41.4,13.9,1.79,end,,0.0,0,0,0,658,False,False
605874,R10,3.93,759,402,0.561,spine,1,0,0,85,120,80,1,0,0.0,0.0,0.0,27.0,0.0,start,,73.0,0,433,45854,161,True,False
605958,R10,2.31,558,214,0.84,spine,1,3,0,135,75,35,1,2,26.4,0.0,31.5,21.7,1.3,start,,0.0,0,0,0,568,False,False
606476,R15,3.7,765,256,0.822,spine,1,4,0,150,100,60,1,1,25.3,0.0,37.1,28.2,1.08,start,,0.0,0,0,0,718,False,False
606492,R8,2.04,362,282,0.871,spine,1,5,0,90,90,50,1,0,21.8,7.5,46.9,23.9,2.45,start,,0.0,0,0,0,372,False,False
607758,RS10,5.31,,,0.572,,,0,,,,,,,,,,,,,parcel_mostly_in_flood_hazard_or_wetland,93.5,,,,,False,False
608121,RS10,2.09,432,214,0.98,spine,1,4,0,135,75,35,1,2,25.8,0.0,46.8,3.7,1.92,both,,0.0,0,0,0,442,False,False
608152,R15,3.53,777,215,0.922,single_loaded,1,4,0,100,150,110,1,1,22.3,0.0,41.6,24.4,1.13,end,,1.4,0,0,0,730,False,False
608176,R15,6.8,1122,489,0.54,spine,1,5,2,100,150,110,1,0,19.3,1.0,29.7,36.3,0.74,start,,16.8,179,0,0,1055,False,True
608212,RS10,2.1,690,210,0.634,spine,1,0,0,135,75,35,1,1,37.1,0.0,0.0,52.0,0.0,both,,0.0,0,0,0,700,False,False
608425,R15,4.11,619,300,0.964,spine,1,6,0,150,100,60,1,2,18.3,13.3,51.1,0.2,1.46,both,,0.0,0,0,0,629,False,False
608457,RS10,3.99,1338,411,0.317,spine,1,3,2,85,120,80,1,0,20.7,1.0,20.7,57.6,0.75,both,,0.0,0,0,0,1348,False,False
608464,R15,35.71,2018,1117,0.69,grid,3,10,0,105,145,105,4,0,9.6,1.3,9.6,19.6,0.28,end,,66.4,983,2210,151927,1600,True,True
608694,R15,3.5,1049,211,0.689,single_loaded,1,0,0,100,150,110,1,0,36.7,0.0,0.0,47.1,0.0,both,,16.2,0,0,0,1059,False,False
608830,RS10,3.34,852,201,0.849,spine,1,5,0,145,70,30,1,0,28.6,0.0,35.7,29.0,1.5,start,,9.5,70,0,0,805,False,False
608845,R15,3.44,925,270,0.6,spine,1,1,0,145,105,65,1,1,27.1,0.0,10.3,33.0,0.29,end,,20.5,0,0,0,878,False,False
608891,R15,5.37,1297,196,0.919,single_loaded,1,4,0,110,140,100,1,0,26.1,0.0,26.4,10.3,0.75,both,,53.7,708,0,0,1307,False,False
608900,R10,3.05,737,228,0.791,spine,1,4,0,120,85,45,1,2,24.4,0.0,30.6,20.4,1.31,end,,9.7,0,48,1900,513,True,False
608936,R15,29.69,1319,1198,0.819,grid,3,44,1,100,150,110,5,7,20.5,4.9,53.1,12.9,1.48,end,,0.0,0,0,0,1329,False,False
609407,RS10,2.44,547,283,0.687,spine,1,1,0,115,90,50,1,0,22.2,1.0,10.0,38.1,0.41,end,,35.1,124,0,0,557,False,False
609422,R10,16.26,1612,1022,0.43,grid,3,31,0,85,120,80,5,10,19.1,7.1,49.8,8.4,1.91,start,,0.0,0,0,0,1622,False,False
609543,RS10,2.19,522,324,0.565,spine,1,2,1,95,110,70,1,0,22.3,0.9,21.5,45.3,0.91,end,,14.5,77,0,0,532,False,False
609690,RS15,10.93,831,798,0.718,ladder,2,13,0,100,150,110,3,4,19.0,3.5,42.0,22.5,1.19,end,,0.0,0,0,0,841,False,False
609777,RS10,3.83,455,435,0.843,spine,1,6,1,85,120,80,1,2,14.9,5.9,46.8,16.1,1.57,end,,0.0,0,0,0,465,False,False
609793,R15,4.43,903,835,0.256,ladder,2,1,0,100,150,110,2,0,12.7,1.0,7.5,47.5,0.23,both,,34.1,110,0,0,913,False,False
609831,RS10,7.39,694,678,0.683,ladder,2,16,0,85,120,80,3,1,18.0,7.3,53.0,18.1,2.17,both,,0.0,0,0,0,704,False,False
609868,R15,7.73,896,501,0.749,spine,1,9,1,100,150,110,1,1,14.4,5.8,49.5,24.7,1.16,end,,0.0,0,0,0,829,False,False
609995,R15,4.0,713,382,0.64,spine,1,2,0,110,140,100,1,0,18.3,2.1,17.8,38.4,0.5,end,,23.4,0,141,4122,517,True,True
610308,R15,5.4,,,0.544,,,0,,,,,,,,,,,,,parcel_mostly_in_flood_hazard_or_wetland,100.0,,,,,False,False
610569,R15,3.13,651,226,0.929,single_loaded,1,5,0,100,150,110,1,1,20.7,0.0,62.4,4.3,1.59,start,,0.0,0,0,0,661,False,False
610703,R10,5.34,827,286,0.981,spine,1,12,0,110,95,55,1,2,19.5,11.6,54.3,5.5,2.25,both,,0.0,0,0,0,837,False,False
610776,R15,3.74,594,361,0.76,spine,1,2,0,120,130,90,1,0,16.8,1.5,19.3,45.2,0.53,start,,22.8,146,0,0,604,False,False
610811,R8,8.07,683,610,0.843,ladder,2,20,0,75,110,70,3,4,23.8,4.8,46.9,15.4,2.48,start,,0.0,0,0,0,693,False,False
610831,R10,2.44,447,257,0.925,spine,1,4,0,125,80,40,1,2,22.4,11.7,37.9,9.2,1.64,start,,0.0,0,0,0,457,False,False
610870,RS10,2.41,513,340,0.603,spine,1,3,0,85,120,80,1,1,18.8,5.7,29.5,32.4,1.24,end,,4.0,0,0,0,523,False,False
610876,R10,3.17,712,214,0.907,spine,1,5,0,135,75,35,1,2,26.9,0.0,38.3,20.1,1.58,end,,0.0,0,0,0,722,False,False
610894,R15,17.92,1292,1044,0.579,grid,3,16,1,120,130,90,6,7,26.2,3.7,32.1,24.4,0.89,side,,0.0,0,0,0,1302,False,False
610932,AR2A,24.17,1464,1199,0.6,ladder,2,0,0,400,220,180,3,0,12.0,0.0,0.0,14.2,0.0,side,,83.7,0,2474,127729,-453,True,False
610950,RS10,2.97,511,393,0.645,spine,1,5,1,85,120,80,2,1,20.8,6.6,46.9,16.0,1.68,side,,0.0,0,0,0,521,False,False
610965,R10,4.23,578,414,0.771,spine,1,9,5,85,120,80,1,0,17.2,1.3,60.5,20.9,2.13,end,,0.0,0,0,0,588,False,False
611046,R10,3.08,373,362,0.993,spine,1,4,0,85,120,80,2,2,21.5,7.2,33.9,20.5,1.3,side,,0.0,0,0,0,383,False,False
611144,R15,3.44,591,358,0.708,spine,1,4,0,120,130,90,1,1,17.9,4.7,41.3,25.7,1.16,start,,0.0,0,0,0,601,False,False
611436,RS20,40.07,1684,1365,0.759,grid,3,41,1,115,175,135,5,13,16.8,4.6,51.0,11.8,1.02,both,,0.0,0,0,0,1694,False,False
612170,R15,4.33,559,433,0.779,spine,1,5,1,100,150,110,1,1,14.8,4.0,44.0,28.2,1.16,both,,0.0,0,0,0,569,False,False
612241,R40,16.3,1793,695,0.57,ladder,2,2,0,280,145,105,5,1,19.2,0.0,11.4,45.9,0.12,end,,18.6,121,0,0,1803,False,False
613054,R10,2.52,423,272,0.953,spine,1,4,0,120,85,45,1,2,20.7,10.9,38.4,10.7,1.59,end,,0.0,0,0,0,433,False,False
614799,R20,5.04,526,426,0.98,spine,1,6,0,125,165,125,1,2,12.9,8.8,56.5,2.9,1.19,end,,0.0,0,0,0,536,False,False
614910,R6,3.4,556,324,0.823,spine,1,5,0,65,95,55,1,0,19.3,0.7,24.9,14.9,1.47,end,,46.8,176,0,0,566,False,False
615079,R10,5.27,577,437,0.91,spine,1,10,3,85,120,80,1,2,13.4,6.0,57.7,11.1,1.9,both,,0.0,0,0,0,587,False,False
615274,R6,3.51,524,409,0.714,spine,1,9,3,65,95,55,1,1,17.9,6.8,49.9,19.7,2.57,start,,0.0,0,0,0,534,False,False
616014,R10,2.11,805,330,0.347,spine,1,1,0,90,115,75,1,0,26.9,0.0,11.0,62.1,0.47,both,,0.0,0,0,0,815,False,False
616654,R15,3.59,751,318,0.655,spine,1,1,0,140,110,70,1,2,26.5,1.2,10.0,43.1,0.28,end,,0.0,0,0,0,684,False,False
617077,R15,3.46,521,392,0.739,spine,1,3,0,105,145,105,1,2,17.9,6.0,31.0,24.8,0.87,both,,0.0,0,0,0,531,False,False
617519,R15,12.14,1277,912,0.454,grid,3,12,0,140,110,70,5,1,22.9,4.4,34.6,35.1,0.99,end,,0.0,0,0,0,1287,False,False
619262,RS20,4.26,544,358,0.954,spine,1,4,0,155,130,90,1,2,16.0,7.1,43.7,11.2,0.94,end,,0.0,0,0,0,554,False,False
620263,R20,7.4,872,443,0.835,spine,1,9,0,120,170,130,1,2,13.4,7.6,58.0,8.1,1.22,start,,0.0,0,0,0,805,False,False
620565,R40,33.57,1430,1033,0.989,ladder,2,20,0,185,220,180,4,6,14.0,0.0,58.2,10.0,0.6,both,,0.0,0,0,0,1440,False,False
620933,RS15,5.7,818,345,0.88,spine,1,9,0,120,125,85,1,2,16.3,8.3,54.1,9.2,1.58,both,,0.0,0,0,0,828,False,False
621104,RS5,3.36,528,353,0.787,spine,1,11,1,60,90,50,1,2,18.1,8.5,56.8,6.0,3.27,both,,0.0,0,0,0,538,False,False
622249,RS10,2.3,813,248,0.498,spine,1,1,0,135,75,35,1,0,31.0,1.1,10.1,57.8,0.43,start,,0.0,0,0,0,746,False,False
622708,R6,4.95,647,344,0.97,spine,1,16,0,65,95,55,1,2,16.3,9.5,59.9,6.9,3.23,both,,0.0,0,0,0,657,False,False
622725,RS10,167.8,2998,2840,0.859,grid,8,376,7,85,120,80,13,60,23.3,5.6,54.5,7.9,2.24,end,,0.0,0,0,0,3008,False,False
622743,R8,2.91,623,322,0.631,spine,1,8,0,75,110,70,1,1,18.9,9.8,53.8,10.8,2.75,start,,0.0,0,0,0,633,False,False
622875,R6,5.01,522,522,0.801,ladder,2,15,1,75,85,45,3,3,27.2,7.9,44.6,11.3,2.99,end,,0.0,0,0,0,532,False,False
623863,R6,5.06,964,501,0.457,ladder,2,13,0,75,80,40,3,3,29.4,8.5,36.6,17.3,2.57,start,,0.0,0,0,0,974,False,False
624019,RS7.5,2.13,465,335,0.596,spine,1,0,0,75,105,65,2,0,29.4,0.0,0.0,33.6,0.0,side,,66.4,0,774,3361,-507,True,False
624297,RS10,13.13,1087,732,0.719,ladder,2,23,1,85,120,80,3,3,19.2,5.3,46.1,12.8,1.75,both,,11.8,131,0,0,1097,False,False
624336,R10,7.76,774,656,0.666,ladder,2,15,0,85,120,80,3,3,23.0,5.5,45.4,17.5,1.93,start,,0.0,0,0,0,784,False,False
624548,RS20,4.85,538,436,0.902,spine,1,2,0,120,170,130,2,1,17.9,2.2,19.3,46.0,0.41,side,,5.7,0,0,0,548,False,False
625636,RS10,2.65,782,296,0.497,spine,1,3,0,100,100,60,1,0,24.8,4.1,25.7,45.5,1.13,end,,0.0,0,0,0,715,False,False
625701,RS10,2.17,374,274,0.921,spine,1,1,0,120,85,45,1,0,21.3,2.1,11.3,16.3,0.46,both,,62.6,237,0,0,384,False,False
625705,RS10,15.78,1238,1023,0.543,grid,3,24,1,85,120,80,5,4,20.7,4.7,36.9,31.5,1.52,start,,0.0,0,0,0,1248,False,False
625798,RS10,5.8,547,527,0.877,ladder,2,11,0,120,85,45,3,1,27.2,6.9,46.4,15.1,1.9,end,,0.0,0,0,0,557,False,False
625869,RS10,2.83,526,337,0.695,spine,1,5,0,85,120,80,1,1,21.1,7.1,41.6,21.9,1.77,start,,0.0,0,0,0,536,False,False
626212,RS15,13.14,1729,705,0.47,ladder,2,15,0,120,130,90,4,4,19.5,5.2,41.9,22.4,1.14,both,,0.0,0,0,0,1739,False,False
626331,RS10,2.96,567,335,0.68,spine,1,5,0,85,120,80,1,1,17.6,7.0,39.4,28.1,1.69,both,,0.0,0,0,0,577,False,False
627126,RS10,26.36,1330,1045,0.826,grid,3,54,1,85,120,80,5,6,21.1,5.5,51.5,12.2,2.05,start,,4.1,42,80,7354,1340,True,False
627747,RS7.5,2.05,496,361,0.499,spine,1,5,1,75,105,65,1,1,7.5,8.9,53.5,17.2,2.44,start,,1.7,0,0,0,506,False,False
627823,RS7.5,2.04,300,296,0.999,spine,1,6,0,75,100,60,2,0,26.0,10.1,51.0,12.9,2.94,side,,0.0,0,0,0,310,False,False
628099,RS7.5,2.24,490,200,0.996,spine,1,4,0,110,70,30,1,0,25.0,0.0,32.5,26.7,1.78,end,,15.8,0,78,2010,355,True,False
628415,R10,27.45,1596,836,0.897,grid,3,48,1,110,95,55,5,15,25.5,6.7,43.0,11.5,1.75,both,,0.0,0,0,0,1606,False,False
628623,RS10,3.19,649,232,0.925,spine,1,4,0,120,85,45,1,0,25.2,0.0,29.7,19.2,1.25,both,,34.7,230,0,0,659,False,False
629175,R15,15.09,1659,470,0.843,spine,1,20,2,100,150,110,1,4,13.8,6.7,56.4,11.7,1.33,both,,0.0,0,0,0,1669,False,False
629184,R10,18.85,962,947,0.9,grid,3,44,1,90,115,75,4,5,21.8,5.5,56.2,10.1,2.33,start,,0.0,0,0,0,972,False,False
629193,R10,2.26,605,390,0.417,spine,1,3,3,85,120,80,1,0,24.6,0.7,31.5,43.1,1.33,both,,0.0,0,0,0,615,False,False
629365,RS10,2.25,409,330,0.724,spine,1,4,0,90,115,75,1,1,21.4,7.6,42.7,17.4,1.78,end,,0.0,0,0,0,419,False,False
629452,R10,6.01,604,494,0.878,ladder,2,9,0,125,80,40,3,2,28.0,6.9,34.3,19.6,1.5,end,,3.5,0,17,1197,614,True,True
629602,R10,61.55,3186,1638,0.514,grid,5,85,8,85,120,80,10,13,24.1,3.6,32.5,19.4,1.38,both,,19.6,1431,0,0,3196,False,False
629621,RS10,2.29,460,366,0.594,spine,1,2,0,85,120,80,1,0,13.0,3.4,22.6,37.0,0.87,start,,24.0,0,97,5533,292,True,False
629741,RS10,3.77,1293,155,0.822,single_loaded,1,7,4,110,95,55,1,2,25.4,0.0,44.5,9.7,1.86,start,,7.8,0,0,0,1246,False,False
629881,R20,10.73,892,584,0.897,spine,1,9,0,115,175,135,1,2,10.0,5.4,47.1,25.9,0.84,end,,1.0,0,57,72515,763,True,False
629902,R10,28.99,1946,973,0.667,grid,3,56,0,85,120,80,6,9,23.9,5.2,45.4,16.2,1.93,start,,2.7,171,0,0,1956,False,False
629904,RS10,2.94,,,0.994,,,0,,,,,,,,,,,,,parcel_too_narrow_for_a_street_and_a_lot,,,,,,False,False
629913,R15,3.49,601,379,0.666,spine,1,3,0,110,140,100,1,1,20.5,5.8,30.8,32.6,0.86,end,,0.0,0,0,0,611,False,False
630004,R10,4.37,971,348,0.563,spine,1,0,0,85,120,80,1,0,19.5,0.0,0.0,80.4,0.0,both,,0.1,0,0,0,981,False,False
630019,RS10,9.99,916,723,0.657,ladder,2,20,7,85,120,80,3,4,20.5,3.5,50.5,12.7,2.0,start,,2.1,0,38,1880,926,True,False
630155,RS10,2.94,,,0.994,,,0,,,,,,,,,,,,,parcel_too_narrow_for_a_street_and_a_lot,,,,,,False,False
630425,R10,4.79,505,449,0.921,spine,1,5,2,85,120,80,1,0,10.5,2.1,30.0,22.3,1.04,end,,35.1,0,103,19129,327,True,False
630552,R10,11.52,2296,465,0.47,ladder,2,16,1,145,70,30,5,4,31.2,7.1,33.0,20.9,1.39,both,,0.0,0,0,0,2306,False,False
630614,R20,24.79,1351,1193,0.67,grid,3,24,0,130,155,115,6,5,25.6,3.7,44.8,16.8,0.97,side,,0.0,0,0,0,1361,False,False
630662,RS10,7.64,1075,545,0.568,ladder,2,2,1,115,90,50,4,0,10.3,0.8,6.2,9.8,0.26,start,,72.9,0,1011,0,420,True,True
630797,R10,15.86,1151,977,0.615,grid,3,26,0,85,120,80,5,6,26.4,4.1,39.0,18.2,1.64,side,,3.5,0,0,0,1161,False,False
630867,R10,3.32,804,264,0.682,spine,1,5,0,125,80,40,1,2,23.6,11.2,36.1,14.5,1.51,end,,0.0,0,0,0,737,False,False
630946,R10,4.18,918,243,0.815,spine,1,6,0,145,70,30,1,2,23.1,12.6,35.4,17.2,1.44,start,,0.0,0,0,0,851,False,False
630965,R10,2.14,557,359,0.465,spine,1,5,0,85,120,80,1,0,16.6,7.8,60.3,12.5,2.34,end,,7.2,117,0,0,567,False,False
630975,R10,23.48,1133,1069,0.844,grid,3,52,0,85,120,80,4,9,18.3,6.9,58.1,6.7,2.21,end,,0.0,0,0,0,1143,False,False
631026,R20,15.11,1701,581,0.665,spine,1,11,2,115,175,135,1,3,10.9,3.9,40.2,26.0,0.73,start,,10.0,253,0,0,1634,False,False
631503,R20,4.27,875,234,0.907,single_loaded,1,5,0,115,175,135,1,1,21.0,0.0,55.4,12.5,1.17,start,,0.0,0,0,0,828,False,False
631675,R20,4.3,631,453,0.655,spine,1,3,0,115,175,135,1,2,15.8,4.9,33.0,25.0,0.7,start,,0.0,0,0,0,641,False,False
631707,RS10,2.16,,,0.917,,,0,,,,,,,,,,,,,parcel_too_narrow_for_a_street_and_a_lot,,,,,,False,False
631976,R10,2.18,,,0.992,,,0,,,,,,,,,,,,,parcel_too_narrow_for_a_street_and_a_lot,,,,,,False,False
632079,R10,3.57,528,433,0.68,spine,1,6,2,85,120,80,2,0,25.1,5.6,49.4,19.9,1.68,side,,0.0,0,0,0,538,False,False
632143,RS10,8.24,1006,476,0.75,ladder,2,11,0,135,75,35,3,5,27.7,8.0,31.6,18.5,1.34,both,,0.0,0,0,0,1016,False,False
632349,RS10,5.38,645,495,0.734,ladder,2,10,0,125,80,40,3,1,28.6,7.5,42.9,12.4,1.86,end,,4.4,0,18,429,655,True,True
632364,RS10,4.63,675,347,0.862,spine,1,10,0,85,120,80,1,2,17.5,9.3,52.8,10.0,2.16,both,,0.0,0,0,0,685,False,False
632613,R10,3.29,775,196,0.945,spine,1,6,0,145,70,30,1,2,28.7,0.0,41.9,15.7,1.82,both,,0.0,0,0,0,785,False,False
632855,R10,11.89,2125,667,0.366,ladder,2,7,0,85,120,80,5,2,25.9,2.3,13.6,51.6,0.59,start,,4.0,118,0,0,2135,False,False
632919,R10,2.68,405,301,0.96,spine,1,3,0,100,100,60,1,0,15.3,3.8,26.0,27.3,1.12,start,,27.6,0,96,8166,250,True,True
633045,RS10,2.94,,,0.994,,,0,,,,,,,,,,,,,parcel_too_narrow_for_a_street_and_a_lot,,,,,,False,False
633077,R10,20.43,1328,1022,0.655,grid,3,23,3,85,120,80,5,4,22.1,2.6,28.4,42.0,1.13,start,,0.0,0,0,0,1338,False,False
633295,RS10,15.21,,,0.658,,,0,,,,,,,,,,,,,parcel_mostly_in_flood_hazard_or_wetland,85.1,,,,,False,False
633553,R10,3.09,856,177,0.887,single_loaded,1,2,0,85,120,80,1,1,29.7,0.0,14.9,48.2,0.65,end,,0.0,0,0,0,809,False,False
633594,R10,7.82,1486,247,0.927,spine,1,13,0,135,75,35,1,3,23.1,11.7,39.0,12.6,1.66,start,,6.7,132,0,0,1419,False,False
633816,R10,10.74,923,644,0.787,ladder,2,24,1,90,115,75,3,3,21.0,6.2,54.4,11.7,2.23,start,,0.0,0,0,0,933,False,False
633848,RS10,5.27,1166,331,0.594,spine,1,7,0,90,115,75,1,1,25.9,2.7,31.8,34.9,1.33,end,,0.0,0,0,0,1099,False,False
634271,R15,4.34,743,431,0.589,spine,1,5,1,100,150,110,1,2,10.1,4.2,42.8,25.2,1.15,both,,0.0,0,0,0,753,False,False
634402,R10,3.79,482,460,0.744,ladder,2,4,0,145,70,30,3,1,32.6,5.5,25.2,30.5,1.06,start,,0.0,0,0,0,492,False,False
634507,R20,5.36,786,366,0.813,spine,1,3,0,150,135,95,1,2,17.7,5.7,26.0,27.1,0.56,start,,6.8,0,0,0,719,False,False
634540,RS10,7.74,913,473,0.78,ladder,2,7,0,135,75,35,4,1,23.4,4.8,21.0,13.6,0.9,start,,34.2,0,518,0,578,True,True
634550,RS10,3.34,1293,152,0.739,single_loaded,1,9,0,110,95,55,1,2,15.1,0.0,65.8,4.4,2.69,start,,0.0,0,0,0,1246,False,False
634633,R10,4.88,819,263,0.986,spine,1,8,0,125,80,40,1,2,21.7,11.1,39.2,18.1,1.64,end,,0.0,0,0,0,752,False,False
634691,R10,2.38,450,262,0.881,spine,1,4,0,125,80,40,1,1,23.4,8.8,39.5,14.5,1.68,end,,3.7,0,0,0,460,False,False
634704,R20,8.74,1062,724,0.495,ladder,2,5,0,150,135,95,3,1,17.0,3.9,26.6,47.2,0.57,both,,0.0,0,0,0,1072,False,False
634723,R10,2.81,418,343,0.856,spine,1,4,0,85,120,80,2,2,22.5,6.6,34.3,19.4,1.42,side,,0.0,0,0,0,428,False,False
634856,RS10,2.97,543,284,0.838,spine,1,5,0,115,90,50,1,2,19.7,11.4,41.5,10.6,1.68,both,,0.0,0,0,0,553,False,False
635060,R10,34.63,2741,1180,0.466,grid,4,53,2,100,105,65,8,12,26.5,5.1,36.8,21.1,1.53,start,,2.8,102,0,0,2751,False,True
635073,RS10,2.43,481,298,0.739,spine,1,4,0,100,100,60,1,2,24.8,10.9,38.1,8.5,1.65,end,,0.0,0,0,0,491,False,False
635191,R10,3.14,740,318,0.58,spine,1,6,1,95,110,70,1,1,20.6,3.6,45.8,22.6,1.91,end,,0.0,0,0,0,750,False,False
635302,R10,8.5,859,797,0.541,ladder,2,15,1,85,120,80,3,3,17.0,6.5,48.8,18.5,1.76,both,,0.0,0,0,0,869,False,False
635339,R10,7.98,1192,636,0.458,ladder,2,16,0,90,115,75,4,3,21.6,5.8,48.2,15.3,2.01,end,,0.0,0,0,0,1202,False,False
635340,R10,4.35,577,429,0.765,spine,1,9,1,85,120,80,1,1,14.1,6.9,62.8,9.1,2.07,end,,0.0,0,0,0,587,False,False
635356,R10,2.94,519,354,0.698,spine,1,4,0,85,120,80,1,0,21.9,1.9,34.0,42.2,1.36,start,,0.0,0,0,0,529,False,False
635363,R20,12.17,1002,759,0.697,ladder,2,8,0,140,145,105,3,1,14.8,4.1,30.9,34.0,0.66,start,,14.8,152,127,41023,1012,True,True
635438,R15,20.53,1445,941,0.658,ladder,2,27,3,100,150,110,4,5,18.4,4.4,50.2,18.2,1.32,both,,0.0,0,0,0,1455,False,False
635732,RS10,9.32,1067,482,0.789,ladder,2,18,0,135,75,35,3,4,25.9,8.3,46.8,8.7,1.93,both,,0.0,0,0,0,1077,False,False
635775,R20,12.87,962,759,0.768,ladder,2,13,0,140,145,105,3,2,18.0,3.9,47.4,20.9,1.01,end,,4.4,164,31,11710,972,True,False
635926,R10,19.49,1821,920,0.507,grid,3,33,1,95,110,70,6,1,24.4,4.8,40.8,25.5,1.69,end,,5.8,94,0,0,1831,False,False
635928,R10,14.47,1310,796,0.605,grid,3,18,0,115,90,50,5,6,28.8,4.5,29.9,20.7,1.24,both,,8.6,184,0,0,1320,False,False
636006,RS10,2.35,534,249,0.77,spine,1,4,0,135,75,35,1,2,22.8,12.9,39.9,4.1,1.7,both,,0.0,0,0,0,544,False,False
636084,R20,8.47,917,764,0.526,ladder,2,5,1,140,145,105,3,3,17.4,4.5,27.5,33.9,0.59,both,,0.0,0,0,0,927,False,False
636089,R10,5.16,542,521,0.797,ladder,2,1,0,120,85,45,2,0,8.9,0.2,4.8,45.4,0.19,end,,40.6,0,310,59916,446,True,False
636145,RS10,10.08,1307,396,0.848,spine,1,18,2,85,120,80,1,2,16.6,7.6,51.8,18.2,1.79,start,,0.0,0,0,0,1240,False,False
636222,R10,2.85,512,447,0.542,spine,1,3,1,85,120,80,1,1,16.1,5.2,32.0,35.7,1.05,end,,0.0,0,0,0,522,False,False
636231,R20,5.02,775,399,0.707,spine,1,0,0,135,150,110,1,0,9.8,0.0,0.0,43.5,0.0,start,,46.7,0,301,14389,338,True,True
636243,RS10,3.9,937,251,0.724,spine,1,2,0,135,75,35,1,1,22.3,4.7,12.4,32.6,0.51,both,,29.3,234,0,0,947,False,False
636267,R20,4.31,746,264,0.953,single_loaded,1,3,0,115,175,135,1,0,12.9,0.0,37.7,23.0,0.7,start,,26.4,0,148,24174,437,True,False
636392,RS40,16.71,1452,685,0.731,ladder,2,6,0,290,140,100,4,2,21.2,0.0,34.4,29.3,0.36,start,,5.2,138,0,0,1462,False,True
636394,R10,6.25,611,462,0.965,ladder,2,10,0,145,70,30,3,2,27.2,10.2,39.0,15.6,1.6,both,,0.0,0,0,0,621,False,False
636403,RS10,2.31,449,232,0.967,spine,1,4,0,120,85,45,1,2,24.1,0.0,41.9,13.2,1.73,start,,0.0,0,0,0,459,False,False
636406,AR2A,55.28,3055,1494,0.528,grid,3,5,0,400,220,180,8,5,18.2,0.0,18.5,38.6,0.09,start,,8.0,209,0,0,3065,False,False
636417,AR2A,19.31,1893,780,0.57,ladder,2,0,0,530,165,125,5,1,19.7,0.0,0.0,66.9,0.0,start,,5.1,79,0,0,1903,False,False
636528,AR2A,61.83,2004,1890,0.711,grid,3,1,0,400,220,180,4,2,10.1,0.0,3.9,18.5,0.02,side,,67.3,0,5241,365031,950,True,False
636532,RS15,4.78,619,530,0.635,spine,1,5,1,100,150,110,2,0,19.2,4.0,44.5,32.3,1.05,side,,0.0,0,0,0,629,False,False
636558,RS10,44.63,2331,1387,0.601,grid,4,85,5,85,120,80,7,17,23.0,4.7,46.4,14.1,1.9,both,,3.9,336,0,0,2341,False,False
636570,AR2A,20.84,1631,668,0.834,spine,1,3,1,400,220,180,1,3,9.0,0.0,32.5,25.5,0.14,both,,0.0,0,0,0,1641,False,False
636572,RS10,2.71,630,203,0.921,spine,1,0,0,145,70,30,1,0,8.2,0.0,0.0,14.1,0.0,end,,77.7,0,461,1121,88,True,False
636578,R8,2.09,,,0.33,,,0,,,,,,,,,,,,,parcel_mostly_in_flood_hazard_or_wetland,100.0,,,,,False,False
636588,RS40,9.79,1016,480,0.874,spine,1,3,0,195,210,170,1,2,12.5,0.0,28.9,33.1,0.31,end,,7.5,83,0,0,969,False,False
636602,AR2A,46.41,2932,1093,0.631,ladder,2,1,1,400,220,180,6,8,17.7,0.0,4.6,36.8,0.02,start,,6.7,364,0,0,2942,False,False
636618,AR2A,70.27,2225,1900,0.724,grid,4,3,1,425,205,165,7,12,19.3,0.0,8.5,31.1,0.04,start,,8.0,524,0,0,2235,False,False
636743,AR2A,21.88,1583,762,0.791,ladder,2,0,0,545,160,120,4,3,18.6,0.0,0.0,53.7,0.0,end,,0.1,0,0,0,1593,False,False
636777,AR2A,50.24,3682,1659,0.358,grid,3,2,1,400,220,180,9,3,12.5,0.0,8.4,46.3,0.04,start,,22.5,204,800,220485,3692,True,False
636782,RS40,196.53,4836,3449,0.513,grid,7,82,1,190,215,175,15,22,19.9,0.0,39.2,28.1,0.42,end,,2.7,129,0,0,4846,False,False
636819,R10,2.24,402,288,0.844,spine,1,3,0,110,95,55,1,1,21.4,8.0,32.5,27.2,1.34,start,,0.0,0,0,0,412,False,False
636843,AR2A,24.63,1912,859,0.653,ladder,2,2,0,475,185,145,4,3,16.2,0.0,16.2,38.1,0.08,start,,4.7,0,193,64736,1626,True,True
636881,RS40,43.59,1865,1849,0.551,grid,4,17,0,200,200,160,7,5,19.8,0.0,35.7,33.3,0.39,end,,0.8,0,33,19018,1875,True,True
636883,RS15,10.21,964,706,0.654,ladder,2,12,1,120,130,90,4,2,21.1,4.2,43.0,24.6,1.18,side,,0.0,0,0,0,974,False,False
636896,RS40,19.03,1135,1020,0.716,ladder,2,5,0,185,220,180,3,5,13.9,0.0,25.2,36.4,0.26,both,,0.0,0,0,0,1145,False,False
636939,AR2A,21.6,1263,1236,0.603,ladder,2,2,1,400,220,180,4,1,12.4,0.0,20.4,54.3,0.09,start,,2.5,0,0,0,1273,False,False
636940,AR2A,52.34,2100,2015,0.539,grid,4,6,0,400,220,180,7,3,17.4,0.0,23.0,36.3,0.11,start,,13.1,569,0,0,2110,False,False
636948,AR2A,24.0,1660,871,0.723,ladder,2,2,0,460,190,150,4,3,16.7,0.0,16.7,35.8,0.08,start,,7.9,236,0,0,1670,False,True
636968,AR2A,32.07,3049,1269,0.361,grid,3,0,0,485,180,140,6,3,17.9,0.0,0.0,56.2,0.0,start,,6.3,0,117,64873,3059,True,False
636999,RS10,3.94,419,418,0.98,spine,1,6,0,85,120,80,1,2,13.2,7.6,47.1,16.3,1.52,start,,0.0,0,0,0,429,False,False
637012,AR2A,21.72,2053,674,0.683,ladder,2,0,0,625,140,100,5,3,21.2,0.0,0.0,51.2,0.0,start,,0.0,0,0,0,2063,False,False
637058,RS40,23.7,1678,872,0.705,ladder,2,8,0,215,190,150,4,6,17.2,0.0,31.5,27.0,0.34,both,,1.0,0,0,0,1688,False,False
637075,AR2A,52.37,2025,1457,0.773,grid,3,6,0,410,215,175,6,6,17.8,0.0,23.2,31.3,0.11,start,,5.0,181,0,0,2035,False,False
637085,RS15,5.33,637,456,0.799,spine,1,8,3,100,150,110,1,2,12.6,1.8,59.7,10.6,1.5,start,,0.0,0,0,0,647,False,False
637098,RS10,3.08,937,563,0.254,ladder,2,0,0,110,95,55,3,0,26.7,0.0,0.0,32.0,0.0,end,,43.6,31,0,0,947,False,False
637141,AR2A,21.04,2322,676,0.584,ladder,2,0,0,625,140,100,5,0,23.6,0.0,0.0,69.2,0.0,both,,10.6,570,0,0,2332,False,False
637174,AR2A,22.79,2219,465,0.962,spine,1,3,0,425,205,165,1,6,11.9,0.0,26.2,8.6,0.13,both,,3.1,0,0,0,2229,False,False
637177,AR2A,50.43,1963,1866,0.6,grid,4,3,0,425,205,165,7,9,17.3,0.0,12.0,31.6,0.06,start,,4.6,161,89,31363,1973,True,True
637188,RS20,7.64,665,597,0.838,ladder,2,2,0,195,105,65,4,0,19.1,1.7,12.4,24.4,0.26,start,,42.4,0,490,0,372,True,False
637203,R8,2.41,654,330,0.486,spine,1,5,0,75,110,70,1,1,15.8,7.9,41.7,26.3,2.08,both,,0.0,0,0,0,664,False,False
637257,RS15,5.57,676,565,0.634,ladder,2,2,0,160,95,55,2,0,5.7,1.7,13.0,22.5,0.36,start,,57.8,24,465,39964,686,True,False
637265,RS15,5.25,822,394,0.706,spine,1,2,0,105,145,105,1,0,9.4,1.8,13.7,18.1,0.38,start,,56.9,0,430,11201,318,True,False
637290,AR2A,66.66,2928,2006,0.494,grid,4,0,0,400,220,180,8,15,18.2,0.0,0.0,36.8,0.0,both,,0.0,0,0,0,2938,False,False
637301,AR2A,45.3,2044,1469,0.657,grid,3,4,0,410,215,175,6,8,17.5,0.0,18.0,26.5,0.09,start,,3.0,115,0,0,2054,False,False
637325,AR2A,18.77,1482,595,0.927,spine,1,3,1,400,220,180,1,3,9.5,0.0,36.5,16.3,0.16,start,,0.0,0,0,0,1435,False,False
637329,RS15,6.66,877,389,0.851,spine,1,9,0,105,145,105,1,1,15.6,5.4,47.6,14.9,1.35,both,,12.8,73,0,0,887,False,False
637360,R10,5.32,623,469,0.794,ladder,2,7,0,145,70,30,3,2,29.4,4.9,32.4,23.8,1.32,both,,0.0,0,0,0,633,False,False
637382,R10,2.29,,,0.962,,,0,,,,,,,,,,,,,parcel_too_narrow_for_a_street_and_a_lot,,,,,,False,False
637401,RS40,23.03,2195,1063,0.43,ladder,2,8,4,185,220,180,5,4,14.8,0.0,35.9,32.3,0.35,both,,0.0,0,0,0,2205,False,False
637411,RS40,18.36,1073,775,0.961,ladder,2,7,0,245,165,125,3,6,16.5,0.0,35.6,14.7,0.38,start,,3.6,75,0,0,1083,False,False
637430,RS15,3.36,754,199,0.975,single_loaded,1,2,0,110,140,100,1,0,14.4,0.0,21.3,15.5,0.6,end,,48.9,0,341,1799,323,True,False
637435,RS10,11.81,895,813,0.707,ladder,2,24,2,85,120,80,3,3,17.2,6.3,54.4,15.4,2.03,both,,0.0,0,0,0,905,False,False
637488,AR2A,18.32,2467,598,0.541,spine,1,1,1,400,220,180,1,1,12.7,0.0,11.2,61.6,0.05,both,,1.7,0,0,0,2477,False,False
637500,AR2A,19.93,1069,961,0.845,ladder,2,2,0,415,210,170,3,2,15.0,0.0,20.1,45.0,0.1,start,,0.0,0,0,0,1079,False,False
637509,RS15,9.12,891,745,0.598,ladder,2,11,1,110,140,100,3,3,19.0,5.2,43.1,20.9,1.21,end,,0.0,0,0,0,901,False,False
637628,R10,5.47,1156,254,0.811,spine,1,9,0,135,75,35,1,4,23.1,14.2,40.4,4.4,1.65,start,,0.0,0,0,0,1089,False,False
637654,RS15,3.2,695,346,0.579,spine,1,3,0,120,125,85,1,2,16.7,7.8,32.3,22.7,0.94,end,,0.0,0,0,0,705,False,False
637658,RS15,4.6,,,0.421,,,0,,,,,,,,,,,,,parcel_mostly_in_flood_hazard_or_wetland,100.0,,,,,False,False
637677,R10,81.46,2504,2207,0.642,grid,7,155,3,90,115,75,11,16,25.7,4.7,45.2,16.4,1.9,end,,3.8,267,175,6108,2514,True,False
637692,RS15,5.34,619,409,0.918,spine,1,7,0,100,150,110,2,1,18.0,6.0,47.2,22.0,1.31,side,,0.0,0,0,0,629,False,False
637707,AR2A,52.64,3968,1924,0.3,grid,4,2,0,415,210,170,10,6,19.0,0.0,7.5,45.6,0.04,end,,6.6,225,0,0,3978,False,False
637725,RS15,3.72,,,0.554,,,0,,,,,,,,,,,,,parcel_mostly_in_flood_hazard_or_wetland,100.0,,,,,False,False
637749,RS40,13.2,940,663,0.922,ladder,2,4,0,300,135,95,3,4,19.4,0.0,28.5,21.6,0.3,start,,3.4,55,0,0,950,False,False
637762,RS10,4.03,,,0.914,,,0,,,,,,,,,,,,,parcel_mostly_in_flood_hazard_or_wetland,91.0,,,,,False,False
637808,RS10,6.59,904,518,0.613,ladder,2,7,1,120,85,45,3,3,28.3,4.7,25.0,31.1,1.06,start,,0.0,0,0,0,914,False,False
637816,AR2A,18.04,1749,752,0.598,ladder,2,0,0,545,160,120,4,0,21.0,0.0,0.0,69.3,0.0,end,,10.8,151,0,0,1759,False,True
637819,AR2A,30.45,2148,971,0.636,ladder,2,1,0,410,215,175,5,6,18.5,0.0,6.6,35.4,0.03,both,,0.0,0,0,0,2158,False,False
637875,AR2A,19.48,1471,841,0.686,ladder,2,1,0,485,180,140,4,1,18.5,0.0,10.1,53.3,0.05,end,,9.2,178,0,0,1481,False,True
637876,AR2A,22.29,1741,890,0.627,ladder,2,0,0,460,190,150,4,5,18.1,0.0,0.0,37.5,0.0,end,,0.0,0,0,0,1751,False,False
637932,RS10,20.94,1781,1020,0.502,grid,3,42,1,85,120,80,5,9,20.5,6.4,50.9,11.6,2.01,end,,0.0,0,0,0,1791,False,False
637951,AR2A,31.44,1706,1006,0.798,ladder,2,1,0,400,220,180,4,6,14.9,0.0,6.7,38.4,0.03,both,,1.3,0,0,0,1716,False,False
637954,RS20,4.97,495,474,0.922,spine,1,5,0,115,175,135,1,2,12.4,6.8,49.6,11.0,1.01,start,,0.0,0,0,0,505,False,False
637983,R10,5.25,700,334,0.978,spine,1,12,1,90,115,75,1,2,16.7,10.0,56.1,7.8,2.29,start,,0.0,0,0,0,710,False,False
638025,AR2A,27.87,,,0.595,,,0,,,,,,,,,,,,,parcel_mostly_in_flood_hazard_or_wetland,99.9,,,,,False,False
638047,RS15,5.6,1022,330,0.723,spine,1,2,0,135,115,75,1,1,17.3,2.5,13.0,34.3,0.36,start,,26.7,0,94,14753,694,True,False
638105,RS10,4.25,937,263,0.751,spine,1,7,0,125,80,40,1,2,25.2,4.1,39.0,20.3,1.65,end,,0.0,0,0,0,870,False,False
638155,RS15,5.68,788,427,0.736,spine,1,7,0,100,150,110,1,1,17.9,6.1,46.7,22.7,1.23,end,,0.0,0,0,0,721,False,False
638170,RS15,7.08,980,657,0.479,ladder,2,8,0,125,120,80,3,2,21.2,7.2,39.2,22.5,1.13,both,,0.0,0,0,0,990,False,False
638229,AR2A,47.87,2612,1388,0.575,grid,3,3,0,440,200,160,7,10,18.8,0.0,12.8,26.6,0.06,end,,0.0,0,0,0,2622,False,False
638231,R10,2.39,681,156,0.977,single_loaded,1,3,0,100,100,60,1,1,34.4,0.0,29.0,7.1,1.26,end,,30.3,209,0,0,691,False,False
638253,RS15,3.42,774,224,0.861,single_loaded,1,5,0,100,150,110,1,1,20.7,0.0,56.3,11.7,1.46,start,,0.0,0,0,0,727,False,False
638321,AR2A,41.92,3439,854,0.622,ladder,2,0,0,475,185,145,7,6,17.7,0.0,0.0,52.0,0.0,end,,2.0,0,0,0,3449,False,False
638333,AR2A,24.85,1775,707,0.862,spine,1,2,0,400,220,180,1,5,8.8,0.0,19.2,23.9,0.08,end,,1.0,0,0,0,1728,False,False
638432,AR2A,34.99,2305,1292,0.512,grid,3,1,0,475,185,145,6,6,17.2,0.0,6.0,42.1,0.03,end,,0.0,0,0,0,2315,False,False
638515,RS10,2.69,,,0.692,,,0,,,,,,,,,,,,,parcel_mostly_in_flood_hazard_or_wetland,93.2,,,,,False,False
638570,R10,2.18,472,329,0.611,spine,1,4,0,90,115,75,1,1,22.0,3.0,44.0,20.5,1.84,end,,0.0,0,0,0,482,False,False
638590,R10,7.7,750,708,0.631,ladder,2,3,0,85,120,80,3,0,17.9,1.4,10.5,14.7,0.39,side,,63.2,0,999,4625,258,True,False
638644,AR2A,27.62,1393,940,0.919,ladder,2,2,0,425,205,165,4,2,15.5,0.0,14.2,49.3,0.07,start,,8.7,264,0,0,1403,False,False
638650,RS15,3.79,830,328,0.606,spine,1,3,0,135,115,75,1,1,22.3,6.2,28.6,33.5,0.79,end,,0.0,0,0,0,763,False,False
638696,R8,31.84,1419,1211,0.807,grid,4,83,2,75,110,70,6,8,24.9,4.8,49.4,14.8,2.61,start,,1.3,0,0,0,1429,False,False
638757,RS15,10.81,1292,681,0.535,ladder,2,4,0,120,125,85,4,1,21.6,2.1,13.2,39.0,0.37,start,,23.0,123,123,26557,1302,True,False
638817,AR2A,34.36,2401,1229,0.508,ladder,2,3,2,400,220,180,6,4,16.2,0.0,17.8,37.0,0.09,both,,5.3,0,0,0,2411,False,False
638836,R10,2.76,,,0.96,,,0,,,,,,,,,,,,,parcel_mostly_in_flood_hazard_or_wetland,92.4,,,,,False,False
638919,RS20,5.06,793,321,0.867,spine,1,1,0,185,110,70,1,0,8.6,1.7,9.4,23.1,0.2,start,,57.2,0,423,7340,257,True,False
638954,RS15,10.53,1066,546,0.789,ladder,2,9,1,170,90,50,3,6,25.7,4.2,31.1,17.7,0.85,end,,0.7,0,0,0,1076,False,False
638987,RS15,26.23,1598,1161,0.616,grid,3,24,0,100,150,110,5,4,20.9,3.0,31.4,31.4,0.91,end,,10.8,334,0,0,1608,False,True
639127,AR2A,22.68,1598,940,0.658,ladder,2,2,0,425,205,165,4,0,16.4,0.0,17.6,34.0,0.09,both,,39.0,838,0,0,1608,False,False
639129,RS20,13.14,946,905,0.669,ladder,2,0,0,115,175,135,4,0,8.0,0.0,0.0,13.4,0.0,end,,78.6,0,1188,11724,304,True,False
639164,R10,5.28,670,413,0.831,spine,1,11,2,85,120,80,1,2,14.0,6.7,62.6,5.3,2.08,start,,0.0,0,0,0,680,False,False
639168,RS15,4.35,621,325,0.94,spine,1,2,0,140,110,70,1,1,17.4,3.8,16.8,25.1,0.46,end,,28.4,0,13,2632,545,True,False
639180,RS15,4.88,715,303,0.981,spine,1,0,0,150,100,60,1,0,4.6,0.0,0.0,26.5,0.0,start,,69.0,0,536,19984,118,True,False
639309,AR2A,19.09,1573,757,0.698,ladder,2,0,0,545,160,120,4,2,19.1,0.0,0.0,59.8,0.0,both,,0.0,0,0,0,1583,False,False
639378,RS15,9.15,688,672,0.862,ladder,2,11,0,120,125,85,3,1,20.4,4.1,41.3,13.7,1.2,end,,19.9,231,0,0,698,False,False
639408,RS20,8.71,793,752,0.637,ladder,2,1,0,140,145,105,5,1,21.7,0.9,5.4,19.0,0.11,side,,54.5,0,194,1569,684,True,False
639429,AR2A,19.49,1928,812,0.543,ladder,2,1,0,500,175,135,5,1,18.6,0.0,10.0,55.2,0.05,end,,5.8,0,0,0,1938,False,False
639434,AR2A,51.08,3408,1405,0.465,grid,3,3,0,425,205,165,8,7,17.0,0.0,11.6,40.7,0.06,start,,4.3,285,0,0,3418,False,True
639470,R8,2.45,470,294,0.772,spine,1,5,0,85,95,55,1,2,20.9,4.3,39.2,19.7,2.04,end,,0.0,0,0,0,480,False,False
639493,RS20,5.79,806,493,0.635,spine,1,2,0,115,175,135,2,1,14.7,0.4,17.5,42.2,0.35,side,,16.1,0,145,30553,592,True,False
639520,RS10,3.81,766,334,0.648,spine,1,6,0,90,115,75,1,1,20.8,6.8,38.6,27.3,1.58,both,,0.0,0,0,0,776,False,False
639529,RS15,3.55,783,200,0.987,single_loaded,1,2,0,110,140,100,1,0,13.9,0.0,20.3,14.0,0.56,end,,51.8,0,379,946,330,True,False
639545,AR2A,49.83,1857,1573,0.743,grid,3,8,1,400,220,180,6,4,17.8,0.0,33.3,31.9,0.16,end,,1.7,224,0,0,1867,False,True
639568,RS15,4.97,936,330,0.701,spine,1,5,0,135,115,75,1,1,23.8,7.5,36.4,25.0,1.01,start,,0.0,0,0,0,869,False,False
639589,RS10,6.27,1395,204,0.96,spine,1,13,0,145,70,30,1,4,28.0,0.0,50.6,5.8,2.07,start,,0.0,0,0,0,1348,False,False
639618,AR2A,18.38,1744,866,0.53,ladder,2,0,0,475,185,145,4,4,18.0,0.0,0.0,39.3,0.0,start,,0.1,0,0,0,1754,False,False
639680,AR2A,21.75,1575,720,0.835,ladder,2,0,0,585,150,110,4,2,18.7,0.0,0.0,62.5,0.0,end,,0.0,0,0,0,1585,False,False
639742,RS40,8.39,1873,203,0.963,single_loaded,1,3,0,280,145,105,1,3,25.8,0.0,33.8,6.4,0.36,end,,0.0,0,0,0,1826,False,False
639798,AR2A,18.92,1107,1025,0.726,ladder,2,0,0,400,220,180,3,4,14.6,0.0,0.0,44.1,0.0,start,,0.0,0,0,0,1117,False,False
639812,AR2A,54.28,3998,1528,0.387,grid,3,1,0,400,220,180,8,10,15.5,0.0,3.7,42.9,0.02,start,,1.9,241,274,148535,4008,True,False
639832,RS15,40.71,1944,1019,0.895,grid,3,52,0,120,125,85,6,8,22.3,4.1,45.0,18.5,1.28,end,,4.1,274,0,0,1954,False,False
639968,RS15,3.93,773,340,0.65,spine,1,3,0,125,120,80,1,0,23.6,1.0,25.9,49.5,0.76,start,,0.0,0,0,0,706,False,False
639990,AR2A,49.79,3023,1191,0.602,ladder,2,3,0,400,220,180,7,10,14.8,0.0,12.9,27.8,0.06,start,,1.9,0,0,0,3033,False,False
640054,AR2A,76.67,3628,2035,0.452,grid,4,8,0,400,220,180,8,4,11.1,0.0,20.9,17.8,0.1,end,,41.1,462,2137,84871,3638,True,False
640100,RS15,3.6,711,255,0.865,spine,1,3,0,150,100,60,1,0,22.0,0.0,28.4,30.1,0.83,start,,22.3,77,0,0,721,False,False
640132,RS10,5.57,748,484,0.67,ladder,2,9,0,135,75,35,3,1,25.4,9.1,39.4,21.6,1.62,end,,0.0,0,0,0,758,False,False
640157,RS15,5.38,836,445,0.631,spine,1,6,3,100,150,110,1,0,19.5,1.0,41.6,37.5,1.11,end,,0.5,0,0,0,769,False,False
640197,AR2A,65.45,3313,1074,0.801,ladder,2,7,1,400,220,180,7,11,16.1,0.0,22.8,24.9,0.11,both,,0.0,0,0,0,3323,False,False
640228,RS15,9.26,1624,367,0.677,spine,1,10,0,115,135,95,1,2,17.6,6.1,38.4,25.0,1.08,end,,6.5,105,0,0,1557,False,False
640252,AR2A,40.03,2135,1472,0.555,grid,3,3,0,410,215,175,6,5,17.3,0.0,15.2,40.7,0.07,end,,1.7,0,0,0,2145,False,False
640259,RS15,8.14,1240,309,0.925,spine,1,10,0,145,105,65,1,4,19.0,8.9,43.8,10.8,1.23,start,,0.0,0,0,0,1173,False,False
640261,AR2A,38.14,,,0.775,,,0,,,,,,,,,,,,,parcel_mostly_in_flood_hazard_or_wetland,88.8,,,,,False,False
640338,RS10,2.83,654,228,0.827,spine,1,4,0,120,85,45,1,1,27.8,0.0,33.7,30.1,1.41,end,,0.0,0,0,0,664,False,False
640342,RS15,4.1,756,501,0.471,spine,1,0,0,100,150,110,1,1,7.2,0.4,0.0,57.0,0.0,both,,25.4,0,0,0,766,False,False
640362,AR2A,66.83,2799,1618,0.643,grid,4,0,0,515,170,130,8,0,6.6,0.0,0.0,20.1,0.0,start,,74.3,192,5488,6811,1454,True,False
640400,RS10,12.39,1056,597,0.856,ladder,2,21,1,100,105,65,3,6,22.1,6.4,41.2,18.5,1.69,both,,0.0,0,0,0,1066,False,False
640402,AR2A,54.04,2768,1238,0.687,grid,3,0,0,500,175,135,8,13,20.1,0.0,0.0,30.0,0.0,start,,2.2,0,145,48512,2778,True,False
640507,R8,2.1,531,190,0.907,single_loaded,1,6,0,75,110,70,1,1,22.1,0.0,66.3,0.6,2.86,both,,0.0,0,0,0,541,False,False
640612,R8,6.47,712,578,0.685,ladder,2,12,0,80,100,60,3,3,24.6,5.6,34.2,21.1,1.85,start,,5.9,0,0,0,722,False,False
640783,RS10,2.49,654,222,0.747,spine,1,3,0,125,80,40,1,2,25.6,0.0,28.8,23.3,1.21,end,,3.8,0,0,0,664,False,False
640903,AR2A,48.65,1966,1264,0.853,grid,3,1,0,485,180,140,6,2,20.3,0.0,4.2,63.2,0.02,both,,4.4,0,0,0,1976,False,False
640909,AR2A,35.67,2866,775,0.699,ladder,2,0,0,530,165,125,6,4,20.2,0.0,0.0,56.6,0.0,both,,1.2,0,0,0,2876,False,False
640920,RS10,2.75,607,203,0.973,spine,1,6,0,145,70,30,1,2,27.4,0.0,52.8,2.2,2.18,start,,0.0,0,0,0,617,False,False
640921,AR2A,94.48,4161,1441,0.686,grid,3,2,0,415,210,170,10,17,15.3,0.0,4.2,41.3,0.02,side,,4.9,0,2142,595044,4171,True,False
640922,AR2A,19.91,1159,1131,0.661,grid,3,0,0,545,160,120,4,1,19.8,0.0,0.0,71.1,0.0,both,,0.0,0,0,0,1169,False,False
640962,AR2A,21.41,1853,830,0.606,ladder,2,0,0,485,180,140,5,0,19.2,0.0,0.0,65.8,0.0,end,,18.9,338,0,0,1863,False,False
640973,RS15,6.34,767,443,0.812,spine,1,0,0,100,150,110,1,0,0.0,0.0,0.0,29.5,0.0,end,,70.5,0,726,79336,-32,True,False
640978,AR2A,60.12,2667,1502,0.654,grid,3,7,0,400,220,180,7,4,18.9,0.0,23.3,41.5,0.12,start,,3.8,183,0,0,2677,False,True
641395,RS10,5.2,768,316,0.934,spine,1,11,0,95,110,70,1,2,19.2,7.9,50.7,13.0,2.12,start,,0.0,0,0,0,701,False,False
641540,RS40,27.83,2073,1010,0.579,ladder,2,14,0,185,220,180,5,4,15.9,0.0,47.6,22.8,0.5,both,,0.0,0,0,0,2083,False,False
641553,AR2A,29.59,2259,1418,0.402,grid,3,0,0,425,205,165,6,5,21.5,0.0,0.0,41.4,0.0,both,,4.3,0,0,0,2269,False,False
641573,AR2A,75.64,3341,1634,0.604,grid,3,4,3,400,220,180,8,11,17.6,0.0,11.0,35.4,0.05,start,,7.0,0,7,20217,3351,True,True
641578,AR2A,24.06,2252,818,0.569,ladder,2,2,0,500,175,135,5,4,18.9,0.0,16.6,25.8,0.08,start,,7.2,207,0,0,2262,False,False
641609,R10,2.38,684,155,0.979,single_loaded,1,3,0,110,95,55,1,1,35.1,0.0,31.6,7.8,1.26,start,,18.4,54,0,0,694,False,False
641699,RS15,6.83,896,583,0.569,ladder,2,1,0,150,100,60,2,0,6.3,0.8,4.9,19.2,0.15,end,,68.7,0,719,5578,906,True,False
641731,RS15,3.6,605,340,0.763,spine,1,4,0,125,120,80,1,2,20.1,8.7,38.9,12.9,1.11,start,,0.0,0,0,0,615,False,False
641846,AR2A,27.99,1463,1168,0.713,ladder,2,4,1,400,220,180,4,2,15.2,0.0,30.1,37.0,0.14,both,,2.3,0,0,0,1473,False,False
641960,RS10,6.41,1438,201,0.965,spine,1,14,0,145,70,30,1,4,28.3,0.0,52.5,4.2,2.18,start,,0.0,0,0,0,1391,False,False
643114,RS20,8.44,1585,423,0.548,spine,1,9,0,125,160,120,1,1,14.8,5.2,49.7,24.7,1.07,start,,0.0,0,0,0,1518,False,False
643307,RS15,191.01,3430,3200,0.758,grid,8,181,1,100,150,110,13,35,20.9,2.8,33.2,7.4,0.95,both,,37.0,7684,0,0,3440,False,False
644798,RS20,16.72,1098,814,0.815,ladder,2,16,0,125,160,120,3,6,17.1,4.8,44.0,13.9,0.96,end,,3.6,0,0,0,1108,False,False
645614,RS15,3.15,401,401,0.852,spine,1,0,0,100,150,110,1,0,6.5,0.0,0.0,51.7,0.0,start,,41.7,0,272,38172,74,True,False
645940,AR2A,30.37,2236,964,0.614,ladder,2,3,0,415,210,170,5,3,17.5,0.0,20.0,39.9,0.1,start,,2.9,0,0,0,2246,False,False
646054,AR2A,77.85,2624,2272,0.569,grid,4,8,1,400,220,180,8,10,16.2,0.0,21.7,32.1,0.1,start,,3.8,130,70,155850,2634,True,False
646353,RS40,33.82,,,0.719,,,0,,,,,,,,,,,,,parcel_mostly_in_flood_hazard_or_wetland,98.2,,,,,False,False
646394,R40,8.49,1180,523,0.599,spine,1,2,0,185,220,180,1,2,15.0,0.0,23.4,38.4,0.24,start,,0.0,0,0,0,1133,False,False
646424,RS40,865.95,9743,7240,0.535,grid,14,388,4,185,220,180,31,93,20.2,0.0,41.9,26.2,0.45,side,,2.2,1621,0,0,9753,False,False
646446,AR2A,22.36,1285,1086,0.698,ladder,2,2,2,400,220,180,4,0,15.3,0.0,19.2,59.5,0.09,end,,7.5,145,0,0,1295,False,False
646496,R15,5.95,1189,573,0.38,ladder,2,1,0,150,100,60,3,2,21.3,3.5,5.8,58.3,0.17,both,,0.0,0,0,0,1199,False,False
646670,R10,2.44,523,411,0.495,spine,1,3,3,85,120,80,1,0,21.6,0.4,31.4,46.6,1.23,both,,0.0,0,0,0,533,False,False
646772,R40,8.55,1662,295,0.759,single_loaded,1,4,0,185,220,180,1,2,8.0,0.0,47.6,20.5,0.47,start,,0.0,0,0,0,1615,False,False
646809,AR2A,23.84,1931,1130,0.476,grid,3,0,0,545,160,120,6,0,21.9,0.0,0.0,73.0,0.0,start,,7.6,424,0,0,1941,False,True
646845,R40,318.86,6651,5092,0.41,grid,10,126,2,185,220,180,23,46,19.5,0.0,37.0,28.7,0.4,start,,1.4,95,171,28652,6661,True,True
646977,AR2A,38.69,1815,1481,0.627,grid,3,0,0,410,215,175,6,3,18.6,0.0,0.0,63.2,0.0,start,,3.3,219,0,0,1825,False,True
647041,R15,4.38,681,527,0.531,spine,1,0,0,100,150,110,1,0,14.0,0.0,0.0,86.0,0.0,both,,0.0,0,0,0,691,False,False
647305,R40,26.36,1984,1149,0.504,ladder,2,9,0,185,220,180,5,4,13.4,0.0,35.6,29.5,0.34,end,,6.7,0,0,0,1994,False,False
647352,R20,21.8,2361,819,0.491,ladder,2,15,0,125,160,120,5,5,17.9,4.9,32.3,32.2,0.69,both,,2.2,0,0,0,2371,False,False
647386,R20,10.71,966,603,0.801,spine,1,10,1,115,175,135,1,3,11.1,5.0,52.0,16.0,0.93,both,,0.0,0,0,0,976,False,False
647423,R15,3.65,760,436,0.48,spine,1,2,1,100,150,110,1,1,21.1,0.8,20.1,48.3,0.55,start,,0.0,0,0,0,693,False,False
647493,AR2A,29.03,3144,1053,0.382,ladder,2,2,2,400,220,180,2,1,5.1,0.0,14.0,48.1,0.07,start,,26.2,0,943,375860,1694,True,False
647536,AR2A,23.12,1361,796,0.93,ladder,2,0,0,515,170,130,4,3,18.1,0.0,0.0,56.1,0.0,both,,0.0,0,0,0,1371,False,False
647573,R40,10.48,1636,521,0.535,spine,1,1,0,185,220,180,1,1,18.8,0.0,9.2,57.4,0.1,end,,5.3,0,0,0,1589,False,False
647594,R15,4.0,550,317,0.999,spine,1,4,0,140,110,70,2,1,21.5,8.0,35.7,25.9,1.0,side,,0.0,0,0,0,560,False,False
647653,R40,12.98,2231,260,0.975,single_loaded,1,7,0,200,205,165,1,3,20.4,0.0,50.8,7.1,0.54,start,,0.0,0,0,0,2184,False,False
647807,AR2A,27.58,1606,1343,0.557,grid,3,1,0,450,195,155,5,7,18.3,0.0,7.5,24.0,0.04,both,,0.0,0,0,0,1616,False,False
648214,R40,10.86,2027,286,0.817,single_loaded,1,5,0,185,220,180,1,3,7.4,0.0,44.2,23.2,0.46,start,,0.0,0,0,0,1980,False,False
648276,AR2A,28.98,2022,1175,0.531,ladder,2,0,0,400,220,180,4,2,11.9,0.0,0.0,37.7,0.0,start,,36.4,0,523,25588,1488,True,False
648393,R10,2.84,446,296,0.935,spine,1,5,0,100,100,60,1,2,19.4,9.5,40.3,14.5,1.76,end,,0.0,0,0,0,456,False,False
648429,R40,16.91,2152,711,0.482,ladder,2,5,0,270,150,110,5,2,21.4,0.0,27.3,40.9,0.3,end,,0.0,0,0,0,2162,False,False
648441,RS20,4.91,1001,348,0.615,spine,1,3,0,160,125,85,2,1,23.3,5.6,28.3,33.4,0.61,side,,0.0,0,0,0,1011,False,False
648495,AR2A,77.9,4579,1799,0.412,grid,4,0,0,450,195,155,12,10,19.9,0.0,0.0,54.6,0.0,side,,0.0,0,0,0,4589,False,False
648544,R40,24.5,2364,905,0.499,ladder,2,3,0,210,195,155,5,6,19.6,0.0,11.5,46.5,0.12,end,,0.0,0,0,0,2374,False,False
648611,R40,9.49,993,572,0.728,spine,1,5,3,185,220,180,1,2,9.9,0.0,54.4,13.2,0.53,both,,0.0,0,0,0,1003,False,False
648731,R20,5.34,694,454,0.739,spine,1,5,0,115,175,135,1,1,15.9,5.2,43.9,26.1,0.94,end,,0.0,0,0,0,704,False,False
648970,AR2A,37.95,2746,779,0.773,ladder,2,0,0,530,165,125,6,3,19.4,0.0,0.0,56.5,0.0,both,,9.6,399,0,0,2756,False,False
648972,RS15,10.38,1102,680,0.604,ladder,2,11,0,120,125,85,3,5,21.4,3.8,37.0,21.3,1.06,end,,0.0,0,0,0,1112,False,False
648987,R15,26.08,1352,1122,0.749,grid,3,34,0,105,145,105,5,7,21.5,4.6,45.5,19.1,1.3,both,,0.0,0,0,0,1362,False,False
649121,R40,10.26,820,770,0.708,ladder,2,4,0,250,160,120,3,1,19.7,0.0,36.4,34.4,0.39,start,,0.0,0,0,0,830,False,False
649205,AR2A,22.03,1489,939,0.686,ladder,2,1,0,425,205,165,4,2,15.7,0.0,8.9,56.3,0.05,both,,1.4,0,0,0,1499,False,False
649233,RS15,5.99,620,586,0.718,ladder,2,7,2,150,100,60,3,0,26.1,3.4,40.7,29.8,1.17,end,,0.0,0,0,0,630,False,False
649275,AR2A,22.08,2059,969,0.482,grid,3,0,0,675,130,90,6,1,24.2,0.0,0.0,66.3,0.0,end,,0.0,0,0,0,2069,False,False
649296,R40,12.51,1971,546,0.507,spine,1,2,2,185,220,180,1,0,15.6,0.0,15.0,57.4,0.16,start,,13.4,136,0,0,1924,False,False
649299,R15,17.15,1954,442,0.865,spine,1,27,1,100,150,110,1,4,13.0,7.1,62.4,3.9,1.57,both,,5.4,145,0,0,1964,False,False
649338,R20,4.14,640,368,0.764,spine,1,0,0,150,135,95,1,1,15.9,0.1,0.0,48.4,0.0,end,,24.6,0,75,12691,459,True,True
649433,AR2A,26.31,,,0.49,,,0,,,,,,,,,,,,,parcel_mostly_in_flood_hazard_or_wetland,91.4,,,,,False,False
649479,RS20,16.01,2030,1685,0.204,grid,4,7,0,120,170,130,7,0,17.3,1.3,20.2,61.2,0.44,end,,0.0,0,0,0,2040,False,False
649687,R80,41.08,2364,1613,0.469,grid,3,1,1,365,220,180,6,8,16.9,0.0,4.9,40.3,0.02,both,,3.1,0,0,0,2374,False,False
650029,R15,4.99,803,472,0.573,spine,1,6,1,100,150,110,1,1,16.0,5.3,50.4,19.7,1.2,end,,0.0,0,0,0,736,False,False
650226,RS10,2.42,476,269,0.824,spine,1,4,0,120,85,45,1,2,21.5,8.6,39.2,10.9,1.65,start,,0.0,0,0,0,486,False,False
650383,RS10,2.66,584,209,0.949,spine,1,5,0,135,75,35,1,2,26.4,0.0,44.6,11.2,1.88,end,,0.0,0,0,0,594,False,False
650663,AR2A,76.28,2511,1756,0.754,grid,4,0,0,460,190,150,8,4,20.4,0.0,0.0,69.4,0.0,both,,0.0,0,0,0,2521,False,False
650749,AR2A,23.21,1193,1033,0.82,ladder,2,0,0,400,220,180,4,3,15.6,0.0,0.0,51.3,0.0,start,,5.8,54,0,0,1203,False,False
650865,RS40,9.12,921,603,0.715,spine,1,5,2,185,220,180,1,1,9.9,0.0,57.0,20.9,0.55,both,,0.0,0,0,0,931,False,False
650986,RS15,3.78,582,485,0.583,spine,1,5,2,100,150,110,1,1,16.3,4.4,54.1,13.6,1.32,both,,0.0,0,0,0,592,False,False
650989,AR2A,62.74,3441,1456,0.545,grid,3,1,0,410,215,175,8,13,18.7,0.0,3.2,36.4,0.02,both,,0.1,0,0,0,3451,False,False
651033,AR2A,20.67,,,0.949,,,0,,,,,,,,,,,,,parcel_mostly_in_flood_hazard_or_wetland,100.0,,,,,False,False
651049,R40,28.8,2140,1060,0.553,ladder,2,11,1,185,220,180,4,1,13.8,0.0,38.0,34.6,0.38,start,,12.5,500,55,4960,2150,True,True
651354,R80,26.2,1575,1004,0.721,ladder,2,2,0,365,220,180,4,6,16.7,0.0,14.5,26.6,0.08,start,,0.0,0,0,0,1585,False,False
651365,AR2A,30.17,2563,1152,0.445,ladder,2,3,1,400,220,180,6,1,17.8,0.0,20.0,49.9,0.1,end,,6.3,0,0,0,2573,False,False
651368,R40,9.52,1411,584,0.503,spine,1,4,4,185,220,180,1,1,12.0,0.0,41.6,35.2,0.42,both,,0.0,0,0,0,1421,False,False
651616,R40,14.97,1778,656,0.56,ladder,2,0,0,300,135,95,4,5,22.8,0.0,0.0,46.9,0.0,start,,0.0,0,0,0,1788,False,False
651644,RS20,115.73,3338,2804,0.539,grid,6,110,4,115,175,135,11,33,20.3,3.7,44.2,17.2,0.95,start,,1.7,113,0,0,3348,False,False
651742,AR2A,94.04,2990,1772,0.773,grid,4,0,0,460,190,150,9,24,20.9,0.0,0.0,23.7,0.0,side,,4.6,0,0,0,3000,False,False
651779,AR2A,49.54,3651,1087,0.544,ladder,2,4,0,400,220,180,8,6,17.0,0.0,16.9,33.8,0.08,end,,8.3,188,126,23823,3661,True,True
652088,R15,10.22,862,598,0.863,ladder,2,12,0,145,105,65,3,3,21.4,7.3,41.5,16.9,1.17,start,,2.3,0,41,5146,872,True,True
652125,R20,6.43,650,565,0.763,spine,1,6,1,115,175,135,1,1,12.2,3.2,51.5,24.3,0.93,start,,0.0,0,0,0,660,False,False
652132,R40,455.99,6124,4789,0.677,grid,9,178,1,185,220,180,19,47,18.8,0.0,36.9,22.2,0.39,both,,15.3,6423,0,0,6134,False,False
652172,AR2A,37.01,1946,1513,0.547,grid,3,0,0,400,220,180,4,0,1.4,0.0,0.0,14.4,0.0,end,,84.3,0,2177,127368,1071,True,False
652314,R40,9.95,1309,503,0.658,spine,1,3,0,185,220,180,1,1,13.5,0.0,28.2,23.0,0.3,both,,31.9,495,0,0,1319,False,False
652376,R40,9.9,2465,348,0.502,spine,1,1,0,280,145,105,1,1,23.7,0.0,9.3,58.4,0.1,end,,0.0,0,0,0,2418,False,False
652528,R40,10.36,1068,720,0.587,ladder,2,3,0,270,150,110,3,0,20.2,0.0,26.8,52.8,0.29,end,,0.1,0,0,0,1078,False,False
652538,AR2A,56.2,2425,1866,0.541,grid,4,4,0,425,205,165,8,6,19.3,0.0,14.2,42.4,0.07,start,,4.1,404,0,0,2435,False,False
652544,R40,15.68,2202,351,0.883,spine,1,5,0,280,145,105,1,3,16.8,0.0,30.1,32.0,0.32,end,,4.1,78,0,0,2155,False,True
652661,R40,17.62,1683,1098,0.416,ladder,2,6,3,185,220,180,3,3,13.3,0.0,33.2,36.6,0.34,both,,0.0,0,0,0,1693,False,False
652979,AR2A,52.63,2109,1895,0.574,grid,6,1,0,675,130,90,8,0,16.4,0.0,3.7,27.4,0.02,side,,57.6,313,6298,91756,2119,True,False
653020,R15,16.71,1166,879,0.71,grid,3,15,0,145,105,65,4,9,24.9,4.8,31.3,19.7,0.9,start,,0.4,0,0,0,1176,False,False
653061,R80,28.88,1296,1230,0.789,ladder,2,4,0,365,220,180,4,3,13.4,0.0,27.9,36.6,0.14,end,,0.0,0,0,0,1306,False,False
653091,R15,18.87,1212,1171,0.58,grid,3,21,0,100,150,110,5,8,23.6,3.4,38.3,20.1,1.11,end,,0.1,0,0,0,1222,False,False
653117,RS10,4.22,1032,180,0.987,single_loaded,1,9,0,85,120,80,1,2,30.8,0.0,52.2,5.5,2.14,start,,0.0,0,0,0,985,False,False
653122,R15,24.81,1556,1289,0.539,grid,3,12,0,100,150,110,4,3,13.5,2.4,18.8,22.9,0.48,side,,41.2,0,1725,118976,1566,True,False
653132,AR2A,26.72,,,0.437,,,0,,,,,,,,,,,,,parcel_mostly_in_flood_hazard_or_wetland,93.4,,,,,False,False
653246,R40,274.14,4560,4341,0.603,grid,8,113,5,185,220,180,15,38,19.0,0.0,38.7,25.9,0.41,both,,4.2,933,0,0,4570,False,False
653261,RS40,10.92,1128,634,0.666,spine,1,6,4,185,220,180,1,1,12.0,0.0,56.0,22.4,0.55,start,,0.0,0,0,0,1081,False,False
653400,R15,12.19,1314,457,0.883,spine,1,19,1,100,150,110,1,4,12.2,6.4,64.4,2.5,1.56,both,,0.8,0,0,0,1324,False,False
653424,RS20,6.28,2382,907,0.127,ladder,2,2,0,115,175,135,3,1,5.6,1.8,14.4,70.2,0.32,end,,0.0,0,0,0,2392,False,False
653510,R8,2.14,563,235,0.707,spine,1,5,1,95,85,45,1,2,21.5,0.0,44.7,16.4,2.33,end,,0.0,0,0,0,573,False,False
653524,R20,7.64,1101,540,0.56,spine,1,5,1,115,175,135,1,1,10.0,3.5,35.7,43.4,0.65,end,,0.0,0,0,0,1034,False,False
653556,AR2A,58.86,3914,1425,0.46,grid,3,3,0,425,205,165,9,10,16.5,0.0,10.2,38.7,0.05,both,,0.9,0,0,0,3924,False,False
653641,RS20,6.0,1177,361,0.614,spine,1,5,0,155,130,90,1,2,16.7,7.5,39.3,20.9,0.83,both,,0.0,0,0,0,1187,False,False
653650,AR2A,19.93,1307,936,0.71,ladder,2,0,0,425,205,165,4,1,18.0,0.0,0.0,72.5,0.0,both,,0.0,0,0,0,1317,False,False
653681,AR2A,34.43,1655,1575,0.575,grid,3,4,1,400,220,180,5,5,17.0,0.0,23.5,30.0,0.12,start,,1.8,82,0,0,1665,False,True
653703,R20,4.99,1317,274,0.603,spine,1,3,0,195,105,65,1,2,25.8,0.0,29.1,26.1,0.6,start,,0.0,0,0,0,1270,False,False
653851,RS10,5.04,1322,426,0.39,spine,1,7,3,85,120,80,1,1,12.9,1.0,40.1,40.2,1.39,both,,0.0,0,0,0,1332,False,False
654013,R20,5.01,934,339,0.689,spine,1,4,0,170,120,80,1,1,23.6,4.6,37.8,25.2,0.8,start,,0.0,0,0,0,867,False,False
654024,RS15,9.91,,,0.821,,,0,,,,,,,,,,,,,parcel_mostly_in_flood_hazard_or_wetland,99.5,,,,,False,False
654164,R40,9.69,1719,303,0.809,single_loaded,1,5,1,185,220,180,1,2,19.9,0.0,52.1,6.6,0.52,start,,0.0,0,0,0,1672,False,False
654190,R80,18.74,1653,828,0.596,ladder,2,1,0,460,175,135,2,0,8.9,0.0,9.8,65.1,0.05,end,,17.0,104,569,237864,1663,True,False
654434,R40,10.8,1652,570,0.5,spine,1,1,1,185,220,180,1,0,13.4,0.0,8.8,77.8,0.09,start,,0.0,0,0,0,1605,False,False
654442,R20,4.86,806,430,0.61,spine,1,5,0,125,165,125,1,1,15.1,6.3,49.1,19.7,1.03,start,,0.0,0,0,0,739,False,False
654451,RS15,4.18,562,443,0.731,spine,1,5,2,100,150,110,1,1,15.5,4.0,45.7,25.1,1.2,end,,0.0,0,0,0,572,False,False
654672,R40,12.72,2153,714,0.36,ladder,2,0,0,270,150,110,5,2,23.6,0.0,0.0,59.6,0.0,start,,5.8,341,0,0,2163,False,False
654741,R40,9.56,1161,597,0.601,spine,1,3,0,185,220,180,1,1,10.5,0.0,34.7,43.2,0.31,end,,0.0,0,0,0,1114,False,False
654868,AR2A,20.03,1033,858,0.984,ladder,2,3,0,475,185,145,3,4,15.3,0.0,30.2,12.5,0.15,start,,1.6,0,14,6651,1043,True,True
654874,R40,9.98,1535,407,0.697,spine,1,5,0,230,175,135,1,0,14.0,0.0,45.7,36.1,0.5,start,,6.6,205,0,0,1488,False,True
654884,R40,20.83,1510,1014,0.593,ladder,2,4,0,185,220,180,4,3,18.6,0.0,17.8,42.6,0.19,end,,9.4,199,0,0,1520,False,False
654918,RS40,19.52,1046,849,0.958,ladder,2,4,0,225,180,140,2,4,7.3,0.0,19.4,20.2,0.2,end,,33.6,0,180,103400,1056,True,True
654949,RS10,3.91,689,310,0.798,spine,1,8,0,100,105,65,1,2,18.2,8.2,50.1,10.9,2.04,end,,0.0,0,0,0,699,False,False
655003,RS15,3.84,893,408,0.459,spine,1,0,0,100,150,110,1,0,12.1,0.0,0.0,36.4,0.0,both,,58.9,222,0,0,903,False,False
655086,AR2A,34.01,3339,790,0.562,ladder,2,1,0,530,165,125,7,3,18.7,0.0,6.2,47.6,0.03,start,,10.4,401,0,0,3349,False,False
655221,RS20,6.01,610,555,0.772,spine,1,6,3,115,175,135,1,2,12.5,2.8,53.2,12.7,1.0,both,,0.0,0,0,0,620,False,False
655290,R20,18.31,1269,846,0.743,ladder,2,17,1,125,165,125,4,5,18.7,4.8,45.0,18.4,0.93,end,,0.0,0,0,0,1279,False,False
655318,AR2A,30.54,2215,1021,0.588,ladder,2,0,0,400,220,180,5,7,17.4,0.0,0.0,37.7,0.0,end,,0.4,0,0,0,2225,False,False
656693,R40,9.93,2045,225,0.94,single_loaded,1,5,0,245,165,125,1,3,20.7,0.0,47.9,2.7,0.5,end,,0.0,0,0,0,1998,False,False
657655,AR2A,23.11,1242,906,0.895,ladder,2,0,0,450,195,155,4,3,17.4,0.0,0.0,57.7,0.0,end,,0.0,0,0,0,1252,False,False
658506,AR2A,20.39,1189,853,0.875,ladder,2,0,0,475,185,145,3,6,15.9,0.0,0.0,25.0,0.0,both,,0.0,0,0,0,1199,False,False
658718,R80,16.79,1266,874,0.661,ladder,2,1,0,425,190,150,4,1,18.1,0.0,11.2,60.6,0.06,start,,0.0,0,0,0,1276,False,False
658721,AR2A,62.1,2560,1663,0.635,grid,4,0,0,485,180,140,8,3,20.4,0.0,0.0,64.8,0.0,end,,5.8,186,0,0,2570,False,False
658781,R40,63.59,3555,1610,0.484,grid,3,20,3,185,220,180,8,13,16.7,0.0,29.7,34.4,0.31,start,,0.0,0,0,0,3565,False,False
658877,R40,10.58,809,618,0.922,spine,1,5,2,185,220,180,2,1,12.8,0.0,50.1,26.7,0.47,side,,0.0,0,0,0,819,False,False
658912,AR2A,72.68,4271,1273,0.582,grid,3,3,1,485,180,140,8,5,11.8,0.0,8.4,26.8,0.04,start,,40.3,224,1667,93434,3473,True,True
659036,R40,14.4,1748,696,0.516,ladder,2,2,0,280,145,105,4,2,21.9,0.0,12.9,44.2,0.14,end,,11.2,206,0,0,1758,False,True
659187,RS40,8.63,1440,585,0.446,spine,1,2,2,185,220,180,1,0,16.8,0.0,22.0,61.2,0.23,both,,0.0,0,0,0,1450,False,False
659281,R15,6.34,1028,318,0.845,spine,1,3,0,140,110,70,2,2,20.2,2.6,16.7,37.9,0.47,side,,11.5,0,0,0,1038,False,False
659451,R6,6.62,795,504,0.721,ladder,2,17,0,75,80,40,3,3,27.3,6.9,36.5,22.9,2.57,start,,0.0,0,0,0,805,False,False
659520,AR2A,93.83,4441,2146,0.429,grid,4,6,0,400,220,180,11,1,12.5,0.0,12.8,34.0,0.06,start,,40.9,1210,1894,110237,4451,True,False
659532,RS20,13.92,1831,370,0.895,spine,1,16,0,150,135,95,1,6,15.3,8.2,54.4,1.8,1.15,both,,0.0,0,0,0,1841,False,False
659576,R10,12.71,1795,666,0.463,ladder,2,15,1,85,120,80,5,2,18.8,4.3,27.6,39.1,1.18,start,,9.6,228,0,0,1805,False,True
659577,R10,5.0,897,313,0.777,spine,1,9,0,100,105,65,1,2,18.0,9.8,44.9,13.3,1.8,start,,4.9,21,0,0,830,False,False
659592,R10,39.42,2484,852,0.811,grid,3,88,0,100,100,60,7,15,23.5,7.2,51.9,7.7,2.23,end,,0.8,0,0,0,2494,False,False
659603,R8,81.78,3955,2163,0.417,grid,7,131,2,75,110,70,12,15,20.1,3.8,30.2,19.9,1.6,end,,26.4,1891,1588,218789,3965,True,False
659652,RS7.5,2.77,616,333,0.589,spine,1,0,0,75,105,65,1,0,26.0,0.0,0.0,33.5,0.0,end,,48.2,178,0,0,626,False,True
659655,R20,21.61,4329,1299,0.167,grid,3,16,0,115,175,135,10,3,18.7,3.8,34.2,34.0,0.74,end,,2.9,0,0,0,4339,False,False
659662,AR2A,27.34,1911,972,0.641,ladder,2,3,0,410,215,175,5,2,17.9,0.0,21.8,42.3,0.11,start,,4.2,0,14,15463,1921,True,False
659670,R40,11.87,2156,249,0.961,single_loaded,1,6,0,215,190,150,1,3,20.6,0.0,48.5,6.7,0.51,start,,0.0,0,0,0,2109,False,False
659687,R20,78.21,4072,1525,0.549,grid,4,65,0,135,150,110,10,27,20.8,4.1,38.7,19.2,0.83,start,,1.4,170,0,0,4082,False,True
659689,RS20,5.16,883,469,0.543,spine,1,0,0,115,175,135,1,0,6.3,0.0,0.0,53.1,0.0,end,,41.7,0,0,0,816,False,False
659692,RS10,3.09,616,562,0.388,ladder,2,0,0,110,95,55,2,0,4.7,0.0,0.0,64.7,0.0,end,,30.6,0,270,60940,626,True,False
659710,R15,4.83,667,425,0.741,spine,1,6,1,100,150,110,1,2,13.6,6.4,46.7,17.5,1.24,start,,0.2,0,0,0,677,False,False
659733,RS20,11.15,,,0.749,,,0,,,,,,,,,,,,,parcel_mostly_in_flood_hazard_or_wetland,93.7,,,,,False,False
659736,RS10,21.2,1349,845,0.81,grid,3,0,0,110,95,55,4,0,22.6,0.0,0.0,10.2,0.0,side,,84.1,0,5259,26555,703,True,False
659773,RS10,2.29,413,336,0.719,spine,1,3,0,85,120,80,1,2,20.2,7.2,30.8,18.1,1.31,start,,4.0,0,0,0,423,False,False
659784,AR2A,18.79,1246,907,0.724,ladder,2,0,0,450,195,155,4,2,18.0,0.0,0.0,56.4,0.0,end,,4.6,197,0,0,1256,False,False
659808,AR2A,41.79,,,0.397,,,0,,,,,,,,,,,,,parcel_mostly_in_flood_hazard_or_wetland,89.3,,,,,False,False
659813,RS10,3.97,670,414,0.624,spine,1,7,3,85,120,80,1,0,18.6,2.2,49.8,29.2,1.76,end,,0.1,0,0,0,680,False,False
659820,AR2A,18.39,1394,820,0.701,ladder,2,0,0,500,175,135,4,2,19.1,0.0,0.0,58.4,0.0,both,,0.2,0,0,0,1404,False,False
659822,R15,4.33,1635,421,0.274,spine,1,0,0,100,150,110,1,0,0.0,0.0,0.0,67.1,0.0,end,,32.9,0,504,124749,-14,True,False
659837,AR2A,36.42,2866,1413,0.392,grid,3,3,0,425,205,165,7,3,16.8,0.0,16.5,46.9,0.08,start,,4.2,175,0,0,2876,False,False
659838,R10,2.38,561,265,0.7,spine,1,3,0,125,80,40,1,0,21.0,2.5,30.4,24.2,1.26,start,,27.3,61,0,0,571,False,False
659846,RS20,6.32,,,0.644,,,0,,,,,,,,,,,,,parcel_mostly_in_flood_hazard_or_wetland,97.7,,,,,False,False
659850,R6,6.4,645,595,0.726,ladder,2,22,1,65,95,55,3,2,24.0,7.3,52.9,10.4,3.44,start,,0.0,0,0,0,655,False,False
659875,AR2A,46.74,3521,985,0.587,ladder,2,5,0,410,215,175,7,3,16.0,0.0,21.5,46.1,0.11,both,,4.7,322,0,0,3531,False,False
659888,AR2A,21.45,2927,333,0.959,spine,1,2,0,650,135,95,1,2,17.4,0.0,19.2,33.4,0.09,end,,14.1,414,0,0,2880,False,False
659905,R20,18.42,1743,600,0.767,spine,1,16,2,115,175,135,1,2,11.5,4.5,48.2,23.0,0.87,start,,7.7,154,0,0,1676,False,False
659927,RS20,6.8,1721,944,0.182,ladder,2,0,0,115,175,135,3,1,21.2,0.7,0.0,71.3,0.0,end,,0.0,0,0,0,1731,False,False
659941,R6,55.37,2438,1166,0.848,grid,4,190,9,65,95,55,8,28,26.9,5.5,52.2,7.8,3.43,end,,0.0,0,0,0,2448,False,False
659945,AR2A,19.88,2063,640,0.656,ladder,2,0,0,675,130,90,5,2,22.3,0.0,0.0,56.6,0.0,end,,0.0,0,0,0,2073,False,False
660036,AR2A,24.01,1676,1040,0.6,ladder,2,1,1,400,220,180,4,2,15.2,0.0,8.7,51.0,0.04,both,,7.0,0,0,0,1686,False,False
660046,RS15,30.44,2199,911,0.662,ladder,2,39,1,100,150,110,5,8,16.9,5.0,49.5,18.6,1.28,start,,0.0,0,0,0,2209,False,False
660058,R20,9.85,1421,400,0.755,spine,1,10,0,135,150,110,1,3,17.8,7.6,47.7,12.5,1.02,both,,0.0,0,0,0,1431,False,False
660078,RS15,3.54,811,271,0.702,spine,1,6,0,145,105,65,1,1,16.3,0.0,60.4,13.2,1.69,both,,0.0,0,0,0,821,False,False
660080,RS15,7.14,709,640,0.686,ladder,2,9,1,135,115,75,3,1,24.1,5.8,45.6,19.3,1.26,end,,0.0,0,0,0,719,False,False
660099,AR2A,70.59,3239,1822,0.521,grid,4,9,0,440,200,160,9,6,20.1,0.0,25.8,34.8,0.13,start,,2.8,0,139,32101,3249,True,False
660104,RS10,8.56,1413,643,0.41,ladder,2,12,0,90,115,75,4,2,21.8,6.6,34.8,30.9,1.4,end,,0.0,0,0,0,1423,False,False
660106,AR2A,53.48,3491,927,0.72,ladder,2,3,0,440,200,160,7,12,16.3,0.0,11.6,26.9,0.06,both,,0.0,0,0,0,3501,False,False
660114,RS80,20.56,1044,953,0.9,ladder,2,3,0,385,210,170,3,4,14.5,0.0,27.0,23.6,0.15,both,,0.0,0,0,0,1054,False,False
660137,AR2A,93.12,3227,2309,0.545,grid,5,18,1,440,200,160,10,10,18.9,0.0,39.0,20.2,0.19,end,,0.2,8,0,0,3237,False,True
660158,R20,6.19,1395,459,0.421,spine,1,2,0,115,175,135,2,0,18.9,1.2,15.3,64.6,0.32,side,,0.0,0,0,0,1328,False,False
660160,AR2A,21.23,3260,788,0.36,ladder,2,0,0,530,165,125,7,0,22.8,0.0,0.0,73.6,0.0,end,,4.4,98,0,0,3270,False,False
660178,R6,5.22,846,441,0.61,spine,1,14,4,65,95,55,1,1,16.4,6.9,51.2,21.7,2.68,start,,0.0,0,0,0,779,False,False
660192,R10,2.57,875,178,0.719,single_loaded,1,6,0,85,120,80,1,1,11.6,0.0,55.0,24.0,2.33,end,,0.0,0,0,0,828,False,False
660209,RS20,7.92,775,494,0.901,spine,1,8,0,115,175,135,1,2,11.6,6.7,52.6,15.9,1.01,end,,0.0,0,0,0,708,False,False
660242,R10,2.19,492,268,0.723,spine,1,2,0,120,85,45,1,2,26.6,3.1,21.7,27.9,0.92,both,,0.0,0,0,0,502,False,False
660260,RS20,4.15,653,417,0.665,spine,1,1,0,125,160,120,1,2,18.6,0.6,10.6,48.9,0.24,both,,0.8,0,0,0,663,False,False
660284,AR2A,54.75,1928,1442,0.858,grid,3,5,0,415,210,170,6,9,18.1,0.0,18.3,26.8,0.09,end,,4.4,260,0,0,1938,False,False
660289,R10,7.28,,,0.635,,,0,,,,,,,,,,,,,parcel_mostly_in_flood_hazard_or_wetland,100.0,,,,,False,False
660296,R40,9.24,1493,470,0.574,spine,1,3,0,200,205,165,1,2,13.5,0.0,30.1,35.0,0.32,start,,1.8,0,0,0,1446,False,False
660297,RS20,6.41,952,347,0.844,spine,1,3,0,160,125,85,1,2,18.4,4.5,21.7,26.9,0.47,start,,16.2,83,0,0,885,False,True
660299,R15,6.9,769,502,0.779,spine,1,7,2,100,150,110,1,0,13.1,4.2,43.1,28.6,1.01,start,,12.3,70,0,0,702,False,False
660309,RS10,52.46,1872,1557,0.784,grid,5,102,1,90,115,75,8,15,25.4,5.2,46.3,16.4,1.94,both,,0.0,0,0,0,1882,False,False
660310,RS15,5.71,1047,500,0.475,spine,1,7,3,100,150,110,1,0,11.7,2.5,48.5,29.6,1.23,both,,7.6,0,0,0,1057,False,False
660335,RS10,5.61,818,674,0.443,ladder,2,8,1,85,120,80,2,1,17.4,3.1,33.9,36.8,1.43,start,,4.6,0,50,18236,828,True,True
660342,R15,33.45,3092,689,0.684,ladder,2,2,0,120,125,85,3,3,3.2,0.4,2.1,7.5,0.06,start,,84.2,0,2782,18666,1049,True,False
660373,RS20,14.11,,,0.484,,,0,,,,,,,,,,,,,parcel_mostly_in_flood_hazard_or_wetland,93.0,,,,,False,False
660381,R8,6.61,830,570,0.608,ladder,2,13,0,80,100,60,3,2,26.5,3.9,35.7,28.3,1.97,end,,0.0,0,0,0,840,False,False
660383,R15,15.62,1827,576,0.646,ladder,2,15,0,150,100,60,5,7,25.9,4.9,33.2,20.7,0.96,both,,0.0,0,0,0,1837,False,False
660385,AR2A,34.8,1974,1087,0.706,grid,3,0,0,585,150,110,6,1,23.5,0.0,0.0,69.3,0.0,end,,2.3,0,0,0,1984,False,False
660428,R20,17.05,1013,894,0.821,ladder,2,20,1,115,175,135,3,5,15.7,3.4,55.3,11.8,1.17,both,,0.0,0,0,0,1023,False,False
660431,RS20,26.14,1546,1185,0.621,grid,3,26,0,130,155,115,4,10,16.7,5.2,46.1,14.2,0.99,both,,0.0,0,0,0,1556,False,False
660441,RS20,19.52,3080,912,0.303,ladder,2,11,0,115,175,135,4,2,11.0,2.8,28.4,52.7,0.56,end,,0.0,0,0,0,3090,False,False
660443,RS15,5.67,943,451,0.581,spine,1,4,0,100,150,110,2,1,14.3,2.9,28.5,41.5,0.7,side,,5.6,0,60,53352,378,True,False
660462,R10,17.68,2053,1184,0.317,grid,4,3,2,100,105,65,5,0,6.0,0.2,4.1,17.7,0.17,start,,75.1,331,1674,91086,925,True,True
660467,RS10,14.7,,,0.226,,,0,,,,,,,,,,,,,parcel_mostly_in_flood_hazard_or_wetland,88.4,,,,,False,False
660485,AR2A,45.46,2782,1075,0.662,ladder,2,8,4,400,220,180,6,4,14.6,0.0,36.4,27.8,0.18,start,,3.2,0,98,25360,2541,True,False
660497,R20,34.82,2582,857,0.685,ladder,2,26,0,120,170,130,6,6,19.2,2.6,34.9,32.6,0.75,start,,2.9,0,0,0,2592,False,False
660498,R40,16.53,1049,1040,0.66,ladder,2,3,1,185,220,180,3,3,16.5,0.0,17.8,37.7,0.18,end,,12.7,238,0,0,1059,False,False
660506,R10,2.57,510,263,0.835,spine,1,4,0,125,80,40,1,2,22.7,7.7,37.5,13.4,1.56,start,,0.0,0,0,0,520,False,False
660514,RS10,4.72,,,0.517,,,0,,,,,,,,,,,,,parcel_mostly_in_flood_hazard_or_wetland,100.0,,,,,False,False
660527,R15,8.07,898,568,0.69,ladder,2,8,0,160,95,55,4,1,28.4,5.3,35.3,26.3,0.99,side,,0.0,0,0,0,908,False,False
660532,RS20,4.16,623,606,0.481,ladder,2,2,0,195,105,65,3,0,19.6,2.1,21.7,16.2,0.48,both,,48.7,271,0,0,633,False,False
660551,RS10,2.76,873,240,0.574,spine,1,0,0,145,70,30,1,0,4.5,0.0,0.0,22.0,0.0,start,,73.5,0,432,4359,236,True,False
660554,R10,2.17,514,194,0.947,single_loaded,1,4,0,85,120,80,1,1,26.5,0.0,49.9,11.1,1.84,end,,0.0,0,0,0,524,False,False
660582,R40,27.9,1836,1060,0.624,ladder,2,15,1,185,220,180,5,3,16.5,0.0,52.6,19.8,0.54,both,,0.0,0,0,0,1846,False,False
660608,RS7.5,4.72,1314,1129,0.138,grid,4,6,0,75,100,60,5,0,14.2,4.2,22.4,56.2,1.27,start,,3.1,0,0,0,1324,False,False
660614,AR2A,23.23,1466,859,0.804,ladder,2,0,0,475,185,145,4,1,18.5,0.0,0.0,73.1,0.0,both,,0.0,0,0,0,1476,False,False
660620,RS20,5.63,1119,335,0.653,spine,1,4,0,170,120,80,1,1,19.0,6.9,33.3,32.4,0.71,both,,0.0,0,0,0,1129,False,False
660626,R10,3.66,719,375,0.591,spine,1,7,3,85,120,80,1,0,22.9,5.1,49.2,22.8,1.91,both,,0.0,0,0,0,729,False,False
660632,R15,3.21,880,216,0.736,single_loaded,1,3,2,100,150,110,1,1,15.2,0.0,32.5,35.8,0.94,both,,6.0,0,0,0,890,False,False
660636,RS40,9.63,1286,639,0.511,ladder,2,2,0,310,130,90,4,2,21.6,0.0,19.5,39.5,0.21,start,,0.0,0,0,0,1296,False,False
660676,R8,20.97,,,0.747,,,0,,,,,,,,,,,,,parcel_mostly_in_flood_hazard_or_wetland,89.3,,,,,False,False
660695,RS40,9.12,937,827,0.513,ladder,2,2,0,230,175,135,3,3,16.2,0.0,20.8,32.5,0.22,both,,0.0,0,0,0,947,False,False
660701,AR2A,27.48,,,0.849,,,0,,,,,,,,,,,,,parcel_mostly_in_flood_hazard_or_wetland,100.0,,,,,False,False
660712,R6,3.96,655,485,0.543,ladder,2,12,1,80,75,35,3,1,28.5,5.7,43.3,16.3,3.03,start,,2.7,13,0,0,665,False,False
660749,AR2A,42.65,2327,1308,0.61,grid,3,1,0,460,190,150,6,5,19.5,0.0,4.7,50.0,0.02,start,,3.3,178,0,0,2337,False,False
660759,RS10,2.3,434,349,0.66,spine,1,4,0,85,120,80,1,1,18.2,7.0,43.0,21.3,1.74,both,,0.0,0,0,0,444,False,False
660763,RS20,8.61,1056,459,0.773,spine,1,10,0,115,175,135,1,2,15.2,6.1,55.9,11.7,1.16,both,,0.0,0,0,0,1066,False,False
660768,R10,3.77,568,358,0.808,spine,1,8,1,85,120,80,1,2,15.3,9.8,53.7,7.1,2.12,both,,0.6,0,0,0,578,False,False
660774,RS7.5,3.07,472,321,0.882,spine,1,8,0,75,105,65,1,2,15.9,11.1,50.8,9.5,2.61,both,,0.0,0,0,0,482,False,False
660826,R10,5.6,,,0.75,,,0,,,,,,,,,,,,,parcel_mostly_in_flood_hazard_or_wetland,100.0,,,,,False,False
660839,RS20,8.83,775,553,0.898,spine,1,6,1,115,175,135,1,2,10.0,4.2,38.0,26.5,0.68,both,,8.7,12,0,0,785,False,False
660842,RS7.5,3.39,936,519,0.305,ladder,2,6,0,90,85,45,4,1,27.7,6.9,31.6,28.9,1.77,side,,0.0,0,0,0,946,False,False
660847,RS15,89.49,,,0.415,,,0,,,,,,,,,,,,,parcel_mostly_in_flood_hazard_or_wetland,100.0,,,,,False,False
660855,AR2A,18.79,2210,589,0.629,spine,1,1,1,400,220,180,1,0,12.0,0.0,10.9,61.7,0.05,end,,18.6,401,0,0,2163,False,False
660860,RS10,2.42,490,227,0.947,spine,1,3,0,120,85,45,1,1,25.3,0.0,29.2,22.1,1.24,end,,16.3,48,0,0,500,False,False
660875,AR2A,34.23,1818,1072,0.765,grid,3,1,0,585,150,110,6,1,20.5,0.0,6.0,62.6,0.03,start,,6.2,158,58,29280,1828,True,True
660879,R8,4.79,901,250,0.928,spine,1,11,0,110,75,35,1,2,23.0,11.1,44.6,13.2,2.3,end,,0.0,0,0,0,834,False,False
660884,RS15,4.31,,,0.342,,,0,,,,,,,,,,,,,parcel_mostly_in_flood_hazard_or_wetland,93.7,,,,,False,False
660947,RS5,13.71,1610,624,0.595,ladder,2,48,5,60,90,50,4,5,23.4,7.8,52.8,10.3,3.5,start,,0.0,0,0,0,1620,False,False
660962,RS15,25.37,1599,1335,0.518,grid,4,20,0,120,125,85,6,8,22.7,3.5,27.3,31.1,0.79,end,,6.4,240,0,0,1609,False,False
660988,RS20,9.18,931,643,0.668,ladder,2,4,0,175,115,75,2,0,13.1,2.6,20.5,27.7,0.44,end,,37.5,103,353,29382,941,True,False
660991,R6,2.43,448,390,0.605,spine,1,6,3,65,95,55,1,1,17.8,3.9,45.2,24.9,2.47,both,,0.0,0,0,0,458,False,False
660993,AR2A,71.41,3475,1381,0.648,grid,3,6,0,440,200,160,7,3,14.2,0.0,16.8,31.2,0.08,start,,30.1,271,2054,83846,2513,True,False
660997,RS15,3.79,674,308,0.796,spine,1,5,0,145,105,65,1,2,15.9,11.4,46.7,7.3,1.32,end,,0.0,0,0,0,684,False,False
661008,RS10,3.01,549,494,0.484,ladder,2,1,0,125,80,40,3,0,29.8,1.9,7.5,21.2,0.33,side,,51.7,0,424,10298,330,True,False
661020,R40,1953.86,13645,9025,0.691,grid,18,739,4,185,220,180,40,331,19.3,0.0,35.3,27.9,0.38,both,,2.0,2814,0,0,13655,False,False
661030,RS15,4.23,1306,545,0.259,spine,1,0,0,100,150,110,1,0,4.3,0.0,0.0,74.1,0.0,start,,21.6,0,71,82976,513,True,False
661031,RS10,62.57,2440,1960,0.57,grid,6,132,4,85,120,80,10,23,23.4,5.7,51.0,9.8,2.11,start,,1.3,0,167,13323,2450,True,True
661041,R20,8.24,1030,489,0.713,spine,1,5,1,115,175,135,2,1,18.2,3.8,31.2,26.0,0.61,side,,15.5,0,0,0,1040,False,False
661062,R15,4.24,762,719,0.337,ladder,2,2,0,115,135,95,4,0,20.8,2.0,16.6,60.6,0.47,side,,0.0,0,0,0,772,False,False
661070,RS5,7.24,856,451,0.817,ladder,2,1,0,75,70,30,4,0,5.8,0.5,1.6,8.1,0.14,start,,84.1,0,1258,7459,93,True,True
661099,RS15,5.62,1009,400,0.606,spine,1,5,0,100,150,110,2,2,15.0,4.5,30.5,34.6,0.89,side,,3.1,0,31,21090,763,True,False
661101,R10,5.22,555,420,0.977,spine,1,1,0,85,120,80,2,0,15.5,0.7,6.0,50.9,0.19,side,,26.9,0,158,39404,270,True,False
661104,AR2A,23.28,1922,601,0.878,spine,1,3,2,400,220,180,1,3,10.6,0.0,28.7,29.2,0.13,start,,2.3,52,0,0,1875,False,True
661111,AR2A,28.23,1553,1087,0.729,ladder,2,3,0,400,220,180,4,2,17.0,0.0,21.5,41.6,0.11,end,,6.8,178,0,0,1563,False,True
661122,RS80,131.11,4490,2003,0.635,grid,4,5,0,365,220,180,11,3,18.6,0.0,7.0,23.1,0.04,both,,57.3,6618,0,0,4500,False,False
661127,R10,13.42,1287,697,0.651,ladder,2,15,1,85,120,80,4,3,19.3,3.6,29.9,26.2,1.12,start,,16.0,0,85,20876,1113,True,False
661138,RS7.5,26.6,1653,936,0.749,grid,3,63,9,75,105,65,6,11,28.1,4.2,44.8,15.4,2.37,side,,0.0,0,0,0,1663,False,False
661159,AR2A,23.74,1563,1338,0.494,grid,3,0,0,450,195,155,5,5,18.2,0.0,0.0,41.4,0.0,both,,0.0,0,0,0,1573,False,False
661176,RS20,4.39,737,305,0.851,spine,1,3,0,170,120,80,2,1,22.9,0.0,33.1,32.9,0.68,side,,0.0,0,0,0,747,False,False
661187,R10,5.15,1256,853,0.209,grid,3,2,0,100,100,60,5,1,24.8,0.4,8.6,47.7,0.39,start,,14.4,0,0,0,1266,False,False
661215,RS80,32.68,2718,625,0.839,spine,1,5,2,365,220,180,1,6,8.5,0.0,31.7,18.2,0.15,both,,1.6,0,0,0,2728,False,False
661222,RS15,6.18,,,0.374,,,0,,,,,,,,,,,,,parcel_mostly_in_flood_hazard_or_wetland,89.6,,,,,False,False
661225,RS10,22.45,1375,978,0.727,grid,3,41,1,85,120,80,6,6,27.0,4.9,43.2,18.6,1.83,side,,0.0,0,0,0,1385,False,False
661232,AR2A,41.65,4690,599,0.646,spine,1,4,1,400,220,180,1,5,10.5,0.0,21.9,36.2,0.1,end,,3.3,0,0,0,4643,False,False
661233,RS40,31.01,2968,474,0.96,spine,1,18,0,200,205,165,1,9,11.7,0.0,55.2,3.9,0.58,end,,1.6,0,0,0,2921,False,False
661245,R15,42.06,2337,1245,0.63,grid,3,58,13,100,150,110,6,10,19.7,3.3,50.3,13.8,1.38,end,,4.9,177,0,0,2347,False,False
661255,AR2A,32.48,2012,900,0.781,ladder,2,2,0,450,195,155,5,6,17.3,0.0,12.4,33.0,0.06,end,,0.2,0,0,0,2022,False,False
661280,R6,65.96,2167,1401,0.946,grid,5,232,6,65,95,55,8,36,25.3,6.6,52.2,7.9,3.52,both,,0.0,0,0,0,2177,False,False
661297,RS10,2.69,571,256,0.803,spine,1,2,0,125,80,40,2,0,29.7,2.0,16.8,36.0,0.74,side,,15.5,0,0,0,581,False,False
661304,RS15,16.81,1392,610,0.861,ladder,2,19,0,140,110,70,4,5,23.0,5.9,39.9,20.7,1.13,end,,0.0,0,0,0,1402,False,False
661307,R10,4.59,625,535,0.598,ladder,2,8,0,115,90,50,3,1,23.7,9.6,41.8,19.6,1.74,both,,0.0,0,0,0,635,False,False
661309,AR2A,25.44,1401,1184,0.668,ladder,2,3,0,400,220,180,4,4,13.4,0.0,25.0,24.6,0.12,both,,2.4,0,0,0,1411,False,False
661322,RS10,3.99,819,310,0.684,spine,1,0,0,100,105,65,1,0,0.0,0.0,0.0,68.6,0.0,end,,31.4,0,631,113100,22,True,False
661326,RS20,5.77,774,650,0.5,ladder,2,3,0,175,115,75,3,2,23.9,3.4,24.7,32.7,0.52,both,,0.0,0,0,0,784,False,False
661361,R15,9.33,766,639,0.83,ladder,2,10,0,135,115,75,3,3,21.4,5.5,38.7,20.8,1.07,end,,1.9,0,0,0,776,False,False
661362,AR2A,93.04,3040,2104,0.634,grid,4,12,0,400,220,180,9,8,18.1,0.0,27.2,33.0,0.13,both,,5.1,597,0,0,3050,False,False
661375,R10,8.05,869,697,0.578,ladder,2,18,0,85,120,80,3,1,18.9,6.7,57.3,13.6,2.24,both,,0.0,0,0,0,879,False,False
661397,RS20,19.87,2246,1309,0.294,grid,3,13,0,115,175,135,6,3,20.6,2.6,30.0,39.9,0.65,both,,0.0,0,0,0,2256,False,False
661404,AR2A,54.65,,,0.411,,,0,,,,,,,,,,,,,parcel_mostly_in_flood_hazard_or_wetland,94.1,,,,,False,False
661439,R10,7.36,1024,880,0.356,grid,3,11,0,100,105,65,4,1,22.9,6.6,36.5,30.7,1.49,start,,0.0,0,0,0,1034,False,False
661441,RS10,14.42,,,0.403,,,0,,,,,,,,,,,,,parcel_mostly_in_flood_hazard_or_wetland,95.3,,,,,False,False
661447,RS10,8.05,1199,499,0.586,ladder,2,10,0,125,80,40,4,4,28.5,6.9,29.1,24.1,1.24,both,,0.0,0,0,0,1209,False,False
661451,R20,11.03,1890,444,0.572,spine,1,11,0,120,170,130,1,3,14.8,3.0,47.4,20.8,1.0,end,,1.0,0,0,0,1823,False,False
661455,RS10,7.1,1075,528,0.545,ladder,2,8,0,120,85,45,3,5,20.0,9.1,28.3,25.5,1.13,end,,0.0,0,0,0,1085,False,False
661456,R6,2.33,432,307,0.766,spine,1,7,1,65,95,55,1,1,19.2,9.6,46.8,17.6,3.0,end,,0.0,0,0,0,442,False,False
661457,RS15,8.53,1026,373,0.969,spine,1,13,0,115,135,95,1,0,15.5,5.8,55.4,19.5,1.52,end,,5.6,127,0,0,959,False,False
661477,R10,9.69,,,0.707,,,0,,,,,,,,,,,,,parcel_mostly_in_flood_hazard_or_wetland,99.6,,,,,False,False
661510,RS10,7.49,1035,766,0.411,ladder,2,6,3,85,120,80,4,2,27.8,2.1,19.9,36.2,0.8,side,,9.5,148,0,0,1045,False,False
661517,R15,4.23,820,290,0.775,spine,1,4,0,160,95,55,1,2,20.2,10.1,33.8,19.1,0.95,start,,0.0,0,0,0,753,False,False
661543,RS10,4.47,1005,366,0.529,spine,1,7,1,85,120,80,1,1,17.9,6.3,40.7,29.7,1.57,start,,0.0,0,0,0,938,False,False
661544,R8,7.26,814,567,0.686,ladder,2,15,1,85,95,55,4,3,28.8,7.0,39.8,16.6,2.07,side,,0.0,0,0,0,824,False,False
661548,RS15,5.91,,,0.374,,,0,,,,,,,,,,,,,parcel_mostly_in_flood_hazard_or_wetland,89.3,,,,,False,False
661558,RS20,14.8,1628,827,0.478,ladder,2,4,0,125,160,120,4,2,22.1,1.3,12.1,43.9,0.27,end,,15.5,134,0,0,1638,False,True
661561,RS10,4.79,1068,430,0.454,spine,1,8,2,85,120,80,1,1,13.4,2.9,50.2,27.0,1.67,start,,0.0,0,0,0,1001,False,False
661567,AR2A,67.46,2162,2047,0.664,grid,4,3,0,400,220,180,7,13,17.1,0.0,9.9,31.3,0.04,start,,2.7,0,0,0,2172,False,False
661574,AR2A,26.87,2222,805,0.655,ladder,2,1,0,515,170,130,5,2,19.6,0.0,7.5,56.6,0.04,end,,1.7,102,0,0,2232,False,False
661600,RS15,4.91,703,342,0.89,spine,1,7,0,125,120,80,1,0,17.0,7.1,50.1,19.4,1.43,both,,7.7,64,0,0,713,False,False
661622,R20,9.62,1121,590,0.633,ladder,2,8,0,195,105,65,3,3,20.1,7.4,38.7,19.5,0.83,end,,0.0,0,0,0,1131,False,False
661634,AR2A,72.33,2375,1572,0.844,grid,3,5,1,400,220,180,6,14,15.0,0.0,15.0,23.2,0.07,start,,6.6,71,336,32482,2385,True,True
661650,R15,3.62,1398,618,0.182,ladder,2,0,0,140,110,70,4,0,34.7,0.0,0.0,65.3,0.0,both,,0.0,0,0,0,1408,False,False
661652,AR2A,39.37,3205,1721,0.311,grid,3,2,1,400,220,180,8,5,16.8,0.0,11.1,40.9,0.05,end,,6.2,163,138,87269,3215,True,True
661658,AR2A,46.19,2202,1947,0.469,grid,4,0,0,410,215,175,7,11,16.4,0.0,0.0,35.8,0.0,end,,0.0,0,0,0,2212,False,False
661661,R40,9.02,1154,497,0.685,spine,1,1,0,185,220,180,1,0,15.5,0.0,10.2,69.0,0.11,start,,5.4,0,0,0,1107,False,False
661765,RS20,4.85,957,404,0.547,spine,1,4,0,135,150,110,2,1,18.5,0.4,38.3,32.0,0.82,side,,1.3,0,0,0,890,False,False
661792,AR2A,48.81,3311,1646,0.39,grid,3,6,2,400,220,180,8,6,17.8,0.0,25.0,31.2,0.12,both,,1.5,0,0,0,3321,False,False
661803,R8,77.69,2355,1940,0.741,grid,6,175,7,75,110,70,9,29,24.2,5.0,43.6,10.7,2.25,end,,13.0,1572,0,0,2365,False,False
661870,RS15,14.85,1044,842,0.736,ladder,2,18,0,100,150,110,3,6,16.1,4.5,47.1,12.3,1.21,start,,6.1,142,0,0,1054,False,False
661873,AR2A,62.05,2624,1592,0.647,grid,4,1,0,515,170,130,8,3,20.8,0.0,3.4,65.6,0.02,start,,0.3,0,27,16360,2634,True,True
661889,R10,3.25,906,345,0.452,spine,1,3,0,85,120,80,1,1,25.2,4.8,22.5,32.7,0.92,both,,7.3,0,0,0,916,False,False
661935,RS20,9.44,904,519,0.877,spine,1,9,2,115,175,135,1,2,10.6,5.2,52.1,13.1,0.95,both,,7.1,0,0,0,914,False,False
661938,RS10,2.88,802,533,0.293,ladder,2,2,0,115,90,50,3,0,22.3,1.5,16.1,60.1,0.7,start,,0.0,0,0,0,812,False,False
661939,RS10,38.49,,,0.76,,,0,,,,,,,,,,,,,parcel_mostly_in_flood_hazard_or_wetland,91.7,,,,,False,False
661942,R8,2.09,,,0.663,,,0,,,,,,,,,,,,,parcel_mostly_in_flood_hazard_or_wetland,99.9,,,,,False,False
661944,RS7.5,23.57,1395,1036,0.71,grid,4,50,2,90,85,45,6,4,26.9,6.3,38.5,18.0,2.12,end,,10.6,362,0,0,1405,False,False
661955,R20,7.47,2087,429,0.363,spine,1,7,0,125,165,125,1,2,11.9,6.0,44.7,24.7,0.94,start,,0.2,0,0,0,2020,False,False
661959,RS80,43.97,2063,1843,0.504,grid,4,5,0,400,200,160,7,6,19.4,0.0,20.9,35.0,0.11,both,,0.1,0,0,0,2073,False,False
661963,R10,6.25,883,450,0.684,ladder,2,9,0,145,70,30,3,3,28.7,8.3,33.6,18.5,1.44,end,,0.0,0,0,0,893,False,False
661966,R10,2.69,760,189,0.814,single_loaded,1,3,0,85,120,80,1,0,35.3,0.0,29.1,27.5,1.11,start,,13.8,124,0,0,713,False,True
661967,RS40,14.6,1605,462,0.857,spine,1,7,0,200,200,160,1,3,13.6,0.0,44.4,20.3,0.48,both,,3.1,0,0,0,1615,False,False
661973,RS80,28.81,1575,1187,0.672,grid,3,1,0,475,170,130,6,3,21.9,0.0,6.5,51.5,0.03,side,,2.1,0,0,0,1585,False,False
662013,R8,6.76,1414,225,0.927,spine,1,13,0,100,80,40,1,3,26.8,0.0,37.1,27.6,1.92,end,,0.0,0,0,0,1367,False,False
662014,RS80,26.66,2795,942,0.441,ladder,2,0,0,395,205,165,6,2,15.8,0.0,0.0,61.3,0.0,end,,11.5,249,0,0,2805,False,False
662037,RS15,8.75,1283,399,0.745,spine,1,7,0,100,150,110,1,1,18.7,3.0,27.7,38.9,0.8,start,,9.0,89,0,0,1216,False,False
662057,RS15,3.33,1031,616,0.228,ladder,2,2,0,140,110,70,3,0,24.6,2.8,21.3,51.3,0.6,start,,0.0,0,0,0,1041,False,False
662063,R20,242.5,6600,3519,0.455,grid,8,276,0,115,175,135,19,39,19.7,4.0,53.7,11.6,1.14,both,,3.9,919,0,0,6610,False,False
662070,R6,3.58,528,395,0.748,spine,1,11,3,65,95,55,1,1,15.9,7.0,57.9,13.5,3.07,end,,0.0,0,0,0,538,False,False
662092,RS5,11.37,987,508,0.988,ladder,2,50,0,65,80,40,3,8,23.8,10.7,55.5,1.0,4.4,both,,0.0,0,0,0,997,False,False
662127,AR2A,21.79,1334,1164,0.611,ladder,2,2,0,400,220,180,4,1,13.7,0.0,19.5,50.5,0.09,both,,8.7,319,0,0,1344,False,False
662152,R6,4.73,,,0.913,,,0,,,,,,,,,,,,,parcel_mostly_in_flood_hazard_or_wetland,100.0,,,,,False,False
662173,RS10,11.03,960,665,0.752,ladder,2,24,0,85,120,80,3,4,19.8,7.2,52.0,9.5,2.18,end,,3.4,41,0,0,970,False,False
662176,RS20,5.61,639,398,0.96,spine,1,6,0,135,150,110,1,2,14.2,6.9,50.0,12.2,1.07,both,,0.0,0,0,0,649,False,False
662186,R10,6.16,986,343,0.793,spine,1,4,0,85,120,80,1,2,16.9,2.1,15.5,48.5,0.65,end,,9.7,0,45,2583,886,True,False
662203,R20,7.9,2090,475,0.346,spine,1,1,1,115,175,135,1,0,15.7,0.0,5.9,48.0,0.13,start,,31.9,67,75,26172,954,True,True
662204,AR2A,88.89,4187,1787,0.518,grid,4,0,0,450,195,155,10,18,19.8,0.0,0.0,39.8,0.0,start,,0.3,0,0,0,4197,False,False
662209,R80,33.53,2748,1352,0.393,grid,3,5,0,415,195,155,7,1,20.8,0.0,27.5,46.0,0.15,start,,0.4,33,0,0,2758,False,False
662212,AR2A,72.62,2488,1833,0.694,grid,4,12,0,440,200,160,8,8,20.7,0.0,33.2,24.2,0.17,start,,0.0,0,0,0,2498,False,False
662213,R10,25.16,1474,1133,0.656,grid,4,42,0,100,100,60,6,9,24.9,5.3,38.6,16.7,1.67,start,,7.0,71,88,17835,1484,True,True
662235,R10,8.66,1660,402,0.565,spine,1,10,4,85,120,80,1,1,14.3,2.0,32.0,31.6,1.15,both,,17.3,0,0,0,1670,False,False
662243,RS7.5,18.67,1357,676,0.886,ladder,2,54,0,75,105,65,4,5,20.3,7.1,61.7,4.9,2.89,end,,0.0,0,0,0,1367,False,False
662247,RS7.5,3.9,1245,507,0.269,ladder,2,0,0,95,80,40,2,0,1.9,0.0,0.0,28.7,0.0,start,,71.3,0,428,48673,316,True,False
662258,RS15,4.8,1129,312,0.594,spine,1,2,0,145,105,65,1,1,14.9,4.2,14.9,35.2,0.42,end,,23.4,0,139,29992,624,True,False
662275,R10,11.29,1214,628,0.645,ladder,2,16,1,95,110,70,5,5,28.5,5.1,34.7,20.9,1.42,side,,0.0,0,0,0,1224,False,False
662315,R20,53.11,2163,1531,0.698,grid,4,45,0,135,150,110,7,18,22.1,4.3,39.5,18.5,0.85,end,,0.0,0,0,0,2173,False,False
662324,R10,2.17,357,324,0.819,spine,1,4,0,95,110,70,2,1,24.9,9.1,44.9,9.6,1.84,side,,0.0,0,0,0,367,False,False
662333,RS10,4.36,,,0.477,,,0,,,,,,,,,,,,,parcel_mostly_in_flood_hazard_or_wetland,93.9,,,,,False,False
662384,RS40,11.2,784,755,0.824,ladder,2,1,0,250,160,120,2,2,7.3,0.0,7.9,31.1,0.09,end,,37.9,0,691,81055,794,True,False
662398,R15,23.73,1717,1192,0.505,grid,3,32,0,100,150,110,5,8,17.7,5.7,49.5,14.8,1.35,both,,0.0,0,0,0,1727,False,False
662405,AR2A,21.53,1689,1084,0.512,ladder,2,2,1,400,220,180,4,0,14.2,0.0,18.9,62.6,0.09,start,,4.3,0,70,40217,1699,True,False
662424,AR2A,19.7,1340,1213,0.528,ladder,2,0,0,400,220,180,4,2,12.9,0.0,0.0,55.7,0.0,end,,7.9,105,0,0,1350,False,False
662434,AR2A,95.92,3508,1625,0.733,grid,4,2,0,500,175,135,9,23,20.6,0.0,4.1,26.7,0.02,start,,0.7,0,57,13744,3518,True,False
662489,RS40,12.12,875,826,0.73,ladder,2,3,0,230,175,135,3,1,16.8,0.0,22.6,48.1,0.25,start,,4.7,0,0,0,885,False,False
662526,RS20,19.15,1209,989,0.697,ladder,2,18,1,115,175,135,4,5,16.1,4.8,47.7,18.2,0.94,end,,0.0,0,0,0,1219,False,False
662530,R8,2.01,539,310,0.523,spine,1,3,0,80,105,65,1,1,30.5,7.3,29.2,23.2,1.49,start,,0.0,0,0,0,549,False,False
662534,R10,2.19,720,320,0.414,spine,1,1,0,95,110,70,1,1,22.2,0.9,11.1,55.1,0.46,start,,0.0,0,0,0,730,False,False
662535,RS5,2.4,459,385,0.591,spine,1,6,3,60,90,50,1,1,18.4,5.6,40.2,21.5,2.5,both,,7.0,0,0,0,469,False,False
662550,RS10,4.42,627,319,0.964,spine,1,10,0,95,110,70,1,2,17.5,11.1,55.1,5.3,2.26,start,,0.0,0,0,0,637,False,False
662556,R40,116.39,3267,2633,0.589,grid,5,49,3,185,220,180,10,14,18.6,0.0,39.5,29.1,0.42,start,,1.8,349,0,0,3277,False,True
662571,R10,2.8,540,274,0.825,spine,1,4,0,120,85,45,1,1,23.9,7.1,34.8,25.5,1.43,both,,0.0,0,0,0,550,False,False
662602,RS20,4.51,893,477,0.462,spine,1,4,0,115,175,135,1,0,9.8,4.0,44.0,42.1,0.89,both,,0.1,0,0,0,903,False,False
662644,R10,5.79,908,422,0.658,spine,1,8,1,85,120,80,1,1,11.0,5.2,41.8,27.7,1.38,start,,10.0,55,0,0,841,False,True
662658,R10,12.68,1471,453,0.828,ladder,2,23,0,145,70,30,4,2,27.1,9.6,42.8,12.3,1.81,start,,6.1,152,0,0,1481,False,False
662671,RS15,64.43,2200,2045,0.624,grid,5,61,1,100,150,110,8,13,14.9,3.3,32.7,15.1,0.95,end,,27.2,0,2178,43670,2210,True,False
662674,R8,5.94,616,578,0.727,ladder,2,10,0,80,100,60,3,1,25.3,4.9,31.2,15.5,1.68,start,,25.5,205,0,0,626,False,False
662690,R40,66.64,2984,1511,0.644,grid,3,15,0,185,220,180,7,12,17.6,0.0,20.9,39.6,0.23,start,,5.1,0,0,0,2994,False,False
662700,R8,4.63,732,479,0.575,ladder,2,8,1,110,75,35,3,0,32.5,5.4,32.9,29.3,1.73,start,,0.0,0,0,0,742,False,False
662713,AR2A,23.13,4054,388,0.641,spine,1,1,0,530,165,125,1,4,13.6,0.0,8.4,32.3,0.04,end,,13.7,297,0,0,4007,False,False
662726,RS10,2.37,775,220,0.606,spine,1,4,0,125,80,40,1,1,24.0,0.0,39.7,26.3,1.69,start,,0.0,0,0,0,728,False,False
662747,RS7.5,4.48,,,0.587,,,0,,,,,,,,,,,,,parcel_mostly_in_flood_hazard_or_wetland,100.0,,,,,False,False
662750,R6,18.29,1265,881,0.715,grid,3,60,0,65,95,55,6,9,26.5,7.7,52.9,5.0,3.28,side,,0.0,0,0,0,1275,False,False
662800,R20,5.38,635,429,0.859,spine,1,6,0,125,165,125,1,2,13.2,6.4,53.2,9.4,1.12,both,,0.0,0,0,0,645,False,False
662895,RS10,2.77,577,483,0.433,ladder,2,3,0,135,75,35,3,0,14.4,4.5,26.5,43.8,1.08,end,,10.9,0,104,26056,587,True,False
662911,RS7.5,14.31,,,0.466,,,0,,,,,,,,,,,,,parcel_mostly_in_flood_hazard_or_wetland,98.4,,,,,False,False
662953,AR2A,56.08,2617,1500,0.622,grid,3,8,0,400,220,180,6,3,17.4,0.0,28.5,41.3,0.14,end,,3.0,165,98,40466,2627,True,False
662958,RS10,20.5,,,0.579,,,0,,,,,,,,,,,,,parcel_mostly_in_flood_hazard_or_wetland,94.1,,,,,False,False
662963,R6,3.22,975,251,0.573,spine,1,5,0,80,75,35,1,2,34.2,2.4,21.6,32.9,1.55,both,,0.0,0,0,0,985,False,False
663015,RS15,4.33,661,314,0.907,spine,1,6,0,145,105,65,1,2,17.8,9.3,50.4,5.7,1.39,both,,0.0,0,0,0,671,False,False
663016,R10,8.67,910,447,0.929,spine,1,18,2,85,120,80,2,2,16.0,7.8,63.5,5.5,2.08,side,,0.0,0,0,0,920,False,False
663023,RS15,15.73,2495,1348,0.204,grid,4,13,0,120,125,85,8,4,20.7,3.9,28.9,37.5,0.83,both,,0.3,59,0,0,2505,False,False
663024,RS7.5,2.86,632,356,0.553,spine,1,7,5,75,105,65,1,1,21.1,1.8,47.5,21.7,2.45,start,,0.0,0,0,0,642,False,False
663028,AR2A,87.01,3871,1733,0.565,grid,4,7,0,475,185,145,10,16,20.2,0.0,16.1,25.5,0.08,both,,1.8,168,0,0,3881,False,False
663076,AR2A,42.96,1905,1257,0.781,grid,3,1,0,485,180,140,6,3,20.1,0.0,4.6,59.9,0.02,start,,2.3,123,0,0,1915,False,False
663099,R15,52.72,2606,1450,0.608,grid,4,53,0,110,140,100,9,15,24.9,3.5,35.6,18.5,1.01,side,,8.3,193,359,29893,2616,True,False
663115,RS40,76.5,3278,1966,0.517,grid,4,25,1,190,215,175,9,13,18.5,0.0,30.4,32.5,0.33,start,,3.0,70,0,0,3288,False,False
663146,RS20,43.3,3163,922,0.647,ladder,2,49,0,115,175,135,7,11,15.9,4.9,56.6,9.8,1.13,start,,0.0,0,0,0,3173,False,False
663150,AR2A,52.58,2391,1597,0.6,grid,3,3,1,400,220,180,7,8,19.4,0.0,11.7,38.2,0.06,both,,0.0,0,0,0,2401,False,False
663163,RS10,4.55,607,452,0.721,ladder,2,6,0,145,70,30,3,1,29.7,7.7,30.6,26.8,1.32,start,,0.0,0,0,0,617,False,False
663164,RS15,3.29,663,586,0.369,ladder,2,2,0,150,100,60,3,0,26.0,3.0,21.7,49.3,0.61,both,,0.0,0,0,0,673,False,False
663185,RS7.5,2.77,629,312,0.614,spine,1,7,0,75,105,65,1,1,22.3,8.0,46.9,16.0,2.53,end,,0.0,0,0,0,639,False,False
663232,RS20,140.12,3414,2233,0.801,grid,5,141,2,115,175,135,10,43,18.6,3.9,47.8,11.5,1.01,end,,4.0,255,100,24320,3424,True,False
663238,RS40,24.9,1808,666,0.902,ladder,2,7,0,300,135,95,5,9,20.9,0.0,26.7,19.0,0.28,start,,0.0,0,0,0,1818,False,False
663266,AR2A,36.95,2050,957,0.821,grid,3,0,0,675,130,90,6,2,23.4,0.0,0.0,65.3,0.0,end,,0.0,0,0,0,2060,False,False
663278,R20,11.71,825,789,0.784,ladder,2,11,0,135,150,110,3,1,19.1,3.0,44.3,29.4,0.94,both,,0.0,0,0,0,835,False,False
663290,RS15,6.17,1047,271,0.948,spine,1,7,0,145,105,65,1,4,21.6,0.0,40.3,15.3,1.14,start,,0.0,0,0,0,1000,False,False
663327,RS10,2.76,454,298,0.891,spine,1,5,0,100,100,60,1,1,20.7,7.8,41.8,21.3,1.81,both,,0.0,0,0,0,464,False,False
663339,R80,67.94,2992,1560,0.634,grid,3,9,1,365,220,180,8,5,19.3,0.0,24.4,38.6,0.13,start,,4.5,172,0,0,3002,False,False
663393,R8,2.18,586,378,0.43,spine,1,3,1,75,110,70,1,1,13.4,1.6,30.7,32.8,1.37,both,,10.4,0,0,0,596,False,False
663405,R20,12.61,905,904,0.671,ladder,2,14,1,115,175,135,3,2,14.5,5.1,53.8,18.9,1.11,end,,0.0,0,0,0,915,False,False
663482,R10,24.58,1368,1116,0.701,grid,3,50,3,85,120,80,5,6,20.7,6.1,52.4,12.6,2.03,both,,1.4,0,0,0,1378,False,False
663494,AR2A,25.04,1812,1062,0.567,ladder,2,2,0,400,220,180,5,0,19.4,0.0,16.1,60.6,0.08,start,,6.3,387,0,0,1822,False,False
663550,RS20,5.36,747,635,0.493,ladder,2,1,0,175,115,75,4,0,30.4,0.5,8.7,51.5,0.19,side,,9.3,0,125,13373,757,True,False
663557,R10,5.07,1125,579,0.339,ladder,2,7,0,100,100,60,3,3,26.6,4.0,31.3,24.6,1.38,end,,0.0,0,0,0,1135,False,False
663581,RS80,62.05,,,0.439,,,0,,,,,,,,,,,,,parcel_mostly_in_flood_hazard_or_wetland,90.6,,,,,False,False
663604,RS7.5,4.28,898,552,0.376,ladder,2,1,0,80,95,55,3,0,27.4,0.4,3.9,68.2,0.23,both,,0.0,0,0,0,908,False,False
663607,RS10,6.39,623,543,0.823,ladder,2,9,0,115,90,50,3,1,25.6,4.4,33.9,18.4,1.41,start,,15.9,102,0,0,633,False,False
663672,RS10,4.89,1090,448,0.437,spine,1,1,1,85,120,80,1,0,5.1,0.0,5.1,17.5,0.2,start,,72.5,0,45,11663,416,True,False
663698,R15,4.91,1212,238,0.742,spine,1,4,0,170,90,50,1,3,29.1,0.0,28.8,21.5,0.82,start,,0.0,0,0,0,1165,False,False
663699,R8,18.08,1079,935,0.78,grid,3,40,1,75,110,70,5,10,26.5,5.7,42.7,14.5,2.21,side,,0.0,0,0,0,1089,False,False
663716,RS15,5.45,,,0.387,,,0,,,,,,,,,,,,,parcel_mostly_in_flood_hazard_or_wetland,100.0,,,,,False,False
663735,R15,11.69,1033,499,0.989,spine,1,15,0,100,150,110,1,0,11.4,5.9,55.4,25.0,1.28,end,,4.0,160,0,0,966,False,True
663746,R10,3.27,587,505,0.482,ladder,2,5,0,125,80,40,3,1,24.1,9.0,36.9,22.2,1.53,both,,0.0,0,0,0,597,False,False
663781,R40,175.99,5889,2691,0.484,grid,6,48,1,210,195,155,15,46,20.0,0.0,25.6,26.1,0.27,start,,5.0,683,0,0,5899,False,True
663792,AR2A,22.64,2482,619,0.642,spine,1,2,0,400,220,180,1,2,8.1,0.0,21.1,32.9,0.09,start,,18.5,189,0,0,2435,False,False
663856,R15,32.06,3018,1035,0.447,grid,3,0,0,120,130,90,4,0,0.3,0.0,0.0,25.5,0.0,start,,74.2,0,2069,342793,159,True,False
663863,R10,3.0,871,591,0.254,ladder,2,2,0,100,105,65,3,0,20.0,2.1,15.8,56.6,0.67,end,,5.8,0,11,1438,881,True,False
663909,R15,3.1,960,252,0.558,spine,1,3,0,160,95,55,1,1,21.9,0.0,35.0,32.3,0.97,both,,0.0,0,0,0,970,False,False
663911,R20,8.39,1613,280,0.81,spine,1,5,0,185,110,70,1,4,23.4,0.0,28.4,26.0,0.6,both,,0.0,0,0,0,1623,False,False
663948,R15,3.89,1013,443,0.378,spine,1,2,1,100,150,110,1,1,23.1,2.4,19.3,41.9,0.51,both,,6.0,80,0,0,1023,False,False
664002,RS10,24.19,,,0.71,,,0,,,,,,,,,,,,,parcel_mostly_in_flood_hazard_or_wetland,86.9,,,,,False,False
664005,R15,15.85,,,0.644,,,0,,,,,,,,,,,,,parcel_mostly_in_flood_hazard_or_wetland,98.4,,,,,False,False
664067,RS20,177.68,3985,3202,0.607,grid,7,174,1,115,175,135,13,53,19.6,3.7,45.7,16.0,0.98,end,,1.4,388,0,0,3995,False,False
664095,RS20,4.47,1916,388,0.262,spine,1,0,0,140,145,105,1,0,15.6,0.0,0.0,35.3,0.0,both,,59.5,363,0,0,1926,False,False
664102,RS15,4.33,627,476,0.633,spine,1,5,2,100,150,110,1,2,12.9,5.6,47.2,14.2,1.15,start,,0.0,0,0,0,637,False,False
664126,R8,2.41,586,192,0.932,single_loaded,1,6,0,75,110,70,2,1,27.1,0.0,58.4,4.7,2.49,side,,0.0,0,0,0,596,False,False
664168,AR2A,40.25,2066,1564,0.543,grid,3,3,0,400,220,180,6,5,17.3,0.0,15.0,42.2,0.07,end,,0.8,0,0,0,2076,False,False
664171,RS80,107.16,2345,2330,0.854,grid,4,4,0,365,220,180,8,27,16.0,0.0,8.1,28.6,0.04,side,,0.0,0,0,0,2355,False,False
664214,AR2A,22.38,2507,816,0.477,ladder,2,0,0,500,175,135,6,1,21.2,0.0,0.0,70.2,0.0,start,,0.0,0,0,0,2517,False,False
664228,RS20,5.82,633,528,0.758,spine,1,0,0,115,175,135,1,0,13.1,0.0,0.0,29.2,0.0,both,,69.3,533,0,0,643,False,False
664230,R10,8.83,983,861,0.454,grid,3,11,0,100,100,60,3,1,17.2,4.4,29.0,23.6,1.25,start,,23.8,28,152,21240,993,True,True
664271,R10,7.55,964,398,0.857,spine,1,0,0,85,120,80,1,0,1.0,0.0,0.0,19.5,0.0,start,,79.6,0,712,63563,30,True,False
664291,RS20,22.63,2428,1500,0.271,grid,3,0,0,115,175,135,7,0,18.0,0.0,0.0,13.0,0.0,both,,84.5,2050,0,0,2438,False,False
664300,AR2A,50.88,,,0.593,,,0,,,,,,,,,,,,,parcel_mostly_in_flood_hazard_or_wetland,85.3,,,,,False,False
664306,R20,49.27,2416,1249,0.711,grid,3,39,1,125,165,125,7,12,21.6,3.0,37.5,24.0,0.79,start,,2.9,197,43,14405,2426,True,False
664307,R8,16.91,1116,745,0.886,grid,3,43,2,100,80,40,4,11,25.2,7.7,48.5,6.3,2.54,end,,0.0,0,0,0,1126,False,False
664315,R10,35.68,1475,1388,0.759,grid,4,19,6,85,120,80,5,0,6.0,0.8,13.1,6.7,0.53,end,,73.4,0,3586,16250,659,True,False
664327,RS15,3.45,820,421,0.435,spine,1,3,0,100,150,110,1,1,12.3,5.1,32.4,39.4,0.87,end,,0.0,0,0,0,753,False,False
664333,R8,2.72,912,600,0.216,ladder,2,6,0,80,105,65,2,0,25.5,4.8,42.5,26.3,2.21,both,,1.0,0,0,0,922,False,False
664357,AR2A,59.93,,,0.758,,,0,,,,,,,,,,,,,parcel_mostly_in_flood_hazard_or_wetland,88.4,,,,,False,False
664373,RS10,2.98,936,194,0.715,single_loaded,1,6,0,85,120,80,1,1,10.6,0.0,54.0,26.3,2.02,end,,0.0,0,0,0,889,False,False
664376,R6,5.89,903,574,0.495,ladder,2,10,0,65,95,55,3,2,22.5,5.8,26.8,28.1,1.7,end,,16.6,157,0,0,913,False,False
664396,RS7.5,12.82,1701,705,0.466,grid,3,25,0,100,75,35,5,9,30.9,7.1,33.4,16.6,1.95,both,,0.0,0,0,0,1711,False,False
664400,R40,13.7,2311,432,0.598,spine,1,0,0,220,185,145,1,1,21.2,0.0,0.0,71.4,0.0,start,,1.0,0,0,0,2264,False,False
664405,R8,25.66,2002,1447,0.386,grid,5,50,0,80,105,65,8,6,29.1,4.7,37.5,24.3,1.95,both,,0.0,0,0,0,2012,False,False
664419,RS15,3.21,469,408,0.731,spine,1,3,0,100,150,110,1,1,18.4,4.4,33.1,32.9,0.93,both,,0.0,0,0,0,479,False,False
664479,R6-A,2.29,722,211,0.656,spine,1,1,0,80,75,35,1,1,30.8,0.0,6.0,57.5,0.44,both,,0.0,0,0,0,732,False,False
664480,AR2A,66.78,4529,902,0.712,ladder,2,4,0,450,195,155,6,3,11.9,0.0,12.1,17.4,0.06,start,,50.1,154,3664,29121,2632,True,False
664495,R15,47.59,1635,1623,0.781,grid,4,59,1,100,150,110,6,17,19.7,4.4,45.6,16.0,1.24,start,,1.4,0,0,0,1645,False,False
664529,RS20,4.85,1030,623,0.329,ladder,2,1,0,185,110,70,3,0,17.4,1.7,10.2,44.9,0.21,start,,31.6,186,0,0,1040,False,False
664546,RS10,2.55,589,362,0.521,spine,1,0,0,85,120,80,1,0,1.3,0.0,0.0,18.3,0.0,start,,80.5,0,369,13139,145,True,False
664583,RS10,3.88,778,367,0.593,spine,1,9,5,85,120,80,1,0,18.2,2.5,57.7,21.6,2.32,both,,0.0,0,0,0,788,False,False
664598,R6,3.45,493,351,0.868,spine,1,11,1,65,95,55,1,2,16.5,6.6,59.7,6.1,3.19,end,,0.0,0,0,0,503,False,False
664631,AR2A,31.84,1804,1230,0.625,grid,3,0,0,500,175,135,6,0,21.3,0.0,0.0,72.4,0.0,both,,7.1,0,0,0,1814,False,False
664637,R15,6.44,1042,524,0.514,spine,1,6,1,100,150,110,2,2,15.6,4.0,39.6,27.9,0.93,side,,0.0,0,0,0,1052,False,False
664650,RS20,25.0,1696,1063,0.604,grid,3,23,0,150,135,95,5,8,18.8,6.3,43.2,12.6,0.92,start,,4.7,91,0,0,1706,False,False
664680,R10,2.77,1107,277,0.393,spine,1,3,0,115,90,50,1,0,25.5,2.4,25.6,46.5,1.08,both,,0.0,0,0,0,1117,False,False
664702,RS15,15.51,1811,431,0.865,spine,1,22,4,100,150,110,1,4,14.5,3.4,53.9,18.2,1.42,both,,0.0,0,0,0,1821,False,False
664704,R10,5.33,651,519,0.688,ladder,2,10,0,120,85,45,3,1,25.8,8.1,44.2,17.2,1.88,end,,0.0,0,0,0,661,False,False
664708,R40,117.46,4237,1889,0.639,grid,4,51,6,200,205,165,11,23,18.8,0.0,41.0,19.7,0.43,both,,2.2,213,0,0,4247,False,False
664717,RS20,9.99,748,633,0.92,ladder,2,9,0,175,115,75,3,2,21.1,5.2,41.4,23.0,0.9,both,,0.0,0,0,0,758,False,False
664762,AR2A,22.61,,,0.722,,,0,,,,,,,,,,,,,parcel_mostly_in_flood_hazard_or_wetland,87.3,,,,,False,False
664765,RS7.5,7.0,649,636,0.737,ladder,2,20,1,75,105,65,3,1,22.6,6.4,55.3,12.5,2.86,start,,0.0,0,0,0,659,False,False
664783,RS20,11.19,1152,967,0.437,ladder,2,10,3,115,175,135,4,0,20.1,2.1,44.3,33.5,0.89,side,,0.0,0,0,0,1162,False,False
664813,RS15,4.93,908,245,0.965,spine,1,7,0,160,95,55,1,2,23.7,0.0,49.3,12.9,1.42,start,,0.0,0,0,0,861,False,False
664814,R10,12.72,1351,483,0.849,ladder,2,14,0,135,75,35,3,5,21.7,7.1,26.4,12.0,1.1,end,,23.7,0,538,14627,1227,True,False
664815,R40,12.29,1996,479,0.56,spine,1,5,0,195,210,170,1,1,11.7,0.0,38.3,36.4,0.41,end,,6.8,84,0,0,1949,False,True
664834,RS10,4.54,710,594,0.469,ladder,2,7,0,100,105,65,2,0,17.6,5.4,37.1,35.4,1.54,start,,6.8,80,0,0,720,False,False
664841,R6,3.42,1276,251,0.464,spine,1,1,0,80,75,35,1,0,31.4,0.2,4.0,31.5,0.29,start,,33.0,0,0,0,1209,False,False
664848,RS7.5,9.96,1400,325,0.953,spine,1,28,0,75,105,65,1,4,16.0,11.0,55.6,9.4,2.81,both,,0.0,0,0,0,1410,False,False
664860,RS10,5.48,939,517,0.493,ladder,2,5,0,120,85,45,3,2,31.8,3.8,21.4,35.1,0.91,start,,0.0,0,0,0,949,False,False
664876,RS10,2.23,538,325,0.554,spine,1,0,0,90,115,75,1,0,25.0,0.0,0.0,60.3,0.0,end,,20.2,99,0,0,548,False,False
664879,AR2A,51.11,4132,629,0.857,spine,1,8,1,400,220,180,1,9,9.8,0.0,36.6,11.5,0.16,start,,1.3,184,0,0,4085,False,False
664886,R10,5.83,1369,241,0.769,spine,1,1,0,145,70,30,1,2,21.1,3.4,4.1,47.5,0.17,end,,15.6,0,156,3633,1092,True,True
664902,R8,3.06,,,0.545,,,0,,,,,,,,,,,,,parcel_mostly_in_flood_hazard_or_wetland,100.0,,,,,False,False
664923,AR2A,21.58,1084,1038,0.835,ladder,2,3,0,400,220,180,3,3,14.8,0.0,29.0,28.0,0.14,both,,0.0,0,0,0,1094,False,False
664937,RS10,3.14,684,403,0.497,spine,1,4,4,85,120,80,1,1,24.1,1.0,32.8,32.8,1.27,end,,0.0,0,0,0,694,False,False
664944,R10,19.65,1250,923,0.742,grid,3,29,0,95,110,70,5,5,23.8,4.9,36.4,21.6,1.48,both,,9.7,362,0,0,1260,False,False
664994,RS20,8.24,736,645,0.755,ladder,2,6,0,175,115,75,3,2,22.2,3.9,34.7,27.6,0.73,start,,0.0,0,0,0,746,False,False
664995,R10,4.95,1656,502,0.259,ladder,2,4,2,125,80,40,4,3,30.6,3.4,18.6,33.2,0.81,start,,0.0,0,0,0,1666,False,False
665034,RS10,5.91,811,587,0.54,ladder,2,9,0,100,100,60,3,1,21.7,4.2,36.6,30.4,1.52,end,,3.5,0,0,0,821,False,False
665046,RS10,2.26,,,0.702,,,0,,,,,,,,,,,,,parcel_mostly_in_flood_hazard_or_wetland,100.0,,,,,False,False
665049,AR2A,39.19,2307,1037,0.714,ladder,2,2,0,400,220,180,5,9,12.4,0.0,11.4,27.3,0.05,both,,1.2,0,0,0,2317,False,False
665058,RS7.5,50.11,2117,1156,0.892,grid,4,144,5,75,100,60,7,19,25.9,5.6,50.4,11.2,2.87,end,,0.3,0,0,0,2127,False,False
665062,R10,3.82,,,0.721,,,0,,,,,,,,,,,,,parcel_mostly_in_flood_hazard_or_wetland,99.9,,,,,False,False
665063,R6,2.15,701,235,0.567,spine,1,5,0,90,70,30,1,1,27.8,9.0,33.7,22.7,2.33,both,,0.0,0,0,0,711,False,False
665068,RS10,2.55,503,244,0.907,spine,1,4,0,145,70,30,1,2,23.2,12.9,38.7,5.8,1.57,both,,0.0,0,0,0,513,False,False
665080,R10,72.56,2656,1544,0.771,grid,5,146,9,95,110,70,9,33,25.9,5.2,49.0,8.9,2.01,both,,0.0,0,0,0,2666,False,False
665094,RS15,5.87,841,479,0.635,spine,1,6,2,100,150,110,1,0,18.2,2.2,41.5,38.2,1.02,start,,0.0,0,0,0,774,False,False
665098,R10,3.41,509,424,0.688,spine,1,6,1,85,120,80,1,1,16.4,6.2,53.3,15.0,1.76,both,,0.0,0,0,0,519,False,False
665134,RS10,4.71,1032,380,0.523,spine,1,7,4,85,120,80,1,2,23.6,1.2,38.6,25.3,1.49,start,,0.0,0,0,0,965,False,False
665135,AR2A,63.7,2662,1101,0.947,ladder,2,10,1,400,220,180,6,11,13.7,0.0,33.6,13.5,0.16,start,,0.9,172,0,0,2672,False,True
665141,R6,2.63,608,223,0.849,spine,1,3,0,75,80,40,1,1,27.5,0.0,16.4,34.7,1.14,start,,16.0,0,0,0,618,False,False
665147,R20,13.07,979,822,0.708,ladder,2,13,0,125,160,120,3,4,17.0,5.6,46.1,16.9,0.99,start,,0.0,0,0,0,989,False,False
665160,RS20,7.34,656,604,0.806,ladder,2,5,0,195,105,65,3,2,23.2,6.2,32.9,24.7,0.68,both,,0.0,0,0,0,666,False,False
665233,RS20,4.19,1672,161,0.679,single_loaded,1,4,0,195,105,65,1,2,20.7,0.0,45.2,11.4,0.95,both,,0.0,0,0,0,1682,False,False
665239,RS15,9.88,818,688,0.765,ladder,2,13,0,120,125,85,3,2,20.5,5.6,46.5,20.2,1.32,end,,0.0,0,0,0,828,False,False
665249,RS10,2.07,372,348,0.696,spine,1,3,0,85,120,80,1,0,19.4,3.9,35.2,22.3,1.45,end,,25.1,97,0,0,382,False,False
665250,R15,19.96,1754,917,0.541,ladder,2,15,4,100,150,110,4,3,17.0,2.6,27.7,43.8,0.75,both,,4.1,0,0,0,1764,False,False
665251,RS10,2.39,543,367,0.523,spine,1,4,2,85,120,80,1,0,18.8,0.4,41.9,37.3,1.67,both,,1.5,0,0,0,553,False,False
665287,RS15,7.28,714,637,0.696,ladder,2,3,0,135,115,75,3,0,24.3,2.0,14.6,38.2,0.41,side,,31.6,0,1113,25639,540,True,False
665294,AR2A,34.11,2786,1562,0.341,grid,4,0,0,530,165,125,8,0,22.0,0.0,0.0,74.3,0.0,end,,4.8,143,0,0,2796,False,False
665350,R20,20.7,1251,897,0.804,ladder,2,23,0,115,175,135,4,7,17.0,4.7,53.3,9.1,1.11,end,,0.0,0,0,0,1261,False,False
665372,RS15,3.57,621,319,0.783,spine,1,0,0,140,110,70,1,0,0.0,0.0,0.0,24.4,0.0,start,,75.6,0,164,37954,-47,True,False
665373,RS40,21.35,1647,907,0.622,ladder,2,8,1,210,195,155,4,5,17.4,0.0,35.5,25.1,0.37,start,,0.2,0,0,0,1657,False,False
665402,RS40,134.3,4833,2745,0.441,grid,6,46,0,200,200,160,14,20,20.3,0.0,31.3,31.2,0.34,both,,4.7,728,0,0,4843,False,False
665408,RS20,5.4,2987,686,0.115,ladder,2,1,0,160,125,85,5,1,15.2,1.7,8.3,47.8,0.19,start,,18.3,0,140,3363,2997,True,False
665411,RS10,12.13,1585,798,0.417,grid,3,1,0,115,90,50,4,0,8.9,0.3,1.9,16.6,0.08,end,,72.7,0,927,25466,957,True,False
665416,RS10,6.2,1237,659,0.331,ladder,2,2,0,85,120,80,4,1,28.6,1.1,7.4,46.4,0.32,start,,12.8,0,0,0,1247,False,False
665441,R10,14.37,2016,567,0.547,ladder,2,25,2,110,95,55,5,4,25.4,5.6,42.4,19.6,1.74,start,,0.0,0,0,0,2026,False,False
665456,RS10,4.95,1006,449,0.477,spine,1,10,7,85,120,80,1,1,17.2,2.7,54.7,19.1,2.02,both,,0.0,0,0,0,1016,False,False
665468,RS10,3.24,406,355,0.979,spine,1,6,0,85,120,80,1,2,15.5,9.4,46.7,12.7,1.85,both,,0.0,0,0,0,416,False,False
665480,R10,4.0,805,538,0.403,ladder,2,2,0,115,90,50,3,2,13.4,4.9,12.4,35.3,0.5,end,,22.3,0,200,15012,815,True,True
665487,RS15,12.28,,,0.463,,,0,,,,,,,,,,,,,parcel_mostly_in_flood_hazard_or_wetland,94.3,,,,,False,False
665493,RS15,4.98,514,458,0.923,spine,1,7,1,100,150,110,1,2,12.6,6.9,57.2,6.6,1.4,both,,0.0,0,0,0,524,False,False
665507,RS15,3.25,,,0.7,,,0,,,,,,,,,,,,,parcel_mostly_in_flood_hazard_or_wetland,100.0,,,,,False,False
665558,R6,3.54,520,382,0.775,spine,1,5,0,65,95,55,1,1,15.1,5.1,28.4,28.2,1.41,start,,18.0,0,0,0,530,False,False
665577,R6,33.21,1505,1181,0.813,grid,4,26,0,65,95,55,6,1,8.7,1.6,12.2,4.6,0.78,start,,72.5,30,3387,8501,627,True,False
665630,AR2A,23.58,1287,1141,0.699,ladder,2,1,0,400,220,180,4,2,12.8,0.0,10.1,53.9,0.04,start,,2.9,0,0,0,1297,False,False
665631,AR2A,30.95,1792,1185,0.635,grid,3,0,0,530,165,125,6,3,21.3,0.0,0.0,57.6,0.0,start,,0.0,0,0,0,1802,False,False
665638,R40,124.47,3048,2151,0.827,grid,4,49,1,185,220,180,8,15,14.4,0.0,37.8,21.3,0.39,start,,15.3,431,923,234015,2630,True,False
665640,R40,11.66,1575,796,0.405,ladder,2,0,0,240,170,130,5,2,22.6,0.0,0.0,61.6,0.0,side,,0.0,0,0,0,1585,False,False
665674,R10,15.99,996,762,0.917,grid,3,13,0,120,85,45,4,2,24.9,3.1,19.2,15.3,0.81,both,,44.1,1055,0,0,1006,False,False
665684,RS15,12.38,1593,729,0.465,ladder,2,7,1,115,135,95,4,3,18.4,2.0,20.9,31.4,0.57,start,,21.5,142,0,0,1603,False,False
665696,RS20,6.32,1036,403,0.66,spine,1,5,0,135,150,110,1,1,15.6,5.2,37.4,22.3,0.79,start,,12.0,0,37,366,782,True,True
665701,RS20,218.54,3787,3118,0.806,grid,7,237,3,115,175,135,13,43,18.9,3.9,51.3,12.2,1.08,end,,4.8,546,506,198514,3797,True,False
665704,RS10,5.58,1303,195,0.959,single_loaded,1,12,0,85,120,80,1,2,26.7,0.0,58.4,5.2,2.15,start,,0.0,0,0,0,1256,False,False
665717,R10,8.12,1040,512,0.664,ladder,2,12,0,120,85,45,3,6,27.1,6.1,34.5,15.1,1.48,end,,0.0,0,0,0,1050,False,False
665752,R15,14.1,1475,580,0.718,ladder,2,11,0,150,100,60,5,6,28.0,6.3,27.6,18.5,0.78,side,,6.1,0,0,0,1485,False,False
665765,RS15,3.67,1372,157,0.742,single_loaded,1,5,0,150,100,60,1,2,16.1,0.0,47.9,17.5,1.36,end,,0.0,0,0,0,1325,False,False
665793,AR2A,22.27,3047,615,0.517,spine,1,1,1,400,220,180,1,1,10.4,0.0,9.6,67.1,0.04,end,,3.6,79,0,0,3000,False,False
665819,RS10,8.16,919,518,0.747,ladder,2,2,0,120,85,45,3,0,12.8,1.3,5.8,30.6,0.25,end,,55.7,293,653,72979,443,True,False
665820,RS10,3.78,1604,606,0.17,ladder,2,0,0,100,105,65,3,0,16.1,0.0,0.0,68.8,0.0,start,,15.1,0,133,34050,1614,True,True
665843,RS7.5,2.95,,,0.43,,,0,,,,,,,,,,,,,parcel_mostly_in_flood_hazard_or_wetland,100.0,,,,,False,False
665860,RS20,5.31,622,570,0.651,spine,1,4,1,115,175,135,1,1,12.4,5.0,41.1,30.8,0.75,both,,0.0,0,0,0,632,False,False
665870,RS15,3.15,879,292,0.535,spine,1,1,0,160,95,55,1,0,24.2,0.9,11.1,31.2,0.32,both,,39.6,165,0,0,889,False,False
665885,R40,14.16,1003,878,0.701,ladder,2,5,0,215,190,150,4,2,16.7,0.0,32.8,35.0,0.35,side,,2.4,0,80,23495,1013,True,False
665887,R20,6.6,779,512,0.72,spine,1,2,1,115,175,135,1,1,12.0,0.2,15.2,54.4,0.3,start,,10.2,0,57,9333,664,True,False
665897,RS15,5.51,1561,183,0.841,single_loaded,1,7,0,120,125,85,1,1,29.3,0.0,44.2,12.3,1.27,end,,10.5,129,0,0,1514,False,False
665935,R10,4.1,808,353,0.626,spine,1,7,2,85,120,80,1,1,21.9,3.9,42.0,26.0,1.71,start,,0.0,0,0,0,741,False,False
665940,RS15,22.09,1620,832,0.714,ladder,2,0,0,100,150,110,2,0,0.0,0.0,0.0,16.4,0.0,start,,83.6,0,1994,157271,151,True,False
665951,R20,17.3,1422,916,0.579,ladder,2,17,0,115,175,135,4,3,15.0,4.4,47.7,24.5,0.98,both,,0.0,0,0,0,1432,False,False
665955,AR2A,44.41,3151,890,0.689,ladder,2,4,0,450,195,155,7,8,17.9,0.0,18.1,27.9,0.09,start,,0.0,0,0,0,3161,False,False
665976,R6,22.87,1525,979,0.667,grid,4,22,1,75,80,40,6,1,29.9,1.8,13.3,6.8,0.96,both,,70.0,3024,0,0,1535,False,False
666041,RS15,6.48,635,500,0.889,spine,1,10,2,100,150,110,1,2,12.0,4.5,65.4,5.1,1.54,both,,0.0,0,0,0,645,False,False
666068,R10,2.14,373,271,0.925,spine,1,3,0,120,85,45,1,1,21.7,9.8,33.5,23.8,1.4,start,,0.0,0,0,0,383,False,False
666092,RS10,6.9,798,511,0.738,ladder,2,11,0,120,85,45,3,4,26.6,7.3,37.4,15.4,1.59,end,,0.0,0,0,0,808,False,False
666112,R6,2.01,441,279,0.711,spine,1,7,0,70,90,50,1,1,23.0,6.7,51.3,11.9,3.48,both,,0.0,0,0,0,451,False,False
666145,AR2A,38.02,3557,862,0.54,ladder,2,1,0,475,185,145,7,10,15.6,0.0,5.4,24.1,0.03,start,,2.1,76,0,0,3567,False,False
666147,AR2A,32.7,1941,1072,0.684,grid,3,1,0,585,150,110,6,1,21.6,0.0,6.3,60.9,0.03,start,,6.6,277,0,0,1951,False,False
666211,R6,2.26,730,152,0.889,single_loaded,1,9,0,65,95,55,1,1,29.3,0.0,57.4,6.9,3.98,start,,0.0,0,0,0,740,False,False
666227,RS10,7.18,859,545,0.668,ladder,2,13,1,115,90,50,3,2,22.0,6.2,44.3,17.7,1.81,both,,2.9,0,0,0,869,False,False
666229,RS10,11.22,877,756,0.737,ladder,2,22,3,85,120,80,3,3,19.0,5.4,51.1,16.3,1.96,start,,1.5,40,0,0,887,False,False
666240,R15,10.71,1098,657,0.646,ladder,2,10,0,125,120,80,3,2,18.0,5.2,32.3,25.4,0.93,end,,12.6,0,90,14188,1108,True,False
666244,RS7.5,2.12,467,220,0.901,spine,1,3,0,95,80,40,1,2,26.0,0.0,24.7,33.5,1.42,start,,0.0,0,0,0,477,False,False
666246,AR2A,25.51,1430,1025,0.758,ladder,2,3,1,400,220,180,4,0,15.9,0.0,24.5,53.5,0.12,start,,6.1,0,146,56629,1298,True,True
666249,AR2A,24.42,1821,943,0.62,ladder,2,2,0,425,205,165,5,0,17.1,0.0,16.5,42.4,0.08,side,,24.0,0,510,24196,1831,True,False
666277,R20,4.2,1155,638,0.248,ladder,2,1,0,175,115,75,3,0,26.5,1.0,11.3,53.5,0.24,start,,7.8,0,35,8081,1165,True,False
666278,RS10,2.58,679,544,0.305,ladder,2,2,0,115,90,50,2,0,14.7,4.1,19.0,48.7,0.78,end,,16.8,54,0,0,689,False,False
666281,RS20,8.96,1241,572,0.549,spine,1,7,3,115,175,135,1,1,12.4,2.1,41.0,38.5,0.78,both,,0.0,0,0,0,1251,False,False
666308,R15,3.38,875,274,0.614,spine,1,4,0,145,105,65,1,1,22.8,0.0,42.7,19.4,1.18,end,,6.5,74,0,0,828,False,False
666314,R10,8.45,737,620,0.806,ladder,2,17,0,95,110,70,3,2,24.2,5.2,48.8,16.4,2.01,both,,0.0,0,0,0,747,False,False
666323,RS7.5,9.18,754,574,0.923,ladder,2,27,0,75,100,60,3,0,22.8,5.7,51.0,11.9,2.94,end,,11.0,158,0,0,764,False,True
666341,R20,5.12,1097,348,0.584,spine,1,5,0,160,125,85,1,2,17.2,4.7,44.7,15.9,0.98,end,,0.1,10,0,0,1030,False,False
666342,R20,28.79,2980,1158,0.363,grid,3,30,0,135,150,110,7,9,18.8,4.0,49.0,13.0,1.04,end,,0.7,0,0,0,2990,False,False
666364,R6,7.63,1110,389,0.769,spine,1,25,9,65,95,55,1,3,18.0,5.0,61.3,7.9,3.28,both,,0.0,0,0,0,1120,False,False
666373,RS15,4.81,865,663,0.365,ladder,2,4,0,125,120,80,3,0,17.9,3.9,28.3,49.9,0.83,both,,0.0,0,0,0,875,False,False
666376,RS20,5.09,744,550,0.542,spine,1,4,1,115,175,135,1,1,11.1,4.2,42.4,31.4,0.79,start,,0.0,0,0,0,677,False,False
666416,AR2A,19.76,1263,1046,0.651,ladder,2,0,0,400,220,180,4,2,12.8,0.0,0.0,64.9,0.0,end,,0.0,0,0,0,1273,False,False
666428,RS15,29.8,1833,1280,0.553,grid,3,35,2,100,150,110,6,2,19.4,3.8,44.0,15.1,1.17,end,,20.5,665,0,0,1843,False,False
666481,RS15,51.52,,,0.42,,,0,,,,,,,,,,,,,parcel_mostly_in_flood_hazard_or_wetland,99.0,,,,,False,False
666486,AR2A,59.91,1848,1668,0.847,grid,3,3,0,400,220,180,6,7,17.2,0.0,10.6,26.7,0.05,both,,25.5,1281,0,0,1858,False,False
666507,R10,2.3,402,261,0.955,spine,1,3,0,125,80,40,2,2,26.9,10.7,30.7,10.5,1.3,side,,0.4,0,0,0,412,False,False
666555,R15,3.98,1025,178,0.951,single_loaded,1,6,0,125,120,80,1,1,31.6,0.0,52.7,6.9,1.51,end,,0.0,0,0,0,978,False,False
666620,AR2A,24.29,1572,899,0.749,ladder,2,1,0,450,195,155,4,5,17.5,0.0,8.0,34.0,0.04,end,,0.0,0,0,0,1582,False,False
666633,R10,4.26,1223,608,0.25,ladder,2,0,0,100,105,65,2,0,13.3,0.0,0.0,34.7,0.0,end,,52.1,0,523,15517,754,True,False
666635,AR2A,82.37,2822,1944,0.654,grid,4,2,0,410,215,175,8,9,7.6,0.0,4.8,15.6,0.02,end,,51.5,718,2648,228724,2832,True,False
666638,R10,96.27,3732,2130,0.528,grid,6,190,5,85,120,80,12,29,22.6,5.5,49.0,15.2,1.97,both,,0.2,0,0,0,3742,False,False
666654,R20,7.24,1177,410,0.653,spine,1,5,0,130,155,115,1,3,14.5,5.0,32.4,29.9,0.69,start,,0.0,0,0,0,1110,False,False
666658,RS10,5.0,628,401,0.864,spine,1,9,1,85,120,80,1,2,14.9,7.2,52.7,13.2,1.8,start,,0.0,0,0,0,638,False,False
666666,RS20,4.14,502,399,0.902,spine,1,4,0,135,150,110,1,1,15.2,6.0,45.5,21.9,0.97,end,,0.0,0,0,0,512,False,False
666667,RS15,7.57,694,662,0.717,ladder,2,9,0,125,120,80,3,1,21.4,6.2,41.8,21.8,1.19,start,,4.0,0,36,5550,704,True,False
666669,R8,25.12,1449,856,0.882,grid,3,72,0,80,100,60,5,12,23.3,7.2,53.6,6.9,2.87,both,,0.0,0,0,0,1459,False,False
666720,RS20,7.27,674,538,0.874,spine,1,7,0,115,175,135,1,2,10.9,6.1,54.5,12.9,0.96,both,,0.0,0,0,0,684,False,False
666722,R40,113.49,2983,2542,0.652,grid,5,38,1,185,220,180,9,29,18.4,0.0,31.3,25.2,0.33,end,,1.4,106,0,0,2993,False,False
666761,AR2A,25.79,2227,980,0.515,ladder,2,1,0,410,215,175,5,2,17.2,0.0,7.8,46.0,0.04,end,,15.7,263,0,0,2237,False,False
666765,RS7.5,3.01,611,495,0.434,ladder,2,0,0,95,80,40,3,0,21.1,0.0,0.0,51.2,0.0,start,,35.9,108,105,27231,621,True,False
666785,RS15,12.0,2384,661,0.332,ladder,2,12,0,125,120,80,3,1,18.6,4.0,34.8,39.6,1.0,end,,0.0,0,0,0,2394,False,False
666797,AR2A,25.6,1374,1153,0.704,ladder,2,2,0,400,220,180,4,2,14.3,0.0,15.8,51.3,0.08,both,,0.0,0,0,0,1384,False,False
666841,RS10,3.94,861,253,0.787,spine,1,6,0,135,75,35,1,2,24.2,9.3,37.0,17.5,1.52,start,,0.0,0,0,0,794,False,False
666843,R15,31.93,2967,981,0.478,grid,3,33,0,125,120,80,7,13,24.8,4.9,35.5,20.9,1.03,both,,0.0,0,0,0,2977,False,False
666865,AR2A,24.24,1877,851,0.661,ladder,2,1,0,475,185,145,5,2,18.5,0.0,8.3,56.6,0.04,start,,0.0,0,0,0,1887,False,False
666868,R20,7.63,666,511,0.977,spine,1,9,0,115,175,135,1,0,10.9,4.7,64.1,18.3,1.18,start,,4.1,134,0,0,676,False,True
666871,RS20,4.86,624,449,0.755,spine,1,2,0,115,175,135,1,2,13.8,3.3,19.0,39.4,0.41,end,,6.0,0,47,10967,458,True,True
666880,R6,2.29,356,316,0.886,spine,1,8,1,65,95,55,1,1,17.5,10.8,56.9,7.9,3.49,both,,0.0,0,0,0,366,False,False
666893,AR2A,25.08,1996,1099,0.498,grid,3,0,0,565,155,115,6,0,22.0,0.0,0.0,69.6,0.0,end,,10.1,298,0,0,2006,False,False
666913,AR2A,44.18,4210,1767,0.259,grid,4,0,0,460,190,150,11,7,20.6,0.0,0.0,43.8,0.0,start,,4.7,37,42,1846,4220,True,True
666916,R10,5.71,710,492,0.712,ladder,2,9,0,125,80,40,3,2,29.7,5.1,36.0,21.4,1.58,start,,0.0,0,0,0,720,False,False
666941,RS40,11.4,756,732,0.897,spine,1,3,0,185,220,180,1,2,8.6,0.0,28.9,34.7,0.26,start,,9.1,0,0,0,709,False,False
667043,AR2A,67.7,4006,1906,0.386,grid,4,1,0,415,210,170,10,10,19.1,0.0,3.0,44.5,0.01,both,,5.2,195,0,0,4016,False,False
667055,RS15,31.95,2465,844,0.669,ladder,2,45,4,100,150,110,6,8,17.6,5.2,53.9,13.8,1.41,both,,0.1,0,0,0,2475,False,False
667113,R6,7.42,792,416,0.98,spine,1,18,0,65,95,55,1,2,13.7,8.0,48.7,24.1,2.43,start,,0.0,0,0,0,725,False,False
667119,R6,6.44,1078,280,0.928,spine,1,23,0,70,90,50,1,4,19.9,13.2,53.2,4.5,3.57,both,,0.0,0,0,0,1088,False,False
667152,RS20,70.71,2282,1874,0.72,grid,4,72,1,115,175,135,7,18,16.4,4.4,50.2,14.1,1.02,end,,3.0,156,0,0,2292,False,True
667161,R10,5.24,491,479,0.972,ladder,2,6,0,135,75,35,3,4,27.5,7.7,27.5,19.1,1.14,both,,0.0,0,0,0,501,False,False
667200,AR2A,77.41,4009,1210,0.695,ladder,2,9,3,400,220,180,8,11,14.4,0.0,24.2,28.3,0.12,start,,4.7,283,0,0,4019,False,False
667209,RS10,2.44,680,584,0.267,ladder,2,2,0,100,100,60,2,0,14.5,3.7,19.4,62.3,0.82,both,,0.0,0,0,0,690,False,False
667211,RS10,3.75,1066,298,0.515,spine,1,1,0,100,100,60,2,1,33.8,0.5,6.0,53.9,0.27,side,,0.0,0,0,0,999,False,False
667232,RS10,2.52,497,413,0.536,spine,1,5,3,85,120,80,1,0,21.2,1.4,56.3,21.1,1.98,start,,0.0,0,0,0,507,False,False
667262,RS10,8.41,884,544,0.762,ladder,2,16,3,115,90,50,3,3,25.8,7.2,45.8,12.6,1.9,start,,0.0,0,0,0,894,False,False
667330,RS15,4.94,952,233,0.971,single_loaded,1,8,0,100,150,110,1,1,23.3,0.0,65.7,2.8,1.62,start,,0.0,0,0,0,905,False,False
667335,RS10,3.88,576,364,0.806,spine,1,7,0,85,120,80,1,2,15.5,6.6,47.4,13.1,1.8,end,,3.9,0,0,0,586,False,False
667365,R10,27.12,1502,1052,0.747,grid,3,54,1,85,120,80,5,8,20.0,5.2,50.5,11.7,1.99,end,,5.2,0,0,0,1512,False,False
667368,R10,2.42,488,335,0.644,spine,1,3,0,85,120,80,1,2,21.1,4.0,28.7,27.8,1.24,end,,0.0,0,0,0,498,False,False
667378,AR2A,30.7,1593,1277,0.657,grid,3,2,0,475,185,145,5,6,20.3,0.0,12.8,27.8,0.07,both,,0.0,0,0,0,1603,False,False
667385,RS10,4.48,1144,365,0.467,spine,1,0,0,85,120,80,1,0,15.7,0.0,0.0,43.9,0.0,start,,40.3,0,99,35909,812,True,False
667387,RS20,10.91,1025,508,0.912,spine,1,11,1,115,175,135,1,4,10.8,7.0,54.6,7.5,1.01,both,,0.0,0,0,0,1035,False,False
667412,R15,4.08,1024,350,0.497,spine,1,4,0,120,125,85,1,0,18.3,3.2,33.8,44.7,0.98,both,,0.0,0,0,0,1034,False,False
667420,RS7.5,3.13,488,294,0.951,spine,1,8,0,80,95,55,1,2,19.3,9.4,46.1,11.3,2.55,end,,2.2,0,0,0,498,False,False
667430,RS10,10.17,804,665,0.828,ladder,2,22,0,85,120,80,3,3,21.4,6.5,52.1,13.0,2.16,start,,0.0,0,0,0,814,False,False
667447,AR2A,45.65,2354,1270,0.665,grid,3,0,0,485,180,140,6,11,20.1,0.0,0.0,31.0,0.0,start,,1.5,15,0,0,2364,False,False
667493,R10,3.61,597,313,0.839,spine,1,6,0,100,105,65,1,2,18.9,7.7,41.3,18.3,1.66,both,,0.0,0,0,0,607,False,False
667534,RS10,3.17,494,359,0.78,spine,1,6,0,85,120,80,1,1,16.5,6.7,48.0,20.8,1.89,start,,0.0,0,0,0,504,False,False
667540,RS10,8.04,,,0.515,,,0,,,,,,,,,,,,,parcel_mostly_in_flood_hazard_or_wetland,95.8,,,,,False,False
667544,RS20,9.8,902,515,0.919,spine,1,8,0,115,175,135,1,2,11.0,5.0,44.7,22.1,0.82,end,,5.9,0,0,0,835,False,False
667558,R6,2.35,390,344,0.762,spine,1,4,0,65,95,55,1,1,20.9,6.2,31.7,33.3,1.7,start,,0.0,0,0,0,400,False,False
667572,AR2A,21.39,1403,922,0.721,ladder,2,1,0,440,200,160,5,1,16.6,0.0,9.5,61.0,0.05,start,,3.7,0,55,7225,1258,True,False
667612,AR2A,67.25,4459,881,0.745,ladder,2,0,0,460,190,150,6,3,6.6,0.0,0.0,21.3,0.0,start,,63.2,0,4790,25844,1918,True,False
667613,AR2A,34.54,1518,1231,0.805,grid,3,0,0,500,175,135,5,2,19.4,0.0,0.0,66.1,0.0,start,,3.4,0,77,18654,1528,True,True
667631,RS20,5.14,625,495,0.723,spine,1,5,1,115,175,135,1,1,12.2,2.6,50.2,24.7,0.97,end,,0.0,0,0,0,635,False,False
667635,R10,14.76,1119,680,0.845,ladder,2,27,0,85,120,80,3,3,17.9,6.2,45.2,14.9,1.83,start,,13.9,273,0,0,1129,False,False
667638,R8,2.87,437,311,0.919,spine,1,7,0,80,105,65,1,2,18.9,7.6,48.0,10.4,2.44,end,,1.7,0,0,0,447,False,False
667656,R10,2.43,575,315,0.586,spine,1,3,2,100,105,65,1,2,23.0,5.8,29.4,21.4,1.23,start,,0.0,0,0,0,585,False,False
667664,RS10,2.73,786,254,0.596,spine,1,4,0,135,75,35,2,1,22.3,9.9,36.1,23.6,1.46,side,,0.0,0,0,0,796,False,False
667666,RS15,14.05,,,0.631,,,0,,,,,,,,,,,,,parcel_mostly_in_flood_hazard_or_wetland,100.0,,,,,False,False
667693,RS7.5,2.82,685,423,0.423,spine,1,6,2,75,105,65,1,1,19.2,1.5,50.0,20.9,2.13,both,,0.0,0,0,0,695,False,False
667702,R15,11.63,1360,651,0.573,ladder,2,9,0,125,120,80,4,4,23.9,3.6,26.6,27.3,0.77,end,,7.5,0,0,0,1370,False,False
667711,RS15,7.9,1163,461,0.642,spine,1,9,0,100,150,110,1,2,10.9,6.1,47.3,25.0,1.14,end,,0.0,0,0,0,1096,False,False
667714,R10,12.29,,,0.546,,,0,,,,,,,,,,,,,parcel_mostly_in_flood_hazard_or_wetland,100.0,,,,,False,False
667725,AR2A,34.78,1518,1324,0.754,grid,3,0,0,460,190,150,5,6,19.0,0.0,0.0,44.1,0.0,both,,2.1,0,0,0,1528,False,False
667728,AR2A,36.73,1634,1606,0.61,grid,3,3,3,400,220,180,5,8,15.2,0.0,17.5,21.8,0.08,start,,1.2,29,0,0,1644,False,False
667753,R6,30.7,1379,1256,0.772,grid,4,107,1,65,95,55,6,8,25.1,6.8,52.9,11.2,3.48,both,,0.0,0,0,0,1389,False,False
667754,AR2A,23.51,1384,1246,0.594,ladder,2,1,1,400,220,180,5,1,20.3,0.0,8.7,54.9,0.04,side,,7.4,0,0,0,1394,False,False
667787,R15,5.48,741,377,0.854,spine,1,6,0,110,140,100,1,2,15.0,5.8,38.6,21.4,1.1,end,,6.2,0,27,14264,568,True,False
667802,R40,16.95,2140,588,0.587,spine,1,7,1,185,220,180,1,1,9.7,0.0,44.8,33.9,0.41,end,,5.7,78,0,0,2093,False,True
667803,RS20,6.31,967,466,0.61,spine,1,5,0,115,175,135,1,2,12.8,5.1,38.8,27.3,0.79,both,,1.2,0,0,0,977,False,False
667807,R20,13.02,917,717,0.863,ladder,2,11,0,150,135,95,3,4,18.9,5.2,39.7,21.8,0.85,start,,0.0,0,0,0,927,False,False
667818,R15,3.7,1231,483,0.271,spine,1,1,1,100,150,110,1,0,10.9,0.0,10.6,78.5,0.27,end,,0.0,0,0,0,1164,False,False
667821,RS20,11.78,,,0.471,,,0,,,,,,,,,,,,,parcel_mostly_in_flood_hazard_or_wetland,95.5,,,,,False,False
667833,RS15,7.8,1330,624,0.409,ladder,2,8,0,140,110,70,3,2,21.7,5.7,36.8,26.1,1.03,both,,0.0,0,0,0,1340,False,False
667839,R40,112.43,2854,2644,0.649,grid,5,24,1,185,220,180,9,17,18.5,0.0,19.8,22.3,0.21,both,,31.0,3516,0,0,2864,False,False
667842,R10,8.37,750,712,0.684,ladder,2,16,2,85,120,80,3,4,20.6,6.0,49.3,11.4,1.91,both,,0.2,0,0,0,760,False,False
667843,RS15,4.06,683,342,0.758,spine,1,5,0,125,120,80,1,1,18.9,5.4,43.6,23.3,1.23,end,,0.0,0,0,0,693,False,False
667857,RS10,4.52,,,0.503,,,0,,,,,,,,,,,,,parcel_mostly_in_flood_hazard_or_wetland,97.6,,,,,False,False
667858,RS40,16.4,1185,678,0.89,ladder,2,3,0,290,140,100,3,6,18.9,0.0,17.1,30.4,0.18,both,,0.0,0,0,0,1195,False,False
667866,AR2A,32.77,2496,972,0.588,ladder,2,3,0,410,215,175,6,5,15.6,0.0,18.6,30.7,0.09,start,,5.9,192,0,0,2506,False,True
667867,RS15,6.04,,,0.73,,,0,,,,,,,,,,,,,parcel_mostly_in_flood_hazard_or_wetland,97.7,,,,,False,False
667875,AR2A,28.5,1339,1223,0.758,ladder,2,3,1,400,220,180,4,2,12.7,0.0,22.5,40.9,0.11,end,,8.1,70,81,165623,1349,True,True
667877,RS7.5,4.34,519,498,0.731,ladder,2,9,0,95,80,40,3,3,29.6,6.9,37.0,14.3,2.07,start,,0.0,0,0,0,529,False,False
667890,RS10,3.66,559,394,0.722,spine,1,8,3,85,120,80,2,0,21.1,2.8,59.9,16.2,2.19,side,,0.0,0,0,0,569,False,False
667894,AR2A,29.49,2354,617,0.884,spine,1,0,0,400,220,180,1,2,3.0,0.0,0.0,17.9,0.0,start,,63.7,0,1507,81581,782,True,False
667898,AR2A,40.05,1606,1588,0.684,grid,3,5,2,400,220,180,6,5,17.1,0.0,25.7,29.4,0.12,end,,2.5,0,121,5280,1616,True,True
667899,RS5,2.7,554,244,0.869,spine,1,10,1,75,70,30,1,2,22.8,13.7,47.2,6.8,3.71,both,,0.0,0,0,0,564,False,False
667934,R15,49.82,2925,902,0.823,ladder,2,70,9,100,150,110,6,14,15.9,4.6,54.1,7.6,1.41,start,,7.9,340,0,0,2935,False,False
667947,RS40,9.87,1418,480,0.632,spine,1,0,0,195,210,170,1,0,1.8,0.0,0.0,13.9,0.0,end,,84.5,0,1035,59195,234,True,False
667952,RS10,26.31,,,0.539,,,0,,,,,,,,,,,,,parcel_mostly_in_flood_hazard_or_wetland,97.5,,,,,False,False
667960,AR2A,27.67,1355,1224,0.727,ladder,2,3,2,400,220,180,4,3,14.7,0.0,22.3,39.9,0.11,both,,0.0,0,0,0,1365,False,False
667961,R40,54.89,2635,1235,0.735,grid,3,23,0,230,175,135,7,12,21.1,0.0,38.6,19.7,0.42,start,,0.7,0,0,0,2645,False,False
668006,RS10,5.31,1127,353,0.581,spine,1,0,0,85,120,80,1,0,0.0,0.0,0.0,68.3,0.0,start,,31.7,0,375,157942,-10,True,False
668009,AR2A,23.63,2351,443,0.988,spine,1,2,0,460,190,150,1,2,12.8,0.0,17.3,41.8,0.08,start,,11.6,98,0,0,2304,False,True
668022,RS15,5.42,824,751,0.382,ladder,2,5,0,105,145,105,3,1,12.1,4.1,32.0,45.5,0.92,both,,0.0,0,0,0,834,False,False
668031,RS15,33.0,,,0.603,,,0,,,,,,,,,,,,,parcel_mostly_in_flood_hazard_or_wetland,99.2,,,,,False,False
668036,AR2A,47.1,2048,1307,0.766,grid,3,0,0,460,190,150,6,0,19.4,0.0,0.0,78.0,0.0,end,,2.6,0,163,28285,2058,True,True
668042,AR2A,36.06,1801,1686,0.517,grid,3,1,1,400,220,180,6,2,17.6,0.0,6.1,63.9,0.03,start,,0.2,0,0,0,1811,False,False
668062,AR2A,48.99,2758,1940,0.399,grid,4,4,0,415,210,170,8,4,18.8,0.0,16.3,42.0,0.08,start,,7.2,0,209,110123,2768,True,True
668063,RS15,5.83,1103,269,0.855,spine,1,2,0,145,105,65,1,3,24.1,0.0,11.7,46.8,0.34,end,,0.0,0,0,0,1056,False,False
668094,AR2A,19.72,2124,491,0.824,spine,1,0,0,410,215,175,1,2,5.1,0.0,0.0,11.4,0.0,end,,64.0,0,1317,759,741,True,False
668110,R15,25.0,1360,1247,0.642,grid,3,33,3,100,150,110,5,4,22.4,3.4,46.0,22.6,1.32,start,,0.0,0,0,0,1370,False,False
668122,RS5,10.49,1431,559,0.571,ladder,2,31,4,60,90,50,4,3,26.7,6.2,38.5,16.4,2.95,start,,11.0,215,0,0,1441,False,True
668129,RS40,17.82,1965,656,0.602,ladder,2,8,0,300,135,95,5,2,21.3,0.0,41.8,24.9,0.45,start,,1.7,63,0,0,1975,False,False
668130,R20,5.75,1038,476,0.508,spine,1,6,1,115,175,135,1,1,16.7,2.4,51.1,17.9,1.04,both,,3.2,0,0,0,1048,False,False
668133,R15,14.47,1136,855,0.649,ladder,2,18,3,100,150,110,3,6,18.2,3.6,44.5,18.4,1.24,both,,0.0,0,0,0,1146,False,False
668134,RS15,4.23,603,520,0.588,spine,1,4,1,100,150,110,1,2,11.5,5.0,39.8,24.1,0.94,end,,0.0,0,0,0,613,False,False
668146,RS15,9.35,1213,543,0.618,ladder,2,6,0,170,90,50,4,3,22.8,5.9,23.3,32.2,0.64,end,,4.3,0,113,29706,1223,True,True
668150,RS7.5,3.41,629,326,0.726,spine,1,9,5,75,105,65,1,0,21.6,2.2,49.6,26.7,2.64,both,,0.0,0,0,0,639,False,False
668159,AR2A,38.91,2112,938,0.855,ladder,2,2,0,425,205,165,6,4,16.6,0.0,10.5,49.4,0.05,end,,3.2,0,112,26950,1891,True,True
668175,RS10,8.22,1425,691,0.363,ladder,2,10,0,85,120,80,4,2,19.3,5.5,32.6,35.9,1.22,end,,0.0,0,0,0,1435,False,False
668194,R10,5.03,874,509,0.492,ladder,2,4,0,125,80,40,3,3,30.7,3.5,17.8,31.8,0.8,both,,2.3,0,0,0,884,False,False
668225,R6,5.84,821,587,0.528,ladder,2,18,2,65,95,55,3,3,22.6,7.9,47.5,14.6,3.08,end,,0.0,0,0,0,831,False,False
668243,RS10,17.44,,,0.868,,,0,,,,,,,,,,,,,parcel_mostly_in_flood_hazard_or_wetland,96.9,,,,,False,False
668251,RS10,5.47,813,681,0.43,ladder,2,7,2,85,120,80,3,1,21.4,2.9,31.1,31.4,1.28,end,,12.7,172,0,0,823,False,True
668265,R20,4.4,1626,219,0.539,single_loaded,1,0,0,125,160,120,1,0,8.9,0.0,0.0,91.1,0.0,end,,0.0,0,0,0,1579,False,False
668277,R40,31.63,2941,933,0.502,ladder,2,5,0,200,205,165,6,7,19.2,0.0,14.7,45.4,0.16,both,,0.0,0,0,0,2951,False,False
668353,RS10,15.77,,,0.548,,,0,,,,,,,,,,,,,parcel_mostly_in_flood_hazard_or_wetland,93.9,,,,,False,False
668355,R10,18.82,1201,945,0.723,grid,3,22,0,90,115,75,5,4,21.1,3.6,27.6,27.5,1.17,end,,17.1,297,215,51160,1111,True,False
668380,RS10,4.95,1465,153,0.964,single_loaded,1,10,0,110,95,55,1,2,36.2,0.0,49.3,4.6,2.02,start,,0.0,0,0,0,1418,False,False
668392,RS15,3.52,1287,559,0.213,ladder,2,1,0,160,95,55,3,1,18.8,4.2,9.9,56.7,0.28,start,,0.0,0,0,0,1297,False,False
668415,R6-A,7.88,1105,453,0.685,ladder,2,24,0,90,70,30,3,6,25.1,13.7,44.5,5.6,3.05,both,,0.0,0,0,0,1115,False,False
668419,RS80,37.76,2957,801,0.695,ladder,2,0,0,475,170,130,4,0,10.2,0.0,0.0,32.8,0.0,start,,57.5,96,1597,74300,1583,True,False
668420,AR2A,23.34,1863,842,0.648,ladder,2,1,0,485,180,140,5,1,19.7,0.0,8.9,60.9,0.04,end,,3.3,219,0,0,1873,False,True
668444,RS20,22.74,2401,603,0.685,ladder,2,17,1,195,105,65,6,10,24.5,7.1,35.9,11.4,0.75,both,,0.0,0,0,0,2411,False,False
668509,AR2A,26.48,1792,897,0.718,ladder,2,1,0,450,195,155,5,0,18.3,0.0,7.7,69.8,0.04,end,,5.1,92,0,0,1802,False,False
668515,R10,2.43,412,355,0.723,spine,1,2,2,85,120,80,2,0,22.1,1.3,19.1,40.3,0.82,side,,17.4,0,78,12840,274,True,False
668538,AR2A,41.34,2394,1075,0.7,grid,3,1,0,585,150,110,3,0,5.7,0.0,4.8,26.3,0.02,end,,63.9,247,3431,92881,2404,True,False
668542,RS15,3.16,700,394,0.5,spine,1,3,0,105,145,105,1,1,14.1,5.5,34.1,35.4,0.95,start,,0.0,0,0,0,710,False,False
668554,AR2A,92.45,3034,1948,0.681,grid,4,13,0,410,215,175,9,8,18.6,0.0,28.4,27.5,0.14,start,,9.5,707,308,86172,3044,True,False
668558,R20,23.22,1113,993,0.915,ladder,2,21,2,115,175,135,3,5,13.9,3.9,45.1,22.7,0.9,start,,4.3,116,0,0,1123,False,True
668572,RS7.5,5.88,,,0.493,,,0,,,,,,,,,,,,,parcel_mostly_in_flood_hazard_or_wetland,89.5,,,,,False,False
668584,RS20,5.9,705,613,0.595,spine,1,5,1,115,175,135,1,1,9.0,4.8,47.1,29.7,0.85,both,,0.0,0,0,0,715,False,False
668590,RS10,4.41,1396,345,0.399,spine,1,6,0,85,120,80,1,1,16.8,6.2,33.1,38.4,1.36,both,,0.0,0,0,0,1406,False,False
668593,AR2A,20.23,1455,820,0.739,ladder,2,0,0,500,175,135,4,0,21.3,0.0,0.0,74.8,0.0,start,,4.7,138,0,0,1465,False,False
668608,R40,20.95,1172,860,0.905,ladder,2,8,0,220,185,145,3,5,15.4,0.0,36.0,25.0,0.38,end,,2.3,152,0,0,1182,False,True
668637,R15,5.69,1258,299,0.659,spine,1,7,0,150,100,60,1,3,21.4,10.1,43.0,7.2,1.23,both,,0.0,0,0,0,1268,False,False
668640,AR2A,20.24,,,0.187,,,0,,,,,,,,,,,,,parcel_mostly_in_flood_hazard_or_wetland,86.9,,,,,False,False
668704,RS20,7.55,1473,311,0.717,spine,1,5,0,195,105,65,1,1,21.3,6.1,31.9,26.9,0.66,start,,8.6,72,0,0,1406,False,False
668716,AR2A,36.45,3770,1509,0.279,grid,3,3,1,400,220,180,6,3,13.5,0.0,16.5,48.6,0.08,start,,5.1,89,0,0,3780,False,False
668728,R6,5.63,,,0.491,,,0,,,,,,,,,,,,,parcel_mostly_in_flood_hazard_or_wetland,100.0,,,,,False,False
668744,R10,2.65,1237,199,0.469,spine,1,0,0,145,70,30,1,0,44.1,0.0,0.0,55.9,0.0,end,,0.0,0,0,0,1190,False,False
668750,RS10,2.41,1029,218,0.469,spine,1,4,0,125,80,40,2,2,18.3,0.0,38.6,23.8,1.66,side,,0.0,0,0,0,1039,False,False
668780,RS10,2.62,1213,472,0.199,ladder,2,2,0,135,75,35,4,0,31.1,2.0,17.1,49.8,0.76,both,,0.0,0,0,0,1223,False,False
668785,RS7.5,3.72,865,532,0.352,ladder,2,5,0,85,90,50,3,0,17.1,3.6,23.5,44.6,1.34,end,,11.1,0,105,31534,875,True,False
668802,R80,66.29,2167,1813,0.735,grid,4,3,0,415,195,155,7,16,18.2,0.0,8.6,25.9,0.05,end,,2.7,147,0,0,2177,False,False
668819,AR2A,20.34,2938,572,0.527,spine,1,4,2,400,220,180,1,1,9.5,0.0,44.7,23.8,0.2,start,,11.1,117,0,0,2891,False,False
668830,R20,122.02,2640,2586,0.779,grid,6,145,0,115,175,135,10,28,19.8,3.9,54.9,10.5,1.19,end,,0.6,203,0,0,2650,False,False
668846,R6,11.11,1426,526,0.645,ladder,2,17,3,75,85,45,4,1,23.9,3.7,22.8,30.4,1.53,side,,20.9,87,344,76581,1436,True,False
668872,RS10,2.47,423,309,0.826,spine,1,3,0,100,105,65,2,2,24.6,7.0,29.1,19.5,1.21,side,,0.0,0,0,0,433,False,False
668874,R10,2.83,751,498,0.33,ladder,2,0,0,125,80,40,3,0,5.6,0.0,0.0,21.4,0.0,end,,77.1,0,363,22510,3,True,True
668888,R15,37.01,,,0.643,,,0,,,,,,,,,,,,,parcel_mostly_in_flood_hazard_or_wetland,100.0,,,,,False,False
668907,R15,4.36,1266,593,0.253,ladder,2,0,0,145,105,65,4,4,26.0,2.2,0.0,40.3,0.0,end,,0.0,0,0,0,1276,False,False
668908,R15,5.11,1151,430,0.449,spine,1,3,2,100,150,110,1,0,21.6,1.2,21.3,55.9,0.59,both,,0.0,0,0,0,1161,False,False
668922,RS5,18.33,2336,644,0.531,ladder,2,65,4,60,90,50,4,8,20.0,7.6,52.2,13.9,3.55,both,,0.0,0,0,0,2346,False,False
668950,RS7.5,2.47,894,569,0.212,ladder,2,2,0,80,95,55,4,0,30.3,1.6,15.5,52.5,0.81,side,,0.0,0,0,0,904,False,False
668972,RS10,3.48,,,0.52,,,0,,,,,,,,,,,,,parcel_mostly_in_flood_hazard_or_wetland,87.4,,,,,False,False
668973,RS10,3.39,659,543,0.412,ladder,2,0,0,115,90,50,3,0,33.1,0.0,0.0,11.6,0.0,both,,84.0,612,0,0,669,False,False
668983,AR2A,54.32,2426,1849,0.528,grid,4,0,0,440,200,160,8,2,20.5,0.0,0.0,69.8,0.0,end,,3.0,150,71,9933,2436,True,True
669041,R15,12.23,1116,718,0.665,ladder,2,5,0,115,135,95,3,1,19.8,1.6,14.4,61.4,0.41,both,,0.0,0,0,0,1126,False,False
669043,RS15,4.02,991,608,0.29,ladder,2,0,0,145,105,65,2,0,3.0,0.0,0.0,30.7,0.0,start,,66.3,0,340,37297,1001,True,False
669225,RS15,3.75,938,649,0.268,ladder,2,2,1,135,115,75,3,0,28.6,1.8,19.2,50.4,0.53,both,,0.0,0,0,0,948,False,False
669277,AR2A,18.45,1205,952,0.7,ladder,2,1,0,415,210,170,4,1,17.1,0.0,10.9,37.8,0.05,end,,27.3,571,0,0,1215,False,False
669338,R15,9.37,1185,759,0.454,ladder,2,8,0,105,145,105,3,5,16.8,3.7,29.7,31.5,0.85,start,,0.0,0,0,0,1195,False,False
669359,RS15,4.74,1393,531,0.279,ladder,2,2,0,170,90,50,3,0,29.2,1.6,14.8,40.4,0.42,both,,17.1,125,0,0,1403,False,False
669361,RS15,3.46,1341,784,0.144,ladder,2,0,0,100,150,110,2,0,6.6,0.0,0.0,67.0,0.0,start,,28.9,70,31,25332,1351,True,False
669375,R10,4.45,,,0.604,,,0,,,,,,,,,,,,,parcel_mostly_in_flood_hazard_or_wetland,90.1,,,,,False,False
669376,R10,3.47,593,465,0.548,ladder,2,0,0,145,70,30,4,0,34.9,0.0,0.0,65.1,0.0,side,,0.0,0,0,0,603,False,False
669377,R10,10.12,1116,607,0.651,ladder,2,7,3,100,105,65,3,3,22.6,2.9,16.4,40.1,0.69,start,,11.9,83,79,3322,1126,True,False
669378,R10,43.29,,,0.382,,,0,,,,,,,,,,,,,parcel_mostly_in_flood_hazard_or_wetland,96.6,,,,,False,False
669406,RS10,2.38,1008,217,0.474,spine,1,2,0,125,80,40,1,2,23.7,0.0,19.2,38.4,0.84,both,,0.0,0,0,0,1018,False,False
669412,RS10,2.7,1952,382,0.158,spine,1,0,0,85,120,80,1,0,7.3,0.0,0.0,80.3,0.0,start,,16.1,72,0,0,1885,False,False
669413,RS10,2.7,1695,270,0.257,spine,1,1,0,120,85,45,1,0,18.0,1.9,8.7,63.5,0.37,both,,11.3,72,0,0,1705,False,False
669426,R20,7.39,1328,544,0.446,spine,1,0,0,115,175,135,1,0,18.4,0.0,0.0,81.6,0.0,end,,0.0,0,0,0,1261,False,False
669427,R20,5.94,2912,821,0.108,ladder,2,2,0,125,160,120,5,0,17.4,1.9,15.4,65.3,0.34,both,,0.0,0,0,0,2922,False,False
669433,R20,4.99,2578,289,0.292,spine,1,0,0,175,115,75,1,0,22.1,0.0,0.0,59.5,0.0,both,,19.8,34,0,0,2588,False,False
669440,R15,3.25,1075,240,0.548,spine,1,0,0,170,90,50,1,0,39.7,0.0,0.0,47.2,0.0,both,,51.6,1035,0,0,1085,False,False
669445,RS10,2.69,657,379,0.471,spine,1,2,1,85,120,80,1,1,11.6,1.7,18.9,46.2,0.74,both,,11.2,0,0,0,667,False,False
669455,R20,7.62,1209,671,0.409,ladder,2,3,0,160,125,85,3,0,19.8,1.6,18.0,47.5,0.39,start,,14.7,97,158,45717,1219,True,False
669571,R10,5.19,1000,427,0.53,spine,1,9,7,85,120,80,1,1,16.9,1.4,46.6,29.1,1.73,both,,0.0,0,0,0,1010,False,False
669586,RS7.5,2.48,631,212,0.806,spine,1,4,0,100,75,35,1,1,28.3,0.0,28.8,35.6,1.62,end,,0.0,0,0,0,641,False,False
669589,RS20,4.45,1341,300,0.481,spine,1,2,0,170,120,80,2,2,18.2,0.0,21.5,39.9,0.45,side,,0.0,0,0,0,1294,False,False
669603,RS10,2.32,649,289,0.539,spine,1,1,1,110,95,55,1,1,29.0,1.3,10.0,49.2,0.43,start,,0.0,0,0,0,659,False,False
669684,R10,19.88,1639,1125,0.47,grid,4,14,0,100,100,60,6,6,25.9,3.0,16.1,39.6,0.7,start,,11.9,338,31,16258,1649,True,False
669731,R10,5.8,1119,537,0.421,ladder,2,4,1,115,90,50,3,1,26.2,2.8,16.2,51.1,0.69,both,,0.0,0,0,0,1129,False,False
669751,RS10,2.53,696,384,0.412,spine,1,3,1,85,120,80,1,1,18.1,2.1,31.1,37.8,1.19,start,,0.0,0,0,0,706,False,False
669776,RS7.5,6.01,1797,533,0.273,ladder,2,4,0,85,90,50,5,0,29.3,1.1,11.5,40.1,0.67,start,,21.1,79,0,0,1807,False,True
669812,RS10,2.97,1257,514,0.2,ladder,2,3,0,120,85,45,4,1,22.4,5.9,24.0,39.6,1.01,both,,0.0,0,0,0,1267,False,False
669869,RS10,8.19,1485,544,0.441,ladder,2,3,2,115,90,50,3,1,12.2,1.0,9.0,16.8,0.37,end,,59.4,0,581,105,1495,True,False
669899,RS10,2.33,384,302,0.874,spine,1,0,0,100,100,60,1,0,6.2,0.0,0.0,68.9,0.0,start,,24.9,0,151,42651,99,True,False
669904,RS7.5,5.75,795,703,0.448,ladder,2,9,3,75,105,65,3,2,20.3,4.6,33.7,34.5,1.57,both,,0.0,0,0,0,805,False,False
669922,RS10,2.49,725,150,0.998,single_loaded,1,5,0,110,95,55,1,1,36.6,0.0,48.1,5.6,2.0,both,,0.0,0,0,0,735,False,False
669953,R10,3.23,988,259,0.551,spine,1,4,0,125,80,40,1,1,27.5,7.3,29.1,28.9,1.24,end,,0.0,0,0,0,921,False,False
670008,RS10,4.98,1201,428,0.422,spine,1,7,5,85,120,80,1,0,22.0,1.3,38.3,38.5,1.4,both,,0.0,0,0,0,1211,False,False
670009,RS10,8.78,1338,565,0.506,ladder,2,12,3,110,95,55,4,2,27.2,4.6,32.6,30.0,1.37,end,,0.0,0,0,0,1348,False,False
670022,RS7.5,3.81,869,500,0.382,ladder,2,8,0,95,80,40,4,1,17.1,8.9,38.6,30.7,2.1,side,,0.0,0,0,0,879,False,False
670028,RS10,3.81,1080,418,0.368,spine,1,3,1,85,120,80,1,2,8.2,3.6,22.9,49.1,0.79,both,,0.0,0,0,0,1090,False,False
670029,R10,18.72,1516,1054,0.51,grid,3,2,0,85,120,80,4,0,16.0,0.4,2.5,15.3,0.11,side,,76.2,15,3125,50652,1119,True,False
670056,RS10,2.76,716,459,0.366,spine,1,5,1,85,120,80,1,0,10.8,5.9,55.2,28.1,1.81,end,,0.0,0,0,0,726,False,False
670106,R10,7.03,937,558,0.586,ladder,2,6,0,110,95,55,3,0,26.4,3.1,20.6,50.0,0.85,end,,0.0,0,0,0,947,False,False
670135,R10,13.33,1111,798,0.654,ladder,2,24,5,85,120,80,3,5,20.6,4.0,45.0,21.1,1.8,both,,0.0,0,0,0,1121,False,False
670150,RS10,7.49,1441,509,0.444,ladder,2,12,0,125,80,40,4,1,25.8,5.5,38.5,26.7,1.6,start,,0.0,0,0,0,1451,False,False
670167,RS10,2.11,404,370,0.614,spine,1,2,0,85,120,80,1,0,15.5,2.9,24.6,43.2,0.95,end,,13.8,0,32,5315,298,True,True
670223,RS7.5,4.34,1036,594,0.307,ladder,2,2,0,75,105,65,2,1,17.5,1.7,8.2,37.2,0.46,end,,31.6,0,114,10415,600,True,False
670295,R15,37.06,,,0.512,,,0,,,,,,,,,,,,,parcel_mostly_in_flood_hazard_or_wetland,97.4,,,,,False,False
670535,R15,4.64,748,516,0.524,spine,1,4,4,100,150,110,1,0,8.0,2.5,31.9,57.5,0.86,both,,0.0,0,0,0,758,False,False
670536,R8,28.96,3197,902,0.438,grid,3,49,7,80,105,65,8,2,22.6,3.4,33.1,39.6,1.69,both,,0.0,0,0,0,3207,False,False
670576,R10,2.76,399,377,0.799,spine,1,5,3,85,120,80,1,1,17.5,1.6,46.6,24.2,1.81,end,,0.0,0,0,0,409,False,False
670580,R10,10.14,1938,693,0.329,ladder,2,0,0,85,120,80,4,0,12.8,0.0,0.0,37.2,0.0,side,,53.7,123,140,9871,1948,True,False
670646,R8,4.23,746,442,0.559,spine,1,4,4,75,110,70,1,0,16.7,1.2,19.9,62.1,0.95,end,,0.0,0,0,0,679,False,False
670680,RS10,2.97,854,290,0.523,spine,1,5,0,110,95,55,1,1,19.4,9.0,40.7,22.6,1.68,end,,0.0,0,0,0,787,False,False
670697,R10,11.87,,,0.855,,,0,,,,,,,,,,,,,parcel_mostly_in_flood_hazard_or_wetland,100.0,,,,,False,False
670699,RS40,20.94,1235,1178,0.627,grid,3,7,0,245,165,125,5,4,20.8,0.0,31.2,30.5,0.33,start,,0.0,0,0,0,1245,False,False
670703,R15,5.29,991,377,0.615,spine,1,0,0,110,140,100,1,0,16.1,0.0,0.0,83.9,0.0,both,,0.0,0,0,0,1001,False,False
670720,AR2A,36.84,2679,954,0.628,ladder,2,2,0,415,210,170,6,5,18.1,0.0,10.6,42.9,0.05,both,,2.0,0,0,0,2689,False,False
670782,R15,7.54,,,0.755,,,0,,,,,,,,,,,,,parcel_mostly_in_flood_hazard_or_wetland,85.1,,,,,False,False
670785,RS40,14.06,914,829,0.808,ladder,2,5,1,230,175,135,4,3,21.0,0.0,33.4,26.2,0.36,side,,0.0,0,0,0,924,False,False
670790,RS20,7.79,836,559,0.726,spine,1,7,3,115,175,135,1,1,13.5,2.4,49.0,27.8,0.9,both,,0.0,0,0,0,846,False,False
670799,AR2A,24.61,1543,988,0.703,ladder,2,3,0,410,215,175,4,4,17.1,0.0,25.0,25.3,0.12,both,,0.0,0,0,0,1553,False,False
670804,AR2A,19.1,3311,934,0.269,ladder,2,1,0,425,205,165,6,3,15.0,0.0,10.6,42.5,0.05,end,,2.3,59,0,0,3321,False,False
670815,AR2A,23.13,1682,865,0.692,ladder,2,1,0,475,185,145,4,2,15.7,0.0,8.4,46.2,0.04,end,,12.5,0,0,0,1692,False,False
670824,RS10,3.45,955,365,0.431,spine,1,4,1,85,120,80,2,1,21.8,1.1,29.3,40.5,1.16,side,,0.0,0,0,0,965,False,False
670831,AR2A,35.9,1824,1730,0.495,grid,5,0,0,605,145,105,8,0,24.8,0.0,0.0,73.2,0.0,both,,2.3,0,0,0,1834,False,False
670860,RS15,4.09,,,0.538,,,0,,,,,,,,,,,,,parcel_mostly_in_flood_hazard_or_wetland,100.0,,,,,False,False
670867,RS20,8.21,809,675,0.655,ladder,2,4,0,160,125,85,3,3,22.1,3.5,22.2,35.8,0.49,both,,0.0,0,0,0,819,False,False
670871,RS40,27.63,1409,1203,0.71,ladder,2,12,0,185,220,180,4,5,11.2,0.0,44.1,25.9,0.43,both,,0.0,0,0,0,1419,False,False
670872,RS40,8.57,1403,631,0.422,ladder,2,1,0,310,130,90,4,2,21.0,0.0,10.6,48.8,0.12,both,,0.0,0,0,0,1413,False,False
670884,AR2A,19.45,2372,454,0.786,spine,1,3,0,450,195,155,1,2,13.2,0.0,31.4,31.7,0.15,end,,4.4,84,0,0,2325,False,False
670888,RS7.5,9.43,,,0.707,,,0,,,,,,,,,,,,,parcel_mostly_in_flood_hazard_or_wetland,100.0,,,,,False,False
670893,RS20,31.93,2131,1325,0.492,grid,3,27,0,115,175,135,6,9,21.3,3.1,39.1,23.0,0.85,both,,0.4,0,0,0,2141,False,False
670899,R15,12.79,984,854,0.663,ladder,2,9,0,100,150,110,3,2,12.6,3.4,27.6,39.5,0.7,start,,11.5,83,183,47336,994,True,False
670914,AR2A,93.94,3181,2210,0.582,grid,4,16,0,400,220,180,9,7,16.7,0.0,35.2,31.2,0.17,both,,0.0,0,0,0,3191,False,False
670915,R10,933.33,,,0.537,,,0,,,,,,,,,,,,,parcel_mostly_in_flood_hazard_or_wetland,95.1,,,,,False,False
671077,R20,7.13,1140,287,0.949,spine,1,5,0,175,115,75,1,3,20.0,0.0,31.9,29.1,0.7,both,,0.0,0,0,0,1150,False,False
671154,R8,2.2,368,313,0.834,spine,1,4,0,80,105,65,2,0,25.5,5.8,36.4,32.3,1.82,side,,0.0,0,0,0,378,False,False
671193,AR2A,36.96,,,0.646,,,0,,,,,,,,,,,,,parcel_mostly_in_flood_hazard_or_wetland,100.0,,,,,False,False
671194,R15,4.29,613,478,0.638,spine,1,2,2,100,150,110,1,0,11.8,1.1,17.7,65.9,0.47,both,,3.5,0,0,0,623,False,False
671251,R10,6.24,,,0.848,,,0,,,,,,,,,,,,,parcel_mostly_in_flood_hazard_or_wetland,100.0,,,,,False,False
671326,RS15,12.14,2451,1234,0.175,grid,3,0,0,100,150,110,7,0,15.5,0.0,0.0,83.6,0.0,start,,2.0,100,0,0,2461,False,False
671391,RS15,5.03,1091,202,0.992,single_loaded,1,7,0,105,145,105,1,2,27.2,0.0,49.2,7.1,1.39,end,,2.5,0,0,0,1044,False,False
671416,RS20,6.36,1512,261,0.702,single_loaded,1,3,3,115,175,135,1,0,11.7,0.0,22.5,65.7,0.47,both,,0.0,0,0,0,1522,False,False
671472,AR2A,18.99,1454,884,0.644,ladder,2,0,0,460,190,150,3,0,14.3,0.0,0.0,49.8,0.0,side,,42.6,0,1525,244821,981,True,False
671586,RS7.5,2.66,1546,885,0.085,grid,3,0,0,75,105,65,5,0,19.1,0.0,0.0,80.9,0.0,end,,0.0,0,0,0,1556,False,False
671587,R6,3.0,443,295,1.0,spine,1,10,0,65,95,55,1,2,18.6,11.9,49.7,9.8,3.33,start,,0.0,0,0,0,453,False,False
671752,RS15,5.04,888,268,0.924,spine,1,0,0,145,105,65,1,0,0.0,0.0,0.0,63.7,0.0,start,,36.3,0,314,140059,-55,True,False
671773,RS10,3.05,515,374,0.688,spine,1,5,4,85,120,80,1,1,19.0,1.9,41.4,28.8,1.64,both,,0.0,0,0,0,525,False,False
671778,AR2A,67.22,4567,1496,0.428,grid,3,1,0,400,220,180,7,8,18.5,0.0,3.0,51.1,0.01,end,,4.5,312,0,0,4577,False,False
671783,R6,2.92,483,275,0.955,spine,1,10,0,70,90,50,1,2,20.3,12.4,49.6,7.9,3.43,both,,0.0,0,0,0,493,False,False
671794,RS20,71.54,4013,1510,0.514,grid,4,56,4,140,145,105,10,16,21.3,3.5,36.6,21.5,0.78,start,,7.5,402,233,17006,4023,True,True
671808,AR2A,40.4,2127,1466,0.564,grid,3,2,0,410,215,175,6,6,15.8,0.0,9.7,42.6,0.05,end,,3.1,157,0,0,2137,False,False
671811,RS10,17.02,1327,1200,0.466,grid,4,24,0,95,110,70,6,6,21.7,4.8,33.6,22.9,1.41,start,,8.6,0,209,28092,1337,True,True
671833,RS20,5.95,1613,834,0.193,ladder,2,0,0,125,165,125,4,0,10.1,0.0,0.0,89.9,0.0,end,,0.0,0,0,0,1623,False,False
671839,RS15,5.04,850,308,0.838,spine,1,5,0,145,105,65,1,1,18.9,6.2,35.2,21.7,0.99,start,,13.9,108,0,0,783,False,False
671852,R15,5.69,1329,893,0.209,ladder,2,0,0,100,150,110,2,0,6.3,0.0,0.0,91.9,0.0,both,,1.8,0,0,0,1339,False,False
671853,RS10,61.19,4367,1415,0.431,grid,4,119,19,85,120,80,11,13,22.3,4.3,47.5,17.3,1.94,both,,3.4,0,0,0,4377,False,False
671856,R15,3.83,781,429,0.497,spine,1,0,0,100,150,110,1,0,14.7,0.0,0.0,85.3,0.0,start,,0.0,0,0,0,714,False,False
671902,RS15,10.57,,,0.666,,,0,,,,,,,,,,,,,parcel_mostly_in_flood_hazard_or_wetland,100.0,,,,,False,False
671938,RS20,9.36,1413,523,0.552,spine,1,8,2,115,175,135,1,2,12.2,4.0,46.7,25.4,0.85,both,,0.0,0,0,0,1423,False,False
671942,RS15,4.85,948,240,0.928,spine,1,3,0,170,90,50,1,2,17.2,0.0,22.2,22.1,0.62,end,,24.1,0,217,15555,578,True,True
671948,RS10,9.73,1401,314,0.962,spine,1,22,0,100,105,65,1,4,18.5,9.6,56.8,4.8,2.26,end,,0.0,0,0,0,1334,False,False
671970,R10,3.79,766,384,0.561,spine,1,8,2,85,120,80,1,1,14.1,6.9,57.5,14.0,2.11,end,,0.0,0,0,0,699,False,False
671998,RS15,10.0,1747,576,0.433,ladder,2,7,0,150,100,60,4,3,30.3,4.2,23.9,30.3,0.7,both,,1.3,0,0,0,1757,False,False
672000,R20,4.21,609,317,0.95,spine,1,4,0,185,110,70,1,2,17.5,11.0,43.9,5.1,0.95,both,,0.0,0,0,0,619,False,False
672012,R15,25.56,1695,1194,0.55,grid,3,12,4,100,150,110,6,0,17.9,1.3,16.6,49.8,0.47,start,,14.4,0,374,16035,1362,True,False
672025,R20,9.9,1070,466,0.865,spine,1,12,0,115,175,135,1,3,11.8,6.4,59.2,7.9,1.21,both,,0.0,0,0,0,1080,False,False
672039,RS7.5,2.62,740,248,0.623,spine,1,0,0,100,75,35,1,0,20.4,0.0,0.0,59.0,0.0,start,,20.6,0,264,26987,421,True,False
672057,R15,4.33,,,0.782,,,0,,,,,,,,,,,,,parcel_mostly_in_flood_hazard_or_wetland,100.0,,,,,False,False
672065,RS15,3.52,917,206,0.811,single_loaded,1,6,0,100,150,110,1,1,18.9,0.0,58.4,13.0,1.7,both,,0.0,0,0,0,927,False,False
672079,AR2A,27.11,2807,1000,0.421,ladder,2,1,0,400,220,180,4,3,15.0,0.0,7.3,53.1,0.04,end,,4.2,0,0,0,2817,False,False
672083,R20,43.02,2852,848,0.775,ladder,2,35,0,125,165,125,6,8,18.3,2.7,39.0,24.6,0.81,end,,7.3,266,0,0,2862,False,True
672088,RS40,20.58,2333,997,0.386,ladder,2,4,0,185,220,180,5,3,17.0,0.0,18.0,51.9,0.19,start,,0.0,0,0,0,2343,False,False
672096,AR2A,65.24,2560,1794,0.619,grid,4,4,0,450,195,155,8,6,14.6,0.0,12.2,30.0,0.06,end,,25.3,90,1802,140139,2255,True,True
672099,R15,13.33,2135,628,0.433,ladder,2,1,0,140,110,70,5,1,24.4,0.7,2.6,11.3,0.08,both,,77.1,1561,0,0,2145,False,False
672104,R40,118.02,3043,2230,0.758,grid,5,50,0,210,195,155,10,22,20.6,0.0,39.8,20.5,0.42,end,,2.3,288,0,0,3053,False,True
672105,R15,21.18,2543,870,0.417,ladder,2,1,0,100,150,110,6,0,18.6,0.0,1.6,70.1,0.05,both,,10.4,118,0,0,2553,False,False
672117,R40,12.0,1034,512,0.988,spine,1,5,0,185,220,180,2,4,13.2,0.0,40.1,14.5,0.42,side,,0.0,0,0,0,1044,False,False
672143,AR2A,18.55,1172,991,0.696,ladder,2,1,0,400,220,180,3,2,13.8,0.0,10.7,41.0,0.05,both,,15.0,0,0,0,1182,False,False
672146,RS80,74.01,2238,1694,0.85,grid,4,5,0,445,180,140,7,19,19.3,0.0,12.7,20.6,0.07,both,,0.0,0,0,0,2248,False,False
672156,AR2A,25.64,3033,527,0.699,spine,1,2,0,400,220,180,1,5,13.2,0.0,16.9,28.3,0.08,both,,0.0,0,0,0,3043,False,False
672157,R6,4.97,595,461,0.789,ladder,2,14,0,90,70,30,3,0,32.2,5.6,41.6,20.7,2.82,both,,0.0,0,0,0,605,False,False
672175,AR2A,30.31,1591,1076,0.771,ladder,2,4,1,400,220,180,4,5,13.3,0.0,27.9,21.3,0.13,both,,2.3,0,0,0,1601,False,False
672178,RS10,3.56,721,356,0.604,spine,1,5,1,85,120,80,1,2,18.6,4.6,35.3,27.7,1.41,start,,0.0,0,0,0,731,False,False
672190,RS10,2.5,665,185,0.887,single_loaded,1,5,0,85,120,80,1,1,28.2,0.0,50.5,11.3,2.0,start,,0.0,0,0,0,675,False,False
672224,R15,5.4,914,692,0.372,ladder,2,3,0,120,130,90,4,0,27.8,2.0,19.9,47.2,0.56,side,,3.7,0,0,0,924,False,False
672230,R10,3.23,2162,452,0.144,ladder,2,0,0,145,70,30,4,1,18.9,1.8,0.0,72.7,0.0,start,,0.0,0,0,0,2172,False,False
672234,RS10,4.37,657,348,0.831,spine,1,8,1,85,120,80,1,2,17.7,8.4,44.9,17.7,1.83,both,,0.0,0,0,0,667,False,False
672235,R15,46.91,2813,1513,0.48,grid,4,52,4,105,145,105,8,9,23.4,3.2,38.8,25.0,1.11,end,,3.3,146,0,0,2823,False,True
672286,R6,2.05,418,399,0.535,spine,1,2,0,65,95,55,1,0,10.3,2.9,19.0,48.2,0.98,end,,24.0,74,0,0,428,False,False
672290,RS10,2.84,436,330,0.859,spine,1,6,0,90,115,75,1,1,16.7,9.9,51.3,13.5,2.11,end,,0.0,0,0,0,446,False,False
672306,AR2A,36.62,1624,1293,0.76,grid,3,0,0,475,185,145,5,8,18.6,0.0,0.0,37.6,0.0,both,,0.0,0,0,0,1634,False,False
672311,R20,7.2,1404,251,0.889,single_loaded,1,9,0,115,175,135,1,2,14.5,0.0,64.6,6.5,1.25,start,,0.0,0,0,0,1357,False,False
672324,R20,5.08,740,624,0.479,ladder,2,3,1,185,110,70,3,1,23.1,4.7,27.3,35.7,0.59,both,,0.0,0,0,0,750,False,False
672329,AR2A,24.54,1595,1138,0.589,ladder,2,5,3,400,220,180,4,2,14.1,0.0,42.5,25.7,0.2,end,,0.0,0,0,0,1605,False,False
672351,R15,5.0,,,0.546,,,0,,,,,,,,,,,,,parcel_mostly_in_flood_hazard_or_wetland,100.0,,,,,False,False
672360,RS15,9.94,1630,332,0.799,spine,1,7,0,135,115,75,1,3,20.9,2.3,25.7,40.3,0.7,end,,0.0,0,0,0,1563,False,False
672370,R15,10.8,1103,676,0.63,ladder,2,14,0,120,125,85,3,4,18.7,5.5,44.9,13.9,1.3,end,,4.2,0,0,0,1113,False,False
672373,RS10,3.08,801,299,0.561,spine,1,3,0,100,100,60,1,1,29.9,1.7,22.3,38.8,0.97,end,,0.0,0,0,0,734,False,False
672376,R8,70.16,3188,1176,0.815,grid,4,192,0,80,105,65,9,22,24.0,7.0,53.9,8.8,2.74,end,,0.6,288,0,0,3198,False,False
672394,AR2A,44.76,1775,1568,0.7,grid,3,0,0,400,220,180,5,12,15.7,0.0,0.0,30.3,0.0,both,,0.0,0,0,0,1785,False,False
672398,RS80,57.23,2281,1519,0.719,grid,3,3,0,365,220,180,4,3,5.3,0.0,9.9,13.8,0.05,start,,61.6,0,3459,52849,1037,True,True
672414,R20,5.56,,,0.45,,,0,,,,,,,,,,,,,parcel_mostly_in_flood_hazard_or_wetland,97.9,,,,,False,False
672425,RS15,33.66,2035,839,0.859,ladder,2,51,5,100,150,110,5,7,17.5,4.4,57.1,13.1,1.52,end,,0.0,0,0,0,2045,False,False
672430,AR2A,66.16,2204,1795,0.729,grid,3,5,1,400,220,180,6,8,16.2,0.0,16.0,39.3,0.08,end,,4.1,94,0,0,2214,False,True
672443,RS10,5.64,649,488,0.775,ladder,2,10,0,135,75,35,3,1,28.9,7.8,42.7,16.0,1.77,start,,0.0,0,0,0,659,False,False
672444,R10,3.0,986,497,0.267,ladder,2,0,0,125,80,40,2,0,11.1,0.0,0.0,66.5,0.0,end,,24.9,52,124,53673,996,True,False
672451,R15,11.63,1494,649,0.522,ladder,2,0,0,135,115,75,2,0,0.7,0.0,0.0,17.6,0.0,end,,81.9,25,1443,86099,765,True,False
672461,RS15,4.29,623,597,0.502,ladder,2,4,0,145,105,65,3,0,17.3,4.3,32.5,45.9,0.93,both,,0.0,0,0,0,633,False,False
672462,RS80,18.16,1206,907,0.723,ladder,2,0,0,415,195,155,4,0,20.2,0.0,0.0,75.3,0.0,start,,5.4,140,0,0,1216,False,False
672464,AR2A,22.48,1463,939,0.713,ladder,2,2,0,425,205,165,4,4,15.4,0.0,18.0,31.5,0.09,start,,0.0,0,0,0,1473,False,False
672467,R10,2.59,835,456,0.296,ladder,2,0,0,145,70,30,4,0,22.6,0.0,0.0,56.9,0.0,end,,20.5,0,112,8660,649,True,True
672475,RS15,5.04,1162,446,0.423,spine,1,2,1,100,150,110,1,1,13.9,0.0,15.2,47.3,0.4,both,,16.5,0,0,0,1172,False,False
672482,RS15,14.23,908,881,0.775,ladder,2,21,1,100,150,110,3,4,15.7,4.6,56.5,12.4,1.48,both,,0.0,0,0,0,918,False,False
672488,AR2A,27.34,1691,1056,0.667,ladder,2,1,0,400,220,180,4,5,14.3,0.0,8.4,36.4,0.04,both,,1.8,0,0,0,1701,False,False
672495,AR2A,55.05,2458,1894,0.515,grid,4,6,0,425,205,165,8,2,18.2,0.0,21.7,52.2,0.11,start,,1.3,71,0,0,2468,False,True
672500,RS10,5.3,666,446,0.778,spine,1,7,1,85,120,80,1,2,12.2,5.9,40.1,21.2,1.32,start,,9.2,0,33,22532,510,True,False
672501,RS15,35.75,1586,1476,0.665,grid,4,44,3,110,140,100,7,12,22.6,3.7,44.3,15.8,1.23,side,,1.6,0,0,0,1596,False,False
672506,AR2A,29.53,1656,1105,0.703,ladder,2,2,0,400,220,180,4,6,15.0,0.0,14.8,26.7,0.07,both,,0.0,0,0,0,1666,False,False
672507,RS15,6.83,2095,616,0.231,ladder,2,1,0,140,110,70,4,1,28.2,1.4,5.2,60.3,0.15,start,,0.0,0,0,0,2105,False,False
672511,AR2A,24.17,1311,1285,0.625,ladder,2,1,1,400,220,180,3,0,8.6,0.0,8.7,44.6,0.04,end,,41.5,308,606,169804,1321,True,True
672517,RS15,3.2,801,385,0.452,spine,1,1,0,110,140,100,1,0,21.0,0.4,10.9,56.6,0.31,end,,12.4,0,0,0,734,False,False
672523,RS15,3.29,,,0.72,,,0,,,,,,,,,,,,,parcel_mostly_in_flood_hazard_or_wetland,99.7,,,,,False,False
672524,R10,3.46,608,356,0.696,spine,1,4,0,85,120,80,1,0,20.0,1.6,29.1,49.3,1.16,both,,0.0,0,0,0,618,False,False
672526,RS10,5.24,,,0.689,,,0,,,,,,,,,,,,,parcel_mostly_in_flood_hazard_or_wetland,100.0,,,,,False,False
672529,R10,4.47,686,497,0.571,ladder,2,3,0,125,80,40,2,2,17.1,5.2,15.3,30.7,0.67,end,,21.6,0,99,22255,696,True,False
672530,AR2A,82.73,3492,1373,0.752,grid,3,7,0,440,200,160,8,15,17.4,0.0,17.2,24.7,0.08,start,,5.0,294,123,71818,3502,True,True
672531,RS40,20.07,,,0.802,,,0,,,,,,,,,,,,,parcel_mostly_in_flood_hazard_or_wetland,100.0,,,,,False,False
672534,R20,8.98,883,548,0.807,spine,1,10,2,115,175,135,1,1,11.6,4.7,61.9,15.6,1.11,both,,0.0,0,0,0,893,False,False
672538,RS15,4.81,833,571,0.44,ladder,2,3,0,150,100,60,3,1,24.4,4.7,21.1,42.8,0.62,start,,0.0,0,0,0,843,False,False
672539,R40,17.54,1209,1205,0.524,grid,3,5,0,240,170,130,5,1,22.1,0.0,26.2,46.6,0.29,both,,0.0,0,0,0,1219,False,False
672552,R8,5.33,,,0.656,,,0,,,,,,,,,,,,,parcel_mostly_in_flood_hazard_or_wetland,100.0,,,,,False,False
672561,AR2A,27.5,1370,1281,0.682,grid,4,0,0,675,130,90,6,1,22.3,0.0,0.0,69.9,0.0,end,,0.0,0,0,0,1380,False,False
672562,R10,13.2,1255,809,0.567,ladder,2,8,1,85,120,80,4,3,11.6,2.5,17.3,32.6,0.61,end,,30.1,0,451,133520,422,True,False
672563,AR2A,18.27,1882,1027,0.412,grid,3,0,0,625,140,100,6,1,21.3,0.0,0.0,65.5,0.0,start,,1.4,0,29,12130,1892,True,False
672564,RS10,3.4,795,546,0.341,ladder,2,2,1,115,90,50,3,1,26.6,2.6,14.7,49.1,0.59,both,,0.0,0,0,0,805,False,False
672567,AR2A,68.89,2405,1989,0.627,grid,4,7,0,400,220,180,9,4,21.6,0.0,20.3,42.6,0.1,side,,5.0,241,0,0,2415,False,False
672584,AR2A,47.87,3130,1619,0.412,grid,4,1,0,515,170,130,6,0,10.8,0.0,4.6,26.5,0.02,side,,58.1,0,2124,24762,3140,True,False
672589,R8,15.36,1395,768,0.625,grid,3,38,0,95,85,45,5,6,26.4,8.4,46.8,11.0,2.47,both,,0.0,0,0,0,1405,False,False
672590,RS20,4.67,552,458,0.805,spine,1,4,0,115,175,135,1,2,12.5,5.1,40.4,17.6,0.86,both,,3.8,0,0,0,562,False,False
672591,RS10,12.12,1347,775,0.506,grid,3,0,0,120,85,45,4,0,1.0,0.0,0.0,23.7,0.0,end,,76.3,0,1597,124914,22,True,False
672599,R20,20.09,1353,1105,0.585,grid,3,21,0,145,140,100,5,0,23.3,3.5,49.1,24.0,1.05,both,,0.0,0,0,0,1363,False,False
672602,R10,3.75,851,375,0.511,spine,1,8,4,85,120,80,1,0,17.9,2.2,55.0,25.0,2.14,both,,0.0,0,0,0,861,False,False
672610,R40,21.32,1346,975,0.708,ladder,2,11,0,190,215,175,4,2,17.4,0.0,48.6,23.2,0.52,both,,2.0,0,0,0,1356,False,False
672614,R10,7.17,1138,464,0.59,spine,1,12,2,85,120,80,1,2,14.3,6.1,50.1,20.7,1.67,both,,0.0,0,0,0,1148,False,False
672625,RS10,3.42,,,0.688,,,0,,,,,,,,,,,,,parcel_too_narrow_for_a_street_and_a_lot,,,,,,False,False
672627,RS15,11.99,1334,677,0.579,ladder,2,4,0,120,125,85,2,1,6.7,2.2,11.3,24.5,0.33,start,,52.5,0,238,66426,1344,True,True
672632,AR2A,67.78,2364,1926,0.649,grid,4,0,0,415,210,170,7,14,18.0,0.0,0.0,37.3,0.0,both,,3.9,0,0,0,2374,False,False
672635,R15,6.75,2247,580,0.226,ladder,2,3,0,150,100,60,5,2,24.7,2.9,15.0,47.2,0.44,both,,0.0,0,0,0,2257,False,False
672640,AR2A,30.35,1719,1408,0.546,grid,3,0,0,425,205,165,5,3,13.7,0.0,0.0,34.8,0.0,side,,32.8,82,667,81038,1729,True,False
672649,RS20,10.44,1055,674,0.639,ladder,2,8,0,160,125,85,3,3,22.4,4.2,34.9,25.5,0.77,both,,0.0,0,0,0,1065,False,False
672662,RS20,6.79,1348,421,0.522,spine,1,6,0,125,160,120,1,1,17.9,2.4,40.8,27.2,0.88,end,,5.9,53,0,0,1281,False,False
672664,R80,19.97,,,0.662,,,0,,,,,,,,,,,,,parcel_mostly_in_flood_hazard_or_wetland,97.1,,,,,False,False
672667,R20,24.36,1968,845,0.638,ladder,2,21,1,125,165,125,5,3,20.0,2.6,40.9,29.0,0.86,both,,2.6,0,0,0,1978,False,False
672672,R20,15.41,1569,870,0.492,ladder,2,10,2,120,170,130,4,2,18.8,2.4,30.4,38.8,0.65,start,,3.5,0,94,23736,1579,True,False
672676,R20,5.44,1130,416,0.504,spine,1,1,0,125,160,120,1,0,15.2,0.3,8.1,55.0,0.18,start,,21.5,0,158,8330,906,True,True
672686,RS40,243.62,3876,3625,0.755,grid,7,118,1,185,220,180,13,20,18.2,0.0,45.7,26.0,0.48,start,,3.3,1378,36,98365,3886,True,True
672692,R15,5.24,868,373,0.704,spine,1,2,0,115,135,95,1,1,20.9,1.0,14.0,57.4,0.38,both,,0.0,0,0,0,878,False,False
672694,R10,3.84,648,485,0.533,ladder,2,2,0,135,75,35,4,1,27.3,3.1,12.1,15.0,0.52,end,,36.5,0,274,0,506,True,True
672695,AR2A,18.76,1066,919,0.835,ladder,2,2,0,440,200,160,4,0,17.3,0.0,21.6,59.2,0.11,end,,1.9,0,24,5891,943,True,True
672700,RS10,4.19,624,486,0.601,ladder,2,6,0,135,75,35,3,0,28.2,5.1,33.9,25.3,1.43,start,,7.5,0,52,2556,634,True,False
672705,AR2A,22.1,1335,1243,0.58,ladder,2,1,0,400,220,180,4,1,14.8,0.0,10.7,59.1,0.05,start,,6.1,74,0,0,1345,False,False
672710,RS10,4.15,,,0.577,,,0,,,,,,,,,,,,,parcel_mostly_in_flood_hazard_or_wetland,97.1,,,,,False,False
672711,AR2A,76.13,3184,2283,0.456,grid,5,3,0,440,200,160,11,7,20.9,0.0,8.0,51.6,0.04,side,,1.2,0,0,0,3194,False,False
672713,R15,5.25,,,0.385,,,0,,,,,,,,,,,,,parcel_mostly_in_flood_hazard_or_wetland,95.2,,,,,False,False
672715,RS20,6.42,1727,198,0.819,single_loaded,1,8,0,145,140,100,1,2,13.7,0.0,59.1,8.4,1.25,start,,4.1,0,0,0,1680,False,False
672720,RS15,11.44,,,0.77,,,0,,,,,,,,,,,,,parcel_mostly_in_flood_hazard_or_wetland,97.8,,,,,False,False
672722,R15,3.64,588,425,0.635,spine,1,3,0,100,150,110,1,2,16.8,5.8,31.2,25.6,0.82,start,,0.0,0,0,0,598,False,False
672726,RS7.5,5.54,1390,369,0.471,spine,1,6,2,75,105,65,1,1,20.1,2.2,23.7,44.0,1.08,both,,7.3,50,0,0,1400,False,False
672733,R20,4.6,752,500,0.533,spine,1,4,1,115,175,135,1,0,11.0,3.5,45.2,23.4,0.87,both,,18.8,69,0,0,762,False,False
672734,AR2A,71.77,2165,2073,0.697,grid,4,2,1,400,220,180,7,13,17.3,0.0,5.6,38.2,0.03,end,,2.7,182,0,0,2175,False,True
672739,RS10,2.2,1649,329,0.177,spine,1,1,0,90,115,75,1,0,7.6,1.9,10.9,79.6,0.45,both,,0.0,0,0,0,1659,False,False
672743,RS20,10.17,961,740,0.623,ladder,2,6,0,145,140,100,3,4,16.4,4.3,27.5,27.7,0.59,both,,5.6,0,0,0,971,False,False
672745,RS10,6.65,,,0.285,,,0,,,,,,,,,,,,,parcel_mostly_in_flood_hazard_or_wetland,99.7,,,,,False,False
672751,RS15,15.65,1134,863,0.697,ladder,2,16,2,100,150,110,3,2,16.0,3.4,39.5,11.3,1.02,start,,28.5,449,0,0,1144,False,False
672773,R10,7.0,761,601,0.667,ladder,2,12,0,100,105,65,3,1,21.9,6.0,42.0,23.7,1.71,end,,4.0,66,0,0,771,False,False
672777,R15,3.34,514,439,0.645,spine,1,2,1,100,150,110,1,2,16.3,2.7,22.4,36.2,0.6,both,,0.0,0,0,0,524,False,False
672778,AR2A,52.03,,,0.683,,,0,,,,,,,,,,,,,parcel_mostly_in_flood_hazard_or_wetland,85.3,,,,,False,False
672785,R10,18.96,2738,1293,0.233,grid,4,15,0,85,120,80,8,2,23.8,2.2,18.4,41.7,0.79,side,,11.5,0,193,16443,2748,True,False
672793,R40,14.1,1313,892,0.524,ladder,2,0,0,210,195,155,3,0,11.1,0.0,0.0,62.9,0.0,end,,27.5,166,326,143895,1323,True,False
672794,RS7.5,8.23,1085,583,0.567,ladder,2,7,1,75,100,60,3,1,22.3,2.1,14.6,59.2,0.85,both,,0.0,0,0,0,1095,False,False
672833,R15,14.66,1570,669,0.608,ladder,2,9,0,125,120,80,4,3,19.5,1.9,21.7,49.5,0.61,both,,0.0,0,0,0,1580,False,False
672856,R10,2.27,390,293,0.867,spine,1,3,0,110,95,55,2,1,25.8,7.9,32.7,22.6,1.32,side,,0.0,0,0,0,400,False,False
672862,R15,15.19,1123,866,0.681,ladder,2,2,1,100,150,110,4,0,15.4,0.3,4.4,66.6,0.13,start,,13.3,0,143,15608,941,True,False
672874,RS5,5.24,984,466,0.498,ladder,2,17,0,75,70,30,3,3,26.1,12.0,41.9,12.6,3.24,start,,0.0,0,0,0,994,False,False
672885,R20,5.14,958,239,0.979,single_loaded,1,6,0,115,175,135,2,2,22.8,0.0,55.7,2.9,1.17,side,,0.0,0,0,0,968,False,False
672901,RS40,17.72,1161,882,0.754,ladder,2,7,0,215,190,150,3,4,15.6,0.0,36.5,25.1,0.39,start,,1.8,0,34,7922,1171,True,True
672959,AR2A,19.9,1820,979,0.487,ladder,2,0,0,410,215,175,5,0,18.5,0.0,0.0,81.5,0.0,both,,0.0,0,0,0,1830,False,False
672968,RS20,18.87,2121,563,0.688,spine,1,16,1,115,175,135,1,3,11.7,4.6,47.4,27.2,0.85,both,,0.0,0,0,0,2131,False,False
672972,R20,11.56,1154,606,0.721,spine,1,9,2,115,175,135,1,3,10.4,4.6,42.8,27.5,0.78,both,,0.0,0,0,0,1164,False,False
672974,R8,2.17,383,264,0.934,spine,1,4,0,100,80,40,1,2,22.2,8.8,35.7,15.4,1.84,both,,0.0,0,0,0,393,False,False
673051,R8,3.7,852,209,0.906,spine,1,7,0,110,75,35,1,1,27.7,0.0,36.4,30.7,1.89,both,,0.0,0,0,0,862,False,False
673081,AR2A,31.92,1978,1188,0.592,grid,3,0,0,515,170,130,6,1,20.9,0.0,0.0,73.0,0.0,both,,0.2,0,0,0,1988,False,False
673082,AR2A,21.47,1177,806,0.986,ladder,2,0,0,515,170,130,3,7,15.8,0.0,0.0,15.5,0.0,both,,2.7,0,0,0,1187,False,False
673094,AR2A,31.23,2447,1078,0.515,ladder,2,3,1,400,220,180,6,4,15.2,0.0,19.5,34.3,0.1,both,,3.7,0,0,0,2457,False,False
673104,RS15,5.15,746,441,0.682,spine,1,7,0,100,150,110,1,1,14.5,5.7,53.1,19.0,1.36,both,,0.0,0,0,0,756,False,False
673122,R15,5.98,1449,195,0.923,single_loaded,1,8,0,115,135,95,1,2,25.0,0.0,49.3,8.0,1.34,start,,6.7,87,0,0,1402,False,False
673126,AR2A,18.1,2695,588,0.498,spine,1,2,2,400,220,180,1,0,13.4,0.0,24.1,62.5,0.11,start,,0.0,0,0,0,2648,False,False
673142,AR2A,39.61,3387,666,0.765,ladder,2,0,0,650,135,95,7,1,24.8,0.0,0.0,69.8,0.0,both,,0.5,0,0,0,3397,False,False
673217,AR2A,57.01,3488,1241,0.574,grid,3,3,0,500,175,135,8,7,18.8,0.0,11.1,39.2,0.05,end,,6.6,315,0,0,3498,False,False
673245,R10,51.53,2491,990,0.911,grid,3,113,2,85,120,80,7,20,22.1,6.1,53.3,7.9,2.19,both,,1.2,0,0,0,2501,False,False
673276,RS10,4.49,659,515,0.577,ladder,2,6,0,120,85,45,3,2,27.5,8.3,31.6,22.0,1.34,both,,0.0,0,0,0,669,False,False
673290,RS15,4.1,509,503,0.698,spine,1,4,2,100,150,110,1,1,13.2,4.0,39.7,25.3,0.98,start,,8.9,53,0,0,519,False,False
673324,RS15,4.91,1775,171,0.705,single_loaded,1,0,0,135,115,75,1,0,23.9,0.0,0.0,54.0,0.0,end,,25.8,151,0,0,1728,False,False
673347,RS10,2.88,575,250,0.874,spine,1,4,0,135,75,35,1,2,22.9,9.3,33.3,17.9,1.39,both,,0.0,0,0,0,585,False,False
673359,AR2A,18.26,1595,631,0.791,ladder,2,1,0,675,130,90,4,1,21.9,0.0,11.1,51.6,0.05,start,,5.3,0,128,12610,1467,True,True
673376,R10,2.97,452,388,0.738,spine,1,3,2,85,120,80,1,0,17.3,1.6,26.6,35.9,1.01,start,,21.7,78,0,0,462,False,False
673390,AR2A,19.22,1007,857,0.97,ladder,2,2,0,475,185,145,3,2,14.6,0.0,20.8,40.6,0.1,end,,3.5,0,56,42851,1017,True,True
673420,R10,4.91,1397,532,0.288,ladder,2,7,0,115,90,50,4,0,29.3,3.6,33.5,33.6,1.43,end,,0.0,0,0,0,1407,False,False
673424,R20,4.2,904,214,0.947,single_loaded,1,5,0,130,155,115,1,1,25.0,0.0,56.3,7.3,1.19,start,,0.0,0,0,0,857,False,False
673440,R15,11.6,1875,817,0.33,ladder,2,7,4,100,150,110,4,0,16.6,1.9,21.5,54.0,0.6,both,,8.7,232,0,0,1885,False,False
673449,RS20,4.81,718,509,0.574,spine,1,5,1,115,175,135,1,1,11.9,5.4,55.2,16.2,1.04,both,,0.0,0,0,0,728,False,False
673450,R6,5.78,584,451,0.957,ladder,2,16,0,90,70,30,3,2,28.6,8.7,40.1,17.6,2.77,start,,0.0,0,0,0,594,False,False
673467,RS40,9.02,1451,657,0.412,ladder,2,1,0,300,135,95,4,2,23.2,0.0,10.0,46.2,0.11,both,,0.0,0,0,0,1461,False,False
673540,AR2A,40.0,1931,1761,0.512,grid,4,0,0,460,190,150,7,1,19.3,0.0,0.0,74.3,0.0,end,,1.6,0,0,0,1941,False,False
673564,RS20,6.95,910,453,0.734,spine,1,6,0,115,175,135,1,2,13.4,1.1,40.1,32.3,0.86,both,,0.0,0,0,0,920,False,False
673582,RS10,3.05,564,238,0.988,spine,1,4,0,145,70,30,1,2,23.3,12.5,31.3,17.3,1.31,both,,0.0,0,0,0,574,False,False
673585,R8,3.07,482,432,0.643,spine,1,6,1,75,110,70,1,1,14.4,6.4,49.4,21.3,1.95,both,,0.0,0,0,0,492,False,False
673611,RS15,4.95,1056,217,0.939,single_loaded,1,8,0,100,150,110,1,1,24.9,0.0,59.9,7.7,1.62,end,,0.0,0,0,0,1009,False,False
673616,RS10,2.27,543,348,0.523,spine,1,3,0,85,120,80,1,1,13.8,6.9,32.6,35.9,1.32,both,,0.0,0,0,0,553,False,False
673623,AR2A,49.51,2360,1915,0.477,grid,4,2,0,415,210,170,8,8,19.0,0.0,8.3,38.4,0.04,side,,1.6,0,83,58792,2370,True,False
673633,R10,6.25,1012,299,0.899,spine,1,15,0,100,100,60,1,2,19.8,10.5,56.3,5.9,2.4,start,,0.0,0,0,0,945,False,False
673637,RS10,2.51,955,450,0.254,ladder,2,0,0,145,70,30,2,0,3.3,0.0,0.0,78.9,0.0,start,,17.8,0,293,65071,965,True,False
673653,RS20,4.16,1038,175,0.998,single_loaded,1,4,0,170,120,80,1,2,31.5,0.0,44.9,1.1,0.96,both,,0.0,0,0,0,1048,False,False
673655,AR2A,22.4,1644,715,0.83,spine,1,3,0,400,220,180,1,3,8.9,0.0,32.0,28.8,0.13,both,,0.0,0,0,0,1654,False,False
673662,RS20,4.7,540,492,0.771,spine,1,4,1,115,175,135,1,1,14.3,4.4,43.3,26.8,0.85,both,,0.0,0,0,0,550,False,False
673671,RS40,75.1,2650,1581,0.781,grid,3,42,1,185,220,180,7,9,15.3,0.0,55.4,16.9,0.56,start,,0.0,0,0,0,2660,False,False
673674,R20,113.47,2520,2290,0.857,grid,5,132,7,115,175,135,9,19,18.9,3.8,56.0,13.1,1.16,end,,0.0,0,0,0,2530,False,False
673683,RS20,7.75,1087,799,0.389,ladder,2,3,0,130,155,115,3,4,17.7,3.2,17.6,38.6,0.39,both,,0.0,0,0,0,1097,False,False
673687,RS20,9.89,1295,378,0.881,spine,1,11,0,145,140,100,1,4,14.7,9.6,52.3,4.5,1.11,both,,0.0,0,0,0,1305,False,False
673734,R10,4.36,,,0.362,,,0,,,,,,,,,,,,,parcel_mostly_in_flood_hazard_or_wetland,90.9,,,,,False,False
673755,RS10,2.39,422,318,0.776,spine,1,6,0,95,110,70,1,0,17.8,10.4,60.6,11.1,2.51,both,,0.0,0,0,0,432,False,False
673757,RS10,9.25,743,706,0.768,ladder,2,20,2,85,120,80,4,0,26.3,3.9,55.2,14.7,2.16,side,,0.0,0,0,0,753,False,False
673772,AR2A,76.83,3782,1795,0.493,grid,4,3,0,450,195,155,10,16,17.8,0.0,7.9,29.6,0.04,end,,3.3,84,111,78751,3792,True,False
673776,AR2A,51.27,1969,1230,0.922,grid,3,0,0,500,175,135,6,4,18.6,0.0,0.0,64.2,0.0,start,,1.2,0,70,19912,1979,True,True
673802,RS15,3.23,989,329,0.433,spine,1,3,0,135,115,75,1,0,16.0,4.1,33.5,46.4,0.93,start,,0.0,0,0,0,922,False,False
673818,RS15,3.68,469,400,0.852,spine,1,4,0,100,150,110,1,2,13.9,6.5,38.1,22.4,1.09,start,,0.0,0,0,0,479,False,False
673838,RS7.5,7.31,629,591,0.857,ladder,2,13,0,75,105,65,3,1,23.9,6.2,32.1,11.0,1.78,both,,35.1,548,0,0,639,False,False
673844,RS20,5.26,634,556,0.65,spine,1,1,1,115,175,135,2,0,14.4,0.6,9.9,35.7,0.19,side,,44.0,0,234,22002,321,True,False
673847,AR2A,47.63,2227,1239,0.752,grid,3,1,0,500,175,135,3,2,3.9,0.0,4.4,9.3,0.02,end,,73.7,0,3917,60752,1428,True,False
673861,AR2A,20.17,1257,930,0.752,ladder,2,0,0,440,200,160,4,2,17.8,0.0,0.0,62.1,0.0,both,,0.0,0,0,0,1267,False,False
673863,AR2A,51.98,3607,1006,0.624,ladder,2,5,0,400,220,180,8,9,16.5,0.0,19.7,27.9,0.1,end,,0.2,59,0,0,3617,False,False
673868,R20,32.71,1415,1371,0.734,grid,3,35,3,115,175,135,5,7,17.3,3.6,52.8,15.7,1.07,start,,0.0,0,0,0,1425,False,False
673875,AR2A,19.69,1352,806,0.787,ladder,2,0,0,515,170,130,4,2,19.4,0.0,0.0,49.0,0.0,both,,13.0,315,0,0,1362,False,False
673923,AR2A,30.82,1724,1469,0.53,grid,3,0,0,410,215,175,6,4,19.7,0.0,0.0,48.9,0.0,side,,5.4,0,0,0,1734,False,False
673927,AR2A,54.25,,,0.502,,,0,,,,,,,,,,,,,parcel_mostly_in_flood_hazard_or_wetland,100.0,,,,,False,False
673948,RS20,24.4,1356,881,0.89,ladder,2,27,0,115,175,135,4,2,16.7,4.1,52.0,10.8,1.11,start,,14.7,420,0,0,1366,False,False
673949,R40,43.11,2972,1548,0.408,grid,3,11,3,185,220,180,7,8,18.7,0.0,23.9,40.3,0.26,end,,0.1,0,0,0,2982,False,False
673975,RS10,6.69,1508,549,0.352,ladder,2,10,3,115,90,50,4,0,26.8,2.0,36.8,34.4,1.5,both,,0.0,0,0,0,1518,False,False
673983,AR2A,41.27,2324,1339,0.578,grid,3,0,0,450,195,155,6,6,19.0,0.0,0.0,43.8,0.0,end,,9.7,228,0,0,2334,False,False
673996,AR2A,25.12,2015,863,0.629,ladder,2,1,0,475,185,145,5,1,17.6,0.0,8.1,65.2,0.04,both,,1.5,0,0,0,2025,False,False
674002,AR2A,45.58,1921,1612,0.641,grid,3,5,1,400,220,180,7,3,21.3,0.0,22.3,43.4,0.11,side,,0.0,0,0,0,1931,False,False
674020,AR2A,25.35,1947,828,0.685,ladder,2,0,0,500,175,135,5,3,19.0,0.0,0.0,55.5,0.0,both,,1.7,0,0,0,1957,False,False
674027,AR2A,36.39,1785,1440,0.617,grid,3,4,0,415,210,170,6,3,17.5,0.0,21.9,39.5,0.11,start,,5.1,181,95,3044,1675,True,True
674044,AR2A,77.4,2349,2246,0.639,grid,5,3,0,450,195,155,8,13,18.7,0.0,7.9,36.5,0.04,start,,3.7,304,0,0,2359,False,False
674046,RS15,5.0,628,366,0.948,spine,1,6,0,115,135,95,1,0,15.1,6.3,42.9,25.6,1.2,end,,11.9,70,0,0,638,False,False
674047,R10,3.15,934,482,0.305,ladder,2,4,0,135,75,35,3,0,27.9,4.6,29.7,37.9,1.27,end,,0.0,0,0,0,944,False,False
674050,AR2A,27.53,2028,958,0.617,grid,3,0,0,675,130,90,6,0,24.1,0.0,0.0,73.9,0.0,start,,2.9,216,24,3236,2038,True,False
674061,R15,48.89,2268,1119,0.839,grid,3,53,0,105,145,105,6,16,20.1,4.2,38.0,11.4,1.08,end,,17.7,1054,0,0,2278,False,False
674078,RS20,45.04,3733,1373,0.383,grid,3,44,1,115,175,135,8,9,18.5,4.0,47.8,18.5,0.98,both,,1.4,0,0,0,3743,False,False
674087,RS80,21.47,2875,628,0.518,spine,1,2,2,365,220,180,1,0,6.8,0.0,18.5,34.5,0.09,start,,40.8,91,776,14011,2012,True,False
674098,AR2A,37.99,1798,1056,0.871,ladder,2,1,0,400,220,180,5,7,15.3,0.0,6.1,39.1,0.03,both,,0.0,0,0,0,1808,False,False
674105,R10,7.27,,,0.703,,,0,,,,,,,,,,,,,parcel_mostly_in_flood_hazard_or_wetland,96.0,,,,,False,False
674106,RS80,37.61,2674,950,0.645,ladder,2,3,0,385,210,170,5,6,14.1,0.0,14.7,34.5,0.08,start,,8.1,0,371,19860,2246,True,False
674107,AR2A,36.71,3380,509,0.929,spine,1,6,0,400,220,180,1,6,9.8,0.0,33.5,14.3,0.16,end,,8.6,49,219,63200,2956,True,False
674126,R8,2.0,342,284,0.897,spine,1,4,0,90,90,50,1,2,19.5,11.7,39.1,10.2,2.0,both,,0.0,0,0,0,352,False,False
674132,RS10,5.32,,,0.659,,,0,,,,,,,,,,,,,parcel_mostly_in_flood_hazard_or_wetland,100.0,,,,,False,False
674147,AR2A,41.42,2462,1400,0.523,grid,3,4,0,425,205,165,7,3,18.8,0.0,18.9,37.3,0.1,end,,13.4,567,0,0,2472,False,False
674149,AR2A,53.08,3066,1831,0.412,grid,4,0,0,440,200,160,9,4,19.5,0.0,0.0,53.7,0.0,start,,14.2,563,0,0,3076,False,False
674153,RS20,40.48,2950,879,0.68,ladder,2,43,0,115,175,135,6,13,16.3,5.3,49.6,13.8,1.06,end,,0.0,0,0,0,2960,False,False
674158,R20,4.86,729,499,0.581,spine,1,5,4,115,175,135,1,1,12.4,0.2,50.7,19.9,1.03,end,,6.3,0,0,0,739,False,False
674160,R10,5.32,,,0.377,,,0,,,,,,,,,,,,,parcel_mostly_in_flood_hazard_or_wetland,100.0,,,,,False,False
674162,RS15,5.08,,,0.869,,,0,,,,,,,,,,,,,parcel_mostly_in_flood_hazard_or_wetland,100.0,,,,,False,False
674166,AR2A,66.75,3090,1437,0.655,grid,3,9,0,415,210,170,8,8,19.0,0.0,27.0,27.3,0.13,start,,2.6,0,162,74340,3100,True,False
674167,R10,3.15,409,368,0.911,spine,1,6,1,85,120,80,1,2,16.0,4.2,49.6,13.2,1.91,end,,0.0,0,0,0,419,False,False
674174,AR2A,44.72,1717,1535,0.739,grid,3,0,0,400,220,180,5,10,16.8,0.0,0.0,36.4,0.0,both,,1.7,0,0,0,1727,False,False
674175,R10,11.76,1033,922,0.538,grid,3,12,1,95,110,70,6,5,26.0,3.7,24.8,21.0,1.02,end,,14.1,0,224,1416,909,True,True
674176,AR2A,22.95,1447,1072,0.645,ladder,2,3,0,400,220,180,4,0,15.4,0.0,27.5,47.6,0.13,start,,11.6,367,0,0,1457,False,True
674177,RS15,3.11,994,538,0.254,ladder,2,2,0,170,90,50,3,1,30.0,2.9,23.1,32.5,0.64,end,,0.0,0,0,0,1004,False,False
674182,AR2A,19.77,1698,838,0.605,ladder,2,1,0,485,180,140,4,2,18.7,0.0,9.9,45.9,0.05,end,,5.2,0,47,16863,1708,True,True
674183,RS80,29.56,1513,1052,0.809,ladder,2,3,0,365,220,180,4,4,15.4,0.0,19.9,32.5,0.1,both,,9.0,289,0,0,1523,False,False
674202,R10,6.52,2359,251,0.48,spine,1,3,0,135,75,35,1,1,39.9,0.8,11.0,41.0,0.46,both,,5.3,0,0,0,2369,False,False
674261,RS15,14.69,1503,526,0.81,spine,1,21,6,100,150,110,1,4,12.0,4.4,60.4,7.9,1.43,start,,3.5,0,72,26557,1305,True,True
674275,RS15,3.94,614,415,0.674,spine,1,4,1,100,150,110,1,1,18.1,4.7,36.4,31.5,1.02,both,,0.0,0,0,0,624,False,False
674314,R40,59.13,3372,1076,0.71,ladder,2,26,4,185,220,180,6,12,13.7,0.0,44.4,19.7,0.44,both,,1.6,0,0,0,3382,False,False
674323,AR2A,21.46,1703,1372,0.4,grid,3,4,0,440,200,160,5,0,19.0,0.0,37.7,43.3,0.19,start,,0.0,0,0,0,1713,False,False
674325,AR2A,58.55,3284,1543,0.503,grid,3,8,1,400,220,180,8,8,16.7,0.0,28.2,24.7,0.14,end,,1.8,88,0,0,3294,False,True
674330,RS15,3.4,727,212,0.961,single_loaded,1,3,0,100,150,110,1,1,15.5,0.0,31.4,4.9,0.88,end,,37.6,0,236,713,423,True,True
674334,RS20,4.93,565,408,0.931,spine,1,5,0,130,155,115,1,0,13.7,5.1,47.1,22.6,1.01,start,,13.5,76,0,0,575,False,True
674376,R20,5.35,1583,186,0.792,single_loaded,1,4,0,155,130,90,1,1,21.6,0.0,34.8,34.9,0.75,start,,0.0,0,0,0,1536,False,False
674395,AR2A,28.78,1913,737,0.889,ladder,2,0,0,565,155,115,5,3,19.0,0.0,0.0,56.3,0.0,start,,4.5,155,0,0,1923,False,False
674411,R8,6.42,722,545,0.711,ladder,2,16,1,90,90,50,3,3,24.6,8.7,47.9,9.9,2.49,both,,0.0,0,0,0,732,False,False
674445,AR2A,80.55,2877,2023,0.603,grid,4,3,0,400,220,180,8,20,17.4,0.0,8.3,23.8,0.04,both,,0.0,0,0,0,2887,False,False
674450,AR2A,21.13,1678,943,0.582,ladder,2,5,0,425,205,165,4,1,16.4,0.0,47.7,26.2,0.24,both,,0.0,0,0,0,1688,False,False
674488,R10,5.99,1171,252,0.885,spine,1,10,0,135,75,35,1,3,22.2,12.0,40.4,6.9,1.67,both,,6.4,0,0,0,1181,False,False
674515,RS15,4.74,641,537,0.6,spine,1,2,1,100,150,110,1,0,10.7,0.7,16.7,54.2,0.42,start,,17.7,0,0,0,651,False,False
674568,RS20,5.94,1386,200,0.933,single_loaded,1,6,0,140,145,105,1,2,27.9,0.0,47.1,9.4,1.01,start,,0.0,0,0,0,1339,False,False
674582,RS10,4.47,510,390,0.977,spine,1,8,0,85,120,80,1,2,14.2,8.4,51.3,13.1,1.79,both,,0.0,0,0,0,520,False,False
674609,RS10,5.2,698,422,0.769,spine,1,9,2,85,120,80,2,2,18.0,5.0,52.4,12.6,1.73,side,,0.0,0,0,0,708,False,False
674638,RS10,8.85,1369,299,0.94,spine,1,19,0,100,100,60,1,4,19.6,8.8,50.2,10.8,2.15,end,,0.0,0,0,0,1302,False,False
674685,R20,9.23,1412,445,0.64,spine,1,5,0,115,175,135,1,2,16.0,3.1,24.9,39.5,0.54,end,,6.9,0,47,25689,1126,True,True
674748,RS10,3.83,851,313,0.626,spine,1,6,0,100,105,65,1,1,17.4,6.6,38.9,30.9,1.57,both,,0.0,0,0,0,861,False,False
674752,R20,4.95,590,459,0.797,spine,1,5,0,115,175,135,1,2,12.7,5.1,48.3,15.3,1.01,both,,0.0,0,0,0,600,False,False
674760,RS15,7.53,1020,404,0.796,spine,1,7,0,100,150,110,1,3,17.5,5.3,32.8,30.6,0.93,start,,0.0,0,0,0,953,False,False
674771,AR2A,22.37,1355,1024,0.702,ladder,2,1,0,400,220,180,4,3,15.1,0.0,9.7,46.8,0.04,both,,0.0,0,0,0,1365,False,False
674778,R25,7.35,809,628,0.63,spine,1,2,0,130,195,145,1,0,12.5,1.6,18.8,49.9,0.27,end,,17.3,0,0,0,742,False,False
674818,R15,69.38,2621,1549,0.744,grid,4,92,1,100,150,110,9,9,19.6,4.0,46.4,18.2,1.33,end,,7.3,0,611,93541,2631,True,True
674847,RS20,4.78,719,348,0.832,spine,1,4,0,160,125,85,1,2,15.3,7.3,38.5,19.6,0.84,both,,0.0,0,0,0,729,False,False
674860,RS15,5.02,1072,451,0.453,spine,1,6,0,100,150,110,1,0,11.3,5.0,48.1,33.7,1.19,end,,1.9,0,0,0,1005,False,False
674869,AR2A,18.6,1217,795,0.837,ladder,2,0,0,515,170,130,4,2,20.3,0.0,0.0,57.8,0.0,start,,0.0,0,0,0,1227,False,False
674870,RS10,2.45,730,177,0.823,single_loaded,1,3,0,85,120,80,1,0,11.0,0.0,28.3,46.9,1.23,end,,18.0,115,229,36643,339,True,False
674876,AR2A,40.16,2005,1069,0.816,ladder,2,4,0,400,220,180,5,5,16.6,0.0,20.8,29.9,0.1,start,,8.7,697,7,12236,2015,True,True
674878,RS15,3.56,582,482,0.552,spine,1,4,2,100,150,110,1,1,12.7,5.0,46.6,23.4,1.12,both,,0.0,0,0,0,592,False,False
674888,RS10,4.0,500,456,0.764,ladder,2,4,0,145,70,30,2,1,19.4,6.5,23.8,30.4,1.0,start,,14.2,0,295,28762,510,True,True
674899,AR2A,29.72,1519,1493,0.571,grid,3,1,0,400,220,180,5,4,16.9,0.0,6.5,25.2,0.03,both,,28.1,646,0,0,1529,False,False
674917,RS10,2.77,633,309,0.617,spine,1,0,0,100,105,65,1,0,0.0,0.0,0.0,77.9,0.0,end,,22.1,0,208,93643,-38,True,False
674934,AR2A,18.42,1456,1027,0.537,ladder,2,1,0,400,220,180,4,2,15.7,0.0,11.0,52.1,0.05,start,,0.0,0,0,0,1466,False,False
674948,AR2A,19.02,1584,799,0.654,ladder,2,0,0,515,170,130,4,0,19.1,0.0,0.0,80.9,0.0,start,,0.0,0,0,0,1594,False,False
674961,RS40,9.02,1026,609,0.629,spine,1,5,4,185,220,180,1,0,10.6,0.0,56.6,26.5,0.55,start,,6.3,0,0,0,979,False,False
674964,R40,20.27,1820,747,0.649,ladder,2,4,0,260,155,115,5,3,21.3,0.0,18.2,47.0,0.2,both,,0.0,0,0,0,1830,False,False
674968,RS15,5.13,1160,214,0.901,single_loaded,1,7,0,100,150,110,1,2,21.1,0.0,49.5,6.8,1.36,start,,8.6,0,0,0,1113,False,False
674992,RS15,9.76,1169,634,0.574,ladder,2,13,0,135,115,75,3,5,19.2,8.3,47.4,6.7,1.33,start,,0.0,0,0,0,1179,False,False
675000,R15,6.91,705,622,0.686,ladder,2,8,0,140,110,70,3,1,22.5,6.4,41.4,24.6,1.16,start,,0.0,0,0,0,715,False,False
675010,RS10,12.88,940,850,0.702,grid,3,18,0,100,100,60,6,4,29.0,4.1,32.1,18.7,1.4,end,,9.0,0,167,881,841,True,False
675035,RS15,5.04,1186,304,0.609,spine,1,5,0,150,100,60,1,2,16.7,6.6,35.6,26.8,0.99,end,,0.2,0,0,0,1119,False,False
675039,AR2A,26.6,1338,1228,0.706,ladder,2,3,2,400,220,180,4,1,15.1,0.0,24.3,46.6,0.11,start,,6.8,168,0,0,1348,False,False
675051,R15,5.1,716,492,0.631,spine,1,5,1,100,150,110,1,0,9.7,3.7,41.1,18.7,0.98,start,,28.2,57,0,0,726,False,False
675074,RS10,3.55,679,348,0.656,spine,1,0,0,85,120,80,1,0,2.6,0.0,0.0,20.2,0.0,end,,77.5,5,538,27462,59,True,True
675077,RS10,6.65,724,495,0.809,ladder,2,6,0,125,80,40,2,2,14.8,4.4,21.1,11.7,0.9,end,,41.1,0,482,3360,734,True,True
675080,RS15,7.69,779,595,0.723,ladder,2,8,0,145,105,65,3,2,26.2,5.8,36.4,22.4,1.04,both,,0.0,0,0,0,789,False,False
675110,R10,2.99,748,287,0.607,spine,1,5,0,110,95,55,1,1,27.4,4.9,40.5,19.0,1.67,both,,0.2,0,0,0,758,False,False
675126,AR2A,53.95,3317,795,0.892,ladder,2,4,0,515,170,130,6,12,15.0,0.0,14.8,17.9,0.07,start,,9.5,82,414,138160,2999,True,False
675128,R80,27.25,2015,772,0.763,ladder,2,0,0,485,165,125,5,4,18.3,0.0,0.0,55.6,0.0,end,,0.0,0,0,0,2025,False,False
675173,RS10,23.89,,,0.623,,,0,,,,,,,,,,,,,parcel_mostly_in_flood_hazard_or_wetland,100.0,,,,,False,False
675175,R10,2.37,,,0.997,,,0,,,,,,,,,,,,,parcel_too_narrow_for_a_street_and_a_lot,,,,,,False,False
675185,AR2A,26.6,1546,1303,0.575,grid,3,0,0,475,185,145,5,1,18.9,0.0,0.0,62.3,0.0,both,,13.1,442,0,0,1556,False,False
675190,RS80,18.91,1457,1376,0.411,grid,3,0,0,400,200,160,4,5,17.0,0.0,0.0,35.1,0.0,both,,0.0,0,0,0,1467,False,False
675194,R10,2.65,439,289,0.91,spine,1,3,0,110,95,55,2,2,25.7,5.4,27.7,22.7,1.13,side,,0.0,0,0,0,449,False,False
675200,AR2A,68.2,2405,2333,0.529,grid,4,5,0,400,220,180,8,8,16.0,0.0,15.9,43.4,0.07,both,,0.0,0,0,0,2415,False,False
675210,R20,7.87,814,614,0.686,ladder,2,6,0,185,110,70,3,3,22.4,5.1,35.7,19.1,0.76,start,,0.0,0,0,0,824,False,False
675232,AR2A,71.76,2279,2220,0.618,grid,6,1,0,565,155,115,9,2,21.5,0.0,3.0,68.2,0.01,end,,1.6,0,15,3168,2289,True,False
675239,RS10,12.29,1520,746,0.472,ladder,2,22,2,85,120,80,4,4,19.5,6.1,49.5,16.2,1.79,both,,0.0,0,0,0,1530,False,False
675247,AR2A,31.66,1443,1394,0.686,grid,3,1,0,440,200,160,5,0,19.2,0.0,6.3,59.4,0.03,start,,18.8,630,0,0,1453,False,False
675252,RS10,7.78,1101,314,0.98,spine,1,14,0,100,105,65,1,4,18.1,9.6,45.3,11.4,1.8,start,,2.9,13,0,0,1034,False,False
675267,AR2A,50.54,3171,1499,0.463,grid,3,7,0,400,220,180,8,5,16.5,0.0,28.2,31.8,0.14,start,,3.2,83,0,0,3181,False,False
675269,RS10,3.64,801,201,0.985,spine,1,7,0,145,70,30,1,2,29.1,0.0,46.1,11.6,1.92,end,,0.0,0,0,0,754,False,False
675277,R40,22.52,2828,1101,0.315,ladder,2,7,1,185,220,180,5,3,12.5,0.0,31.6,42.7,0.31,both,,0.0,0,0,0,2838,False,False
675288,RS7.5,4.8,,,0.592,,,0,,,,,,,,,,,,,parcel_mostly_in_flood_hazard_or_wetland,100.0,,,,,False,False
675292,RS10,3.61,,,0.84,,,0,,,,,,,,,,,,,parcel_mostly_in_flood_hazard_or_wetland,96.5,,,,,False,False
675309,R40,10.9,1855,512,0.5,spine,1,0,0,185,220,180,1,3,12.1,0.0,0.0,63.6,0.0,end,,0.0,0,0,0,1808,False,False
675311,R20,5.33,681,617,0.553,ladder,2,3,0,185,110,70,3,1,25.2,3.7,26.2,36.3,0.56,both,,0.0,0,0,0,691,False,False
675325,RS10,3.36,1419,713,0.145,ladder,2,0,0,85,120,80,4,0,13.1,0.0,0.0,68.4,0.0,side,,18.5,0,75,11895,1304,True,False
675327,R20,34.19,1659,1416,0.634,grid,3,30,5,115,175,135,5,8,16.7,3.7,43.5,20.1,0.88,both,,5.1,240,0,0,1669,False,False
675332,AR2A,20.99,1263,939,0.77,ladder,2,0,0,425,205,165,4,1,16.6,0.0,0.0,63.4,0.0,start,,14.3,148,0,0,1273,False,False
675346,R10,5.27,823,483,0.577,ladder,2,7,1,135,75,35,3,0,25.7,4.0,31.7,30.5,1.33,both,,8.0,0,0,0,833,False,False
675352,RS10,2.82,962,291,0.438,spine,1,0,0,110,95,55,1,0,31.3,0.0,0.0,47.4,0.0,start,,30.2,194,0,0,895,False,True
675356,RS10,2.73,1051,242,0.467,spine,1,0,0,145,70,30,1,0,2.5,0.0,0.0,69.1,0.0,start,,30.4,0,379,55034,411,True,True
675363,AR2A,46.39,2026,1457,0.684,grid,3,8,0,410,215,175,6,3,15.4,0.0,34.8,36.4,0.17,start,,1.8,90,0,0,2036,False,False
675369,RS7.5,2.09,425,314,0.681,spine,1,5,1,75,105,65,1,1,18.9,6.8,44.1,21.2,2.4,both,,0.0,0,0,0,435,False,False
675376,AR2A,42.7,1773,1611,0.651,grid,3,0,0,400,220,180,5,8,16.9,0.0,0.0,41.0,0.0,end,,5.5,109,0,0,1783,False,False
675384,AR2A,20.53,1325,1189,0.567,ladder,2,1,1,400,220,180,4,0,14.9,0.0,10.0,68.6,0.05,end,,8.1,227,0,0,1335,False,False
675386,AR2A,53.68,2645,1424,0.621,grid,3,2,0,425,205,165,7,10,19.1,0.0,7.3,33.9,0.04,end,,4.4,261,0,0,2655,False,False
675388,R10,12.59,1748,902,0.348,grid,3,20,1,100,105,65,5,6,23.0,5.7,38.8,21.2,1.59,both,,0.0,0,0,0,1758,False,False
675402,AR2A,36.92,2337,1137,0.605,grid,3,0,0,545,160,120,6,2,20.2,0.0,0.0,69.6,0.0,both,,0.0,0,0,0,2347,False,False
675404,AR2A,24.21,2356,937,0.478,ladder,2,0,0,425,205,165,5,4,17.2,0.0,0.0,49.8,0.0,both,,0.0,0,0,0,2366,False,False
675406,RS15,5.19,673,514,0.654,spine,1,7,1,100,150,110,1,2,8.3,7.5,57.7,9.7,1.35,both,,0.0,0,0,0,683,False,False
675412,RS15,3.48,515,304,0.968,spine,1,4,0,150,100,60,1,2,18.6,9.7,41.4,9.7,1.15,end,,0.0,0,0,0,525,False,False
675440,R20,5.23,1175,221,0.879,single_loaded,1,1,0,125,165,125,1,1,19.4,0.0,8.9,56.8,0.19,start,,6.2,0,80,18571,970,True,True
675456,RS20,11.27,979,893,0.562,ladder,2,12,0,115,175,135,3,2,16.9,4.8,50.8,19.2,1.06,both,,0.0,0,0,0,989,False,False
675462,RS10,4.37,965,368,0.537,spine,1,8,1,85,120,80,1,1,14.9,7.5,47.8,23.8,1.83,both,,0.0,0,0,0,975,False,False
675464,R15,274.99,,,0.663,,,0,,,,,,,,,,,,,parcel_mostly_in_flood_hazard_or_wetland,97.1,,,,,False,False
675466,RS7.5,8.46,,,0.763,,,0,,,,,,,,,,,,,parcel_mostly_in_flood_hazard_or_wetland,98.5,,,,,False,False
675467,AR2A,26.6,2969,492,0.793,spine,1,5,0,410,215,175,1,2,9.3,0.0,37.8,25.1,0.19,end,,13.3,157,296,57799,2546,True,False
675471,AR2A,35.65,2181,1557,0.457,grid,3,1,0,400,220,180,6,8,16.1,0.0,6.6,28.8,0.03,both,,1.6,0,0,0,2191,False,False
675495,RS15,4.1,875,831,0.245,ladder,2,2,0,100,150,110,3,0,7.5,2.2,18.4,71.8,0.49,end,,0.0,0,0,0,885,False,False
675500,RS10,5.12,769,361,0.805,spine,1,8,0,85,120,80,1,0,17.9,4.0,40.1,29.3,1.56,end,,10.4,70,0,0,702,False,False
675504,R20,6.66,1022,536,0.529,spine,1,4,3,115,175,135,1,0,16.6,0.2,29.8,53.5,0.6,end,,0.0,0,0,0,955,False,False
675507,RS20,6.88,882,712,0.477,ladder,2,6,0,150,135,95,3,1,20.4,4.4,40.3,28.7,0.87,start,,0.0,0,0,0,892,False,False
675514,RS15,3.24,995,389,0.365,spine,1,0,0,105,145,105,1,0,31.8,0.0,0.0,68.2,0.0,both,,0.0,0,0,0,1005,False,False
675527,RS15,13.63,1158,636,0.806,ladder,2,4,0,135,115,75,2,1,9.7,2.1,10.4,37.3,0.29,start,,40.4,284,438,171459,1168,True,False
675541,R10,8.58,1119,650,0.514,ladder,2,2,1,90,115,75,3,0,26.9,0.4,5.5,67.2,0.23,end,,0.0,0,0,0,1129,False,False
675543,R20,22.86,2062,1587,0.304,grid,4,4,0,130,155,115,7,2,18.9,0.5,7.9,68.9,0.17,both,,0.0,0,0,0,2072,False,False
675569,R6,14.47,1735,754,0.482,grid,3,47,2,75,80,40,5,7,25.8,8.4,46.7,12.1,3.25,both,,0.0,0,0,0,1745,False,False
675576,RS7.5,36.59,2562,854,0.728,grid,3,101,0,75,100,60,7,17,25.9,7.1,48.0,8.8,2.76,end,,2.7,40,0,0,2572,False,False
675580,R40,16.76,1340,866,0.629,ladder,2,6,0,220,185,145,4,2,19.5,0.0,33.9,34.9,0.36,start,,0.0,0,0,0,1350,False,False
675599,RS15,3.58,785,623,0.319,ladder,2,4,1,140,110,70,3,0,19.3,5.5,40.4,34.8,1.12,both,,0.0,0,0,0,795,False,False
675603,RS10,3.69,618,301,0.866,spine,1,8,0,100,100,60,1,1,20.8,7.8,51.0,14.0,2.17,start,,0.0,0,0,0,628,False,False
675605,RS10,3.39,1406,248,0.424,spine,1,2,0,135,75,35,1,3,20.6,1.2,13.5,45.0,0.59,both,,0.0,0,0,0,1416,False,False
675622,R20,4.82,632,400,0.832,spine,1,4,0,135,150,110,1,2,15.6,4.5,39.0,22.1,0.83,both,,0.0,0,0,0,642,False,False
675631,RS40,10.25,1188,629,0.597,spine,1,6,2,185,220,180,1,0,9.9,0.0,61.2,28.8,0.59,start,,0.0,0,0,0,1141,False,False
675638,R15,3.79,,,0.64,,,0,,,,,,,,,,,,,parcel_mostly_in_flood_hazard_or_wetland,88.1,,,,,False,False
675639,RS15,5.17,858,416,0.631,spine,1,5,1,100,150,110,1,0,15.7,0.8,34.5,49.0,0.97,start,,0.0,0,0,0,791,False,False
675649,RS15,5.55,774,350,0.893,spine,1,8,0,120,125,85,1,2,17.2,7.1,50.1,13.6,1.44,both,,0.0,0,0,0,784,False,False
675669,RS15,6.25,1454,773,0.242,ladder,2,6,0,100,150,110,4,0,20.7,2.7,32.9,43.7,0.96,start,,0.0,0,0,0,1464,False,False
675671,RS5,2.3,473,402,0.527,spine,1,0,0,60,90,50,1,0,2.9,0.0,0.0,52.4,0.0,start,,44.7,0,239,47343,157,True,False
675701,RS20,10.31,1338,405,0.828,spine,1,12,0,130,155,115,1,4,13.9,9.2,53.8,5.2,1.16,end,,0.0,0,0,0,1271,False,False
675713,RS10,2.6,531,331,0.645,spine,1,4,0,90,115,75,1,0,17.0,5.4,36.9,25.5,1.54,end,,18.1,73,0,0,541,False,True
675723,RS20,17.47,1871,546,0.744,spine,1,11,0,115,175,135,1,3,11.1,4.2,35.6,27.8,0.63,end,,11.6,0,0,0,1804,False,False
675739,RS15,4.86,769,340,0.809,spine,1,7,0,125,120,80,1,2,16.7,7.9,50.6,10.3,1.44,both,,0.0,0,0,0,779,False,False
675752,AR2A,38.83,1450,1446,0.807,grid,3,1,0,415,210,170,5,10,17.1,0.0,5.3,25.6,0.03,both,,0.8,0,0,0,1460,False,False
675753,RS7.5,3.17,758,183,0.996,single_loaded,1,9,0,75,105,65,1,1,29.9,0.0,62.4,0.8,2.84,both,,0.0,0,0,0,768,False,False
675779,R15,17.98,2323,1190,0.283,grid,3,11,0,100,150,110,6,3,18.7,0.4,23.8,50.9,0.61,end,,0.0,0,0,0,2333,False,False
675780,RS15,5.69,1133,429,0.51,spine,1,6,0,100,150,110,1,2,11.4,5.8,39.8,29.5,1.05,end,,0.0,0,0,0,1066,False,False
675793,RS20,15.89,1631,541,0.785,spine,1,14,6,115,175,135,1,2,10.9,2.0,46.9,22.1,0.88,start,,11.0,0,233,11793,1330,True,True
675824,RS40,10.91,1104,496,0.869,spine,1,5,0,185,220,180,1,2,12.9,0.0,42.3,22.9,0.46,start,,5.1,0,0,0,1057,False,False
675850,RS15,4.12,578,362,0.858,spine,1,4,0,120,130,90,1,2,16.3,5.7,35.4,25.2,0.97,both,,0.0,0,0,0,588,False,False
675854,AR2A,19.41,1120,851,0.887,ladder,2,2,0,475,185,145,3,4,15.5,0.0,20.1,22.7,0.1,both,,1.3,0,0,0,1130,False,False
675858,RS10,2.97,1098,188,0.629,single_loaded,1,5,0,85,120,80,1,1,8.1,0.0,42.7,40.9,1.68,end,,0.0,0,0,0,1051,False,False
675860,RS40,8.38,917,591,0.674,spine,1,5,0,185,220,180,1,1,9.1,0.0,65.9,12.2,0.6,both,,0.0,0,0,0,927,False,False
675871,R15,5.23,1202,193,0.983,single_loaded,1,7,0,115,135,95,1,1,28.4,0.0,48.5,9.0,1.34,end,,9.7,105,0,0,1155,False,False
675899,AR2A,18.24,1857,1309,0.327,grid,3,0,0,460,190,150,6,0,20.7,0.0,0.0,77.2,0.0,end,,3.5,71,0,0,1867,False,False
675904,R10,2.89,782,180,0.894,single_loaded,1,2,0,85,120,80,1,0,29.5,0.0,16.6,30.3,0.69,start,,23.6,0,0,0,735,False,False
675906,R15,4.84,1152,562,0.326,ladder,2,2,0,160,95,55,3,2,22.7,3.3,14.8,41.2,0.41,start,,6.0,75,0,0,1162,False,False
675925,RS10,2.66,434,409,0.653,spine,1,5,1,85,120,80,1,1,17.2,2.8,55.9,12.9,1.88,end,,0.0,0,0,0,444,False,False
675933,RS10,3.92,,,0.56,,,0,,,,,,,,,,,,,parcel_mostly_in_flood_hazard_or_wetland,100.0,,,,,False,False
675939,RS40,15.05,962,901,0.757,ladder,2,5,0,210,195,155,3,2,17.6,0.0,31.3,38.8,0.33,both,,0.0,0,0,0,972,False,False
675944,RS15,3.24,505,395,0.707,spine,1,4,0,100,150,110,1,1,16.9,5.5,41.6,25.4,1.23,both,,0.0,0,0,0,515,False,False
675946,RS10,2.46,729,687,0.214,ladder,2,1,0,85,120,80,3,0,33.9,0.1,10.4,55.6,0.41,start,,0.0,0,0,0,739,False,False
675954,AR2A,27.31,1858,1296,0.494,grid,3,0,0,475,185,145,6,0,21.6,0.0,0.0,76.2,0.0,start,,2.2,0,0,0,1868,False,False
675957,R10,4.34,1027,298,0.618,spine,1,3,0,100,100,60,1,2,28.0,1.6,15.9,44.1,0.69,start,,0.0,0,0,0,960,False,False
675959,R10,2.51,1239,494,0.178,ladder,2,0,0,125,80,40,4,0,31.6,0.0,0.0,60.9,0.0,end,,7.5,0,0,0,1249,False,False
675962,R15,6.73,,,0.626,,,0,,,,,,,,,,,,,parcel_mostly_in_flood_hazard_or_wetland,100.0,,,,,False,False
675983,R10,3.01,518,327,0.775,spine,1,5,0,90,115,75,1,1,20.3,5.2,39.3,27.3,1.66,both,,0.0,0,0,0,528,False,False
675985,R15,6.2,807,424,0.79,spine,1,7,1,100,150,110,1,2,14.7,5.4,42.2,25.8,1.13,both,,0.0,0,0,0,817,False,False
675991,AR2A,52.62,2315,1061,0.934,ladder,2,3,1,400,220,180,5,10,13.2,0.0,12.7,27.8,0.06,start,,5.8,78,0,0,2325,False,True
675994,RS40,9.27,1304,434,0.713,spine,1,2,0,220,185,145,1,3,13.6,0.0,20.4,35.7,0.22,end,,0.0,0,0,0,1257,False,False
675998,RS7.5,10.45,1087,428,0.979,spine,1,24,0,75,105,65,1,4,13.1,9.2,57.3,10.8,2.3,both,,0.0,0,0,0,1097,False,False
676034,RS15,6.99,905,645,0.521,ladder,2,4,0,135,115,75,4,4,26.5,5.4,21.8,25.2,0.57,side,,0.0,0,0,0,915,False,False
676116,AR2A,49.18,3306,2148,0.302,grid,4,2,1,400,220,180,9,6,17.3,0.0,9.1,48.6,0.04,both,,0.0,0,0,0,3316,False,False
676118,AR2A,44.5,1866,1475,0.704,grid,3,4,0,410,215,175,6,7,18.9,0.0,18.2,30.8,0.09,start,,0.0,0,0,0,1876,False,False
676165,R15,3.22,615,431,0.53,spine,1,3,0,100,150,110,1,1,14.1,5.5,35.9,32.6,0.93,both,,0.0,0,0,0,625,False,False
676175,R20,35.66,1537,1417,0.713,grid,3,25,1,115,175,135,5,5,14.9,3.3,35.2,18.9,0.7,end,,23.1,556,0,0,1547,False,False
676210,AR2A,33.24,2997,939,0.514,ladder,2,3,0,425,205,165,6,6,16.4,0.0,18.1,29.2,0.09,both,,0.0,0,0,0,3007,False,False
676221,R10,27.93,1305,1159,0.804,grid,4,54,1,100,100,60,6,9,25.6,6.3,46.4,13.8,1.93,end,,0.2,0,0,0,1315,False,False
676245,RS10,3.42,908,312,0.526,spine,1,6,1,100,105,65,1,1,21.8,5.8,42.9,17.9,1.75,both,,4.2,0,0,0,918,False,False
676246,R40,20.04,,,0.573,,,0,,,,,,,,,,,,,parcel_mostly_in_flood_hazard_or_wetland,86.9,,,,,False,False
676249,RS7.5,2.61,,,0.55,,,0,,,,,,,,,,,,,parcel_mostly_in_flood_hazard_or_wetland,99.7,,,,,False,False
676253,RS15,3.48,586,485,0.534,spine,1,3,1,100,150,110,1,1,10.9,4.0,35.3,37.4,0.86,start,,0.0,0,0,0,596,False,False
676267,R15,8.74,744,613,0.834,ladder,2,8,0,140,110,70,4,2,27.2,4.1,32.6,27.9,0.92,side,,0.0,0,0,0,754,False,False
676299,RS10,3.19,531,371,0.704,spine,1,6,2,85,120,80,1,1,16.7,6.6,49.2,19.0,1.88,end,,0.0,0,0,0,541,False,False
676301,AR2A,23.51,1560,868,0.756,ladder,2,3,0,475,185,145,4,2,16.0,0.0,26.2,30.7,0.13,start,,11.1,29,0,0,1570,False,False
676322,R15,3.35,1417,258,0.4,spine,1,2,0,150,100,60,2,1,28.0,0.0,20.6,34.6,0.6,side,,6.8,0,0,0,1370,False,False
676370,R20,5.97,843,422,0.731,spine,1,5,0,125,160,120,1,1,15.4,4.8,39.0,23.9,0.84,start,,9.1,0,0,0,776,False,False
676378,RS15,8.56,1195,434,0.719,spine,1,12,0,100,150,110,1,3,13.1,7.0,54.2,12.1,1.4,both,,0.0,0,0,0,1205,False,False
676382,R6,2.44,392,368,0.737,spine,1,8,1,65,95,55,1,0,14.9,9.0,64.8,11.2,3.28,both,,0.0,0,0,0,402,False,False
676404,R10,24.43,1835,753,0.771,ladder,2,15,1,85,120,80,2,2,9.0,2.5,17.0,11.0,0.61,start,,62.8,880,1584,26514,1845,True,True
676408,R10,3.81,,,0.653,,,0,,,,,,,,,,,,,parcel_mostly_in_flood_hazard_or_wetland,100.0,,,,,False,False
676429,R15,13.63,1874,664,0.477,ladder,2,5,0,125,120,80,2,1,8.1,2.3,12.7,38.1,0.37,start,,38.4,228,617,148984,1884,True,False
676430,R15,15.39,,,0.804,,,0,,,,,,,,,,,,,parcel_mostly_in_flood_hazard_or_wetland,100.0,,,,,False,False
676434,RS15,22.02,,,0.658,,,0,,,,,,,,,,,,,parcel_mostly_in_flood_hazard_or_wetland,98.1,,,,,False,False
676443,R15,6.21,1006,571,0.471,ladder,2,7,0,150,100,60,3,0,22.7,6.2,38.6,32.6,1.13,end,,0.0,0,0,0,1016,False,False
676445,R10,2.42,704,241,0.622,spine,1,1,0,145,70,30,1,0,35.5,2.0,9.6,37.0,0.41,both,,36.9,455,0,0,714,False,False
676468,R10,3.17,1034,249,0.537,spine,1,4,0,135,75,35,1,1,25.9,8.8,29.8,28.0,1.26,both,,0.0,0,0,0,1044,False,False
676492,R15,5.81,843,528,0.568,spine,1,7,1,100,150,110,1,1,12.2,5.6,51.1,23.6,1.21,end,,0.0,0,0,0,776,False,False
676524,RS15,9.69,1072,472,0.834,spine,1,15,2,100,150,110,1,3,13.4,5.3,65.5,2.4,1.55,both,,0.0,0,0,0,1082,False,False
676591,RS15,5.08,995,335,0.664,spine,1,7,1,135,115,75,1,1,16.6,8.3,50.8,17.1,1.38,end,,0.0,0,0,0,928,False,False
676595,RS7.5,3.48,546,330,0.839,spine,1,10,0,75,105,65,1,2,17.3,7.8,57.9,5.3,2.88,both,,0.0,0,0,0,556,False,False
676608,R10,4.99,1299,199,0.842,spine,1,5,0,145,70,30,1,2,33.1,0.0,23.6,29.2,1.0,end,,6.8,91,0,0,1252,False,False
676611,R20,123.44,3906,1413,0.974,grid,3,135,2,115,175,135,9,23,16.4,4.1,54.3,11.6,1.09,end,,5.8,1451,0,0,3916,False,False
676673,AR2A,23.78,1724,968,0.621,ladder,2,0,0,415,210,170,4,5,17.2,0.0,0.0,40.8,0.0,start,,0.0,0,0,0,1734,False,False
676702,AR2A,22.31,3262,479,0.622,spine,1,2,0,415,210,170,1,3,14.6,0.0,17.9,38.5,0.09,start,,2.5,0,0,0,3215,False,False
676705,R15,6.95,730,673,0.616,ladder,2,5,0,120,125,85,3,1,24.0,3.0,24.6,43.4,0.72,both,,0.0,0,0,0,740,False,False
676706,RS20,4.3,993,363,0.52,spine,1,0,0,155,130,90,2,0,12.8,0.0,0.0,26.6,0.0,side,,65.9,0,328,42418,-284,True,False
676712,AR2A,56.06,2763,1427,0.619,grid,3,1,0,415,210,170,7,12,18.3,0.0,3.6,32.8,0.02,end,,3.1,93,171,109953,2773,True,False
676713,AR2A,28.86,1658,825,0.919,ladder,2,1,0,500,175,135,4,8,16.8,0.0,7.1,19.9,0.03,end,,0.0,0,0,0,1668,False,False
676721,RS10,2.49,521,456,0.456,spine,1,2,1,85,120,80,1,0,8.0,1.6,22.7,41.1,0.8,both,,27.1,0,0,0,531,False,False
676732,RS40,16.09,1505,1145,0.407,grid,3,2,0,250,160,120,5,3,22.3,0.0,11.2,50.0,0.12,both,,0.0,0,0,0,1515,False,False
676760,AR2A,25.42,4382,387,0.653,spine,1,0,0,530,165,125,1,1,18.8,0.0,0.0,67.7,0.0,end,,7.8,538,0,0,4335,False,False
676771,AR2A,55.56,4618,674,0.777,ladder,2,0,0,625,140,100,9,5,19.7,0.0,0.0,59.3,0.0,end,,2.9,0,263,122227,4628,True,False
676774,RS20,4.87,684,536,0.578,spine,1,4,1,115,175,135,1,1,9.3,5.4,44.8,29.1,0.82,both,,0.0,0,0,0,694,False,False
676776,RS15,4.05,738,266,0.898,spine,1,6,0,145,105,65,1,2,20.8,0.0,51.7,10.2,1.48,both,,0.0,0,0,0,748,False,False
676781,RS10,2.29,385,308,0.84,spine,1,4,0,100,105,65,1,1,20.6,8.9,42.1,17.8,1.75,start,,0.0,0,0,0,395,False,False
676805,R8,2.88,528,264,0.903,spine,1,7,0,100,80,40,1,2,21.0,13.7,46.9,5.0,2.43,both,,0.0,0,0,0,538,False,False
676808,RS20,25.52,2627,652,0.649,ladder,2,8,0,170,120,80,5,1,17.5,1.8,14.4,49.2,0.31,end,,16.4,0,275,153186,2637,True,False
676822,R15,3.14,647,216,0.978,single_loaded,1,5,0,100,150,110,1,1,24.7,0.0,58.9,4.6,1.59,both,,0.0,0,0,0,657,False,False
676827,AR2A,30.61,1905,916,0.764,ladder,2,0,0,440,200,160,5,4,17.6,0.0,0.0,56.3,0.0,both,,0.0,0,0,0,1915,False,False
676829,RS20,5.49,1010,637,0.372,ladder,2,3,0,175,115,75,3,2,20.4,4.5,25.7,32.3,0.55,both,,0.0,0,0,0,1020,False,False
676843,RS10,2.22,,,0.905,,,0,,,,,,,,,,,,,parcel_mostly_in_flood_hazard_or_wetland,100.0,,,,,False,False
676863,RS15,8.67,1697,312,0.714,spine,1,10,0,145,105,65,1,3,22.5,8.9,41.2,14.9,1.15,end,,0.0,0,0,0,1630,False,False
676878,RS10,18.34,1512,632,0.837,ladder,2,37,0,90,115,75,4,6,21.8,6.1,47.9,15.6,2.02,both,,1.6,106,0,0,1522,False,False
676888,AR2A,82.34,3665,1609,0.608,grid,3,9,2,400,220,180,9,8,18.5,0.0,22.1,37.1,0.11,start,,2.3,94,156,36006,3675,True,False
676898,RS15,5.68,2035,701,0.173,ladder,2,1,0,120,130,90,4,0,3.9,1.0,6.0,27.4,0.18,side,,64.2,76,392,52612,2045,True,False
676916,RS10,2.49,1434,343,0.22,spine,1,1,0,85,120,80,2,0,34.6,0.3,9.3,46.6,0.4,side,,16.8,0,0,0,1367,False,False
676930,R20,4.6,1647,336,0.362,spine,1,0,0,170,120,80,1,0,0.0,0.0,0.0,66.8,0.0,end,,33.2,0,447,133881,-54,True,False
676933,R15,8.96,833,629,0.745,ladder,2,9,1,140,110,70,3,4,21.7,6.6,36.5,19.0,1.0,both,,0.0,0,0,0,843,False,False
676934,R15,6.24,1885,766,0.188,ladder,2,0,0,105,145,105,5,0,22.6,0.0,0.0,30.8,0.0,both,,62.6,475,0,0,1895,False,False
676944,R40,30.67,3633,960,0.383,ladder,2,10,0,195,210,170,8,7,19.4,0.0,31.1,28.1,0.33,end,,0.0,0,0,0,3643,False,False
676949,RS20,8.22,693,682,0.758,ladder,2,6,0,160,125,85,3,1,20.7,5.2,34.2,26.5,0.73,start,,9.5,110,0,0,703,False,True
676956,AR2A,25.99,1965,800,0.721,ladder,2,0,0,515,170,130,5,0,20.7,0.0,0.0,76.6,0.0,end,,3.6,93,0,0,1975,False,True
676958,AR2A,18.05,1256,650,0.962,spine,1,2,1,400,220,180,1,4,9.0,0.0,24.4,11.9,0.11,end,,2.4,0,0,0,1209,False,False
676959,R20,18.59,1041,991,0.786,ladder,2,19,2,115,175,135,3,6,14.8,4.9,51.5,12.8,1.02,both,,0.0,0,0,0,1051,False,False
676963,RS80,35.63,1774,1304,0.671,grid,3,0,0,435,185,145,5,4,16.1,0.0,0.0,51.3,0.0,end,,12.6,222,160,55439,1784,True,False
676970,R6,4.1,807,233,0.95,spine,1,8,1,75,85,45,1,2,16.9,0.0,29.1,12.1,1.95,start,,34.6,0,275,1757,462,True,True
676971,AR2A,32.07,1470,1377,0.691,grid,3,2,0,440,200,160,5,0,19.1,0.0,12.4,66.2,0.06,start,,3.2,227,0,0,1480,False,False
676974,R20,4.46,513,386,0.979,spine,1,4,0,140,145,105,1,2,14.4,7.6,42.0,15.0,0.9,both,,0.0,0,0,0,523,False,False
676986,R20,5.84,939,438,0.618,spine,1,5,0,120,170,130,1,1,15.6,5.3,40.3,30.8,0.86,start,,0.0,0,0,0,872,False,False
676990,R10,7.83,,,0.434,,,0,,,,,,,,,,,,,parcel_mostly_in_flood_hazard_or_wetland,88.7,,,,,False,False
677002,R40,8.4,823,500,0.89,spine,1,4,0,185,220,180,1,2,12.2,0.0,44.3,22.0,0.48,end,,0.0,0,0,0,776,False,False
677009,AR2A,46.65,4657,1394,0.313,grid,3,1,0,440,200,160,7,12,17.4,0.0,4.6,25.5,0.02,end,,0.2,0,5,11379,4667,True,True
677054,R10,4.96,909,343,0.693,spine,1,12,0,85,120,80,1,1,22.5,7.5,58.2,7.3,2.42,both,,0.0,0,0,0,919,False,False
677075,AR2A,41.2,2060,1253,0.695,grid,3,0,0,485,180,140,6,2,20.0,0.0,0.0,70.4,0.0,start,,0.1,0,36,4453,2070,True,True
677092,RS10,46.49,1941,1739,0.6,grid,5,93,3,85,120,80,8,19,23.7,5.5,49.4,11.5,2.0,end,,0.0,0,0,0,1951,False,False
677096,RS20,12.61,1083,552,0.92,spine,1,8,1,115,175,135,1,2,7.9,3.7,35.0,35.7,0.63,start,,8.6,0,122,130365,793,True,False
677097,AR2A,21.08,2368,665,0.583,ladder,2,0,0,650,135,95,5,3,22.5,0.0,0.0,47.5,0.0,start,,0.0,0,0,0,2378,False,False
677102,RS7.5,19.82,1552,701,0.794,grid,3,49,0,100,75,35,5,10,27.9,8.6,43.0,11.9,2.47,start,,0.0,0,0,0,1562,False,False
677105,RS20,4.32,1175,525,0.305,spine,1,1,1,115,175,135,1,1,12.6,1.8,11.9,60.5,0.23,start,,0.0,0,0,0,1108,False,False
677134,R15,8.87,1180,603,0.543,ladder,2,9,0,145,105,65,3,4,22.0,7.9,36.5,17.5,1.02,end,,0.0,0,0,0,1190,False,False
677154,R15,4.79,861,339,0.715,spine,1,6,0,125,120,80,1,2,17.2,5.4,43.5,19.3,1.25,end,,0.0,0,0,0,794,False,False
677167,RS10,3.98,933,261,0.713,spine,1,7,0,125,80,40,1,1,22.9,9.3,41.4,20.5,1.76,start,,0.0,0,0,0,866,False,False
677170,AR2A,68.06,,,0.824,,,0,,,,,,,,,,,,,parcel_mostly_in_flood_hazard_or_wetland,94.5,,,,,False,False
677175,AR2A,42.76,2064,1079,0.837,ladder,2,5,0,400,220,180,5,6,14.3,0.0,25.2,21.8,0.12,start,,9.1,583,0,0,2074,False,True
677200,AR2A,43.0,1812,1647,0.628,grid,3,6,1,400,220,180,6,1,17.2,0.0,28.5,28.5,0.14,end,,24.3,789,0,0,1822,False,False
677218,RS40,14.31,1566,775,0.513,ladder,2,7,0,245,165,125,3,1,16.6,0.0,45.5,31.3,0.49,both,,0.0,0,0,0,1576,False,False
677222,R10,4.17,678,558,0.48,ladder,2,2,0,110,95,55,2,1,19.8,1.8,11.5,29.8,0.48,start,,31.4,0,156,9642,536,True,False
677227,RS40,13.18,1638,568,0.617,spine,1,5,1,185,220,180,1,1,7.0,0.0,40.5,41.8,0.38,start,,3.2,0,0,0,1591,False,False
677229,R10,12.39,1193,576,0.785,ladder,2,23,0,100,100,60,4,7,24.8,7.0,43.2,11.9,1.86,both,,0.0,0,0,0,1203,False,False
677256,AR2A,21.22,1798,989,0.52,ladder,2,0,0,410,215,175,5,0,18.2,0.0,0.0,81.8,0.0,both,,0.0,0,0,0,1808,False,False
677258,R40,13.64,2164,596,0.461,spine,1,5,1,185,220,180,1,2,9.6,0.0,39.0,33.2,0.37,end,,2.3,0,0,0,2117,False,False
677262,RS20,24.75,1513,1298,0.549,grid,3,20,0,115,175,135,5,4,19.4,3.2,37.3,26.4,0.81,both,,6.3,0,0,0,1523,False,False
677281,RS10,6.58,,,0.705,,,0,,,,,,,,,,,,,parcel_mostly_in_flood_hazard_or_wetland,93.1,,,,,False,False
677284,R20,4.73,859,492,0.486,spine,1,3,1,115,175,135,1,0,7.7,2.3,31.9,44.1,0.63,end,,14.0,0,77,5186,708,True,True
677285,RS40,29.64,2490,1198,0.433,grid,3,6,0,240,170,130,6,0,17.9,0.0,18.9,49.9,0.2,start,,13.5,0,280,130746,2500,True,False
677298,RS7.5,3.0,1054,216,0.573,spine,1,7,0,95,80,40,1,2,25.9,0.0,40.5,21.9,2.34,both,,0.0,0,0,0,1064,False,False
677307,AR2A,23.91,1864,1122,0.498,grid,3,0,0,565,155,115,6,3,21.2,0.0,0.0,51.8,0.0,both,,0.0,0,0,0,1874,False,False
677309,AR2A,22.09,2511,734,0.522,ladder,2,0,0,565,155,115,6,0,22.0,0.0,0.0,77.2,0.0,both,,0.9,0,0,0,2521,False,False
677322,RS80,22.2,1517,1215,0.525,grid,3,1,0,475,170,130,5,3,18.9,0.0,9.0,46.3,0.05,both,,0.0,0,0,0,1527,False,False
677325,RS10,2.23,,,0.972,,,0,,,,,,,,,,,,,parcel_mostly_in_flood_hazard_or_wetland,99.2,,,,,False,False
677334,AR2A,27.76,1806,1192,0.562,grid,3,1,0,515,170,130,6,2,19.2,0.0,7.2,50.8,0.04,end,,8.2,0,358,39889,1816,True,True
677357,R80,65.02,2847,1666,0.597,grid,4,2,0,445,180,140,9,14,19.3,0.0,5.6,33.3,0.03,end,,3.5,195,142,29278,2857,True,False
677358,AR2A,28.93,3435,1623,0.226,grid,3,0,0,400,220,180,6,2,16.9,0.0,0.0,60.6,0.0,start,,10.7,120,63,33635,3445,True,True
677374,RS15,5.02,977,488,0.46,spine,1,5,0,100,150,110,1,1,11.1,4.8,42.8,31.0,1.0,end,,1.6,0,0,0,910,False,False
677381,RS20,11.18,2113,487,0.474,spine,1,7,4,115,175,135,1,1,13.1,0.4,30.5,51.8,0.63,both,,0.0,0,0,0,2123,False,False
677383,AR2A,33.67,2333,1178,0.534,grid,3,2,0,530,165,125,6,5,19.3,0.0,12.6,36.5,0.06,end,,1.0,0,40,26976,2343,True,True
677398,RS7.5,2.32,455,370,0.6,spine,1,5,2,75,105,65,1,1,16.0,6.3,48.0,19.6,2.16,end,,0.0,0,0,0,465,False,False
677400,RS7.5,3.03,680,234,0.831,spine,1,8,0,90,85,45,1,1,27.2,0.0,48.0,18.7,2.64,end,,0.0,0,0,0,690,False,False
677401,R20,15.47,2087,411,0.786,spine,1,17,0,130,155,115,1,5,13.6,7.9,51.8,11.8,1.1,end,,0.0,0,0,0,2020,False,False
677411,AR2A,52.12,3079,1776,0.415,grid,4,0,0,460,190,150,10,0,23.3,0.0,0.0,76.6,0.0,side,,0.2,0,0,0,3089,False,False
677433,AR2A,25.37,2066,899,0.595,ladder,2,2,0,450,195,155,5,5,18.4,0.0,16.2,24.0,0.08,start,,1.7,69,0,0,2076,False,False
677441,RS20,4.3,642,407,0.716,spine,1,3,0,130,155,115,1,1,18.5,1.8,32.3,36.9,0.7,end,,0.0,0,0,0,652,False,False
677449,R10,10.04,1077,666,0.61,ladder,2,16,1,85,120,80,3,2,21.3,5.2,38.1,22.9,1.59,start,,9.4,145,0,0,1087,False,False
677451,RS80,54.64,,,0.452,,,0,,,,,,,,,,,,,parcel_mostly_in_flood_hazard_or_wetland,100.0,,,,,False,False
677456,RS15,45.14,2300,1591,0.538,grid,4,60,8,100,150,110,7,14,20.7,3.3,47.5,16.6,1.33,start,,1.0,0,0,0,2310,False,False
677468,R10,2.96,467,445,0.621,spine,1,2,2,85,120,80,1,1,16.6,0.6,18.5,28.3,0.68,start,,26.2,0,0,0,477,False,False
677476,AR2A,19.06,1660,751,0.667,ladder,2,1,0,545,160,120,4,1,21.2,0.0,10.4,58.1,0.05,both,,0.0,0,0,0,1670,False,False
677483,R10,2.26,729,503,0.269,ladder,2,3,0,125,80,40,2,1,19.3,8.1,32.0,30.4,1.33,both,,0.0,0,0,0,739,False,False
677493,R8,3.48,,,0.694,,,0,,,,,,,,,,,,,parcel_mostly_in_flood_hazard_or_wetland,100.0,,,,,False,False
677516,RS80,24.97,3029,710,0.506,ladder,2,1,0,555,145,105,7,2,17.3,0.0,7.6,54.7,0.04,end,,4.7,0,217,49299,3039,True,False
677521,RS40,13.52,1117,553,0.954,spine,1,7,2,185,220,180,1,3,10.4,0.0,53.0,13.5,0.52,both,,0.0,0,0,0,1127,False,False
677522,R10,3.7,824,377,0.518,spine,1,7,2,85,120,80,1,1,14.6,6.6,49.9,21.5,1.89,both,,0.0,0,0,0,834,False,False
677524,AR2A,29.52,2231,1010,0.571,ladder,2,1,0,400,220,180,5,1,18.1,0.0,6.8,59.6,0.03,start,,9.6,79,105,42589,2241,True,False
677540,AR2A,35.2,2226,1199,0.574,grid,3,1,0,515,170,130,6,1,20.5,0.0,6.0,63.8,0.03,start,,4.3,144,0,0,2236,False,False
677544,R15,7.32,1302,600,0.408,ladder,2,5,0,145,105,65,3,2,23.7,5.9,24.7,36.1,0.68,start,,0.0,0,0,0,1312,False,False
677546,RS10,3.98,1282,327,0.413,spine,1,1,0,90,115,75,1,1,32.6,0.4,6.0,55.3,0.25,both,,0.0,0,0,0,1292,False,False
677548,AR2A,47.88,2138,1776,0.549,grid,3,2,1,400,220,180,6,10,17.4,0.0,9.3,31.1,0.04,end,,0.0,0,0,0,2148,False,False
677557,R10,5.02,1095,401,0.499,spine,1,4,1,85,120,80,1,1,4.7,1.8,22.3,8.8,0.8,start,,57.7,0,210,0,827,True,False
677558,RS10,2.79,469,383,0.676,spine,1,5,1,85,120,80,1,2,12.2,9.4,49.6,8.8,1.79,start,,0.0,0,0,0,479,False,False
677563,RS15,9.7,1370,462,0.668,spine,1,13,1,100,150,110,1,3,11.4,3.5,55.7,16.4,1.34,end,,0.0,0,0,0,1303,False,False
677565,AR2A,18.05,1669,657,0.717,spine,1,2,0,400,220,180,1,3,8.4,0.0,26.5,25.5,0.11,both,,0.0,0,0,0,1679,False,False
677568,AR2A,32.74,2275,791,0.792,ladder,2,3,0,515,170,130,5,7,18.4,0.0,18.2,20.7,0.09,both,,0.0,0,0,0,2285,False,False
677573,AR2A,63.28,2610,1596,0.662,grid,4,0,0,515,170,130,8,3,20.8,0.0,0.0,69.4,0.0,both,,0.0,0,0,0,2620,False,False
677574,R10,8.94,786,643,0.771,ladder,2,14,1,90,115,75,3,2,19.3,6.0,38.0,17.6,1.57,start,,13.6,0,213,23558,796,True,True
677578,AR2A,35.56,2189,1084,0.653,ladder,2,1,1,400,220,180,5,4,15.5,0.0,5.9,41.2,0.03,end,,16.7,635,0,0,2199,False,False
677583,R20,10.85,1414,1134,0.294,grid,3,7,0,140,145,105,5,4,21.6,3.5,29.8,28.0,0.65,end,,0.0,0,0,0,1424,False,False
677586,AR2A,50.99,2377,1373,0.681,grid,3,0,0,440,200,160,6,10,18.2,0.0,0.0,43.0,0.0,both,,0.0,0,0,0,2387,False,False
677587,AR2A,28.13,3045,538,0.747,spine,1,3,0,400,220,180,1,5,10.2,0.0,23.7,23.2,0.11,start,,4.4,93,0,0,2998,False,False
677593,RS40,12.22,1023,958,0.544,ladder,2,3,0,195,210,170,3,2,17.6,0.0,22.6,45.0,0.25,both,,0.0,0,0,0,1033,False,False
677594,AR2A,51.58,3276,1131,0.606,grid,3,0,0,545,160,120,8,0,22.6,0.0,0.0,76.2,0.0,start,,1.8,127,0,0,3286,False,False
677601,R10,2.2,466,415,0.496,spine,1,2,0,85,120,80,1,1,18.6,5.2,28.2,33.8,0.91,both,,0.0,0,0,0,476,False,False
677615,R15,3.61,869,194,0.933,single_loaded,1,5,0,115,135,95,1,1,27.8,0.0,49.2,13.1,1.38,end,,0.0,0,0,0,822,False,False
677616,AR2A,70.28,3253,1019,0.924,ladder,2,7,0,400,220,180,7,11,15.0,0.0,20.5,29.2,0.1,end,,3.5,167,0,0,3263,False,False
677617,AR2A,48.42,2824,1238,0.604,ladder,2,6,2,400,220,180,6,8,13.6,0.0,27.6,23.2,0.12,both,,0.0,0,0,0,2834,False,False
677633,RS80,17.49,1259,846,0.715,ladder,2,0,0,445,180,140,4,0,19.4,0.0,0.0,78.8,0.0,both,,1.9,0,0,0,1269,False,False
677641,AR2A,30.68,1903,1388,0.506,grid,3,1,0,440,200,160,7,3,21.9,0.0,6.9,51.5,0.03,side,,0.0,0,0,0,1913,False,False
677649,R10,4.89,1071,321,0.62,spine,1,3,0,95,110,70,1,1,12.1,1.6,15.0,15.6,0.61,end,,50.7,0,426,8443,590,True,True
677682,RS20,4.3,1106,264,0.642,single_loaded,1,2,1,115,175,135,1,0,7.7,0.0,24.4,59.9,0.47,both,,10.0,71,0,0,1116,False,False
677693,R15,3.58,515,467,0.648,spine,1,3,1,100,150,110,2,1,14.5,3.0,33.3,37.4,0.84,side,,0.0,0,0,0,525,False,False
677701,R10,3.22,646,550,0.394,ladder,2,2,0,110,95,55,3,0,26.1,3.1,14.9,54.1,0.62,start,,1.9,0,13,6144,656,True,True
677706,R40,19.67,,,0.61,,,0,,,,,,,,,,,,,parcel_mostly_in_flood_hazard_or_wetland,97.6,,,,,False,False
677717,RS15,15.14,1224,793,0.679,ladder,2,1,0,100,150,110,4,0,19.7,0.2,2.2,12.9,0.07,both,,81.3,1365,0,0,1234,False,False
677721,R10,4.47,957,440,0.462,spine,1,7,6,85,120,80,1,0,20.7,1.3,41.3,36.8,1.56,both,,0.0,0,0,0,967,False,False
677729,AR2A,35.82,1954,1388,0.575,grid,3,4,0,440,200,160,6,2,16.7,0.0,22.2,49.5,0.11,both,,0.0,0,0,0,1964,False,False
677739,RS40,12.48,2716,212,0.944,single_loaded,1,5,0,260,155,115,1,3,24.6,0.0,37.0,13.8,0.4,end,,2.7,71,0,0,2669,False,True
677743,RS40,19.64,,,0.759,,,0,,,,,,,,,,,,,parcel_mostly_in_flood_hazard_or_wetland,99.2,,,,,False,False
677746,AR2A,50.13,2316,1373,0.687,grid,3,0,0,440,200,160,6,13,19.0,0.0,0.0,29.5,0.0,both,,0.0,0,0,0,2326,False,False
677747,R20,4.71,1958,311,0.336,spine,1,3,0,195,105,65,1,1,15.3,7.1,30.7,34.8,0.64,start,,1.9,0,0,0,1891,False,False
677761,RS10,2.33,497,326,0.626,spine,1,3,0,90,115,75,1,1,23.2,6.1,30.2,30.2,1.29,both,,0.0,0,0,0,507,False,False
677765,RS15,4.96,1088,203,0.978,single_loaded,1,7,0,105,145,105,1,2,26.1,0.0,50.3,9.2,1.41,start,,0.0,0,0,0,1041,False,False
677768,RS15,3.38,730,400,0.505,spine,1,4,0,100,150,110,1,1,14.7,6.0,40.9,28.0,1.18,both,,0.0,0,0,0,740,False,False
677795,R10,2.34,855,573,0.208,ladder,2,2,0,100,100,60,3,0,17.2,0.9,19.2,30.6,0.85,both,,32.2,0,0,0,865,False,False
677801,AR2A,28.87,1616,1370,0.568,grid,3,0,0,440,200,160,5,5,19.3,0.0,0.0,41.0,0.0,both,,5.2,0,0,0,1626,False,False
677808,RS10,2.57,870,224,0.575,spine,1,0,0,125,80,40,1,0,0.0,0.0,0.0,53.9,0.0,start,,46.1,0,383,60334,-44,True,False
677822,R80,21.63,2138,783,0.563,ladder,2,1,0,485,165,125,5,0,21.3,0.0,8.5,70.2,0.05,end,,0.0,0,0,0,2148,False,False
677841,R20,8.5,1641,467,0.483,spine,1,4,0,115,175,135,1,1,15.7,0.8,22.6,55.5,0.47,both,,0.0,0,0,0,1651,False,False
677853,R15,5.28,,,0.538,,,0,,,,,,,,,,,,,parcel_mostly_in_flood_hazard_or_wetland,100.0,,,,,False,False
677859,RS20,31.04,2868,1111,0.424,grid,3,19,1,145,140,100,7,9,23.2,3.4,28.4,31.6,0.61,end,,0.0,0,0,0,2878,False,False
677865,AR2A,30.26,1793,1062,0.692,ladder,2,3,2,400,220,180,5,1,15.8,0.0,21.8,54.6,0.1,both,,0.0,0,0,0,1803,False,False
677867,R15,10.01,923,900,0.525,ladder,2,2,2,100,150,110,3,1,18.8,1.2,7.1,69.8,0.2,both,,0.0,0,0,0,933,False,False
677870,RS20,6.54,,,0.571,,,0,,,,,,,,,,,,,parcel_mostly_in_flood_hazard_or_wetland,99.1,,,,,False,False
677874,R15,5.09,1341,473,0.35,spine,1,5,2,100,150,110,2,1,15.8,3.9,39.6,32.2,0.98,side,,0.0,0,0,0,1351,False,False
677876,AR2A,21.48,1217,1112,0.691,ladder,2,1,0,400,220,180,4,1,14.0,0.0,11.1,62.1,0.05,end,,2.5,153,0,0,1227,False,True
677891,RS10,3.06,,,0.54,,,0,,,,,,,,,,,,,parcel_mostly_in_flood_hazard_or_wetland,85.1,,,,,False,False
677892,R20,21.24,2112,926,0.473,ladder,2,16,3,115,175,135,5,6,20.9,2.9,35.0,28.0,0.75,end,,0.0,0,0,0,2122,False,False
677895,AR2A,68.09,2905,1493,0.684,grid,3,1,0,400,220,180,7,16,18.3,0.0,2.9,31.7,0.01,both,,0.0,0,0,0,2915,False,False
677907,RS40,8.51,,,0.787,,,0,,,,,,,,,,,,,parcel_mostly_in_flood_hazard_or_wetland,100.0,,,,,False,False
677908,AR2A,33.89,2878,1127,0.455,ladder,2,1,1,400,220,180,6,5,17.7,0.0,6.0,42.7,0.03,end,,4.0,82,0,0,2888,False,False
677909,R80,28.45,1860,1349,0.494,grid,3,1,0,415,195,155,6,2,20.2,0.0,6.4,59.8,0.04,end,,0.0,0,0,0,1870,False,False
677911,RS15,11.08,1364,916,0.386,ladder,2,1,1,100,150,110,4,0,12.4,0.2,3.4,13.2,0.09,both,,77.8,550,0,0,1374,False,False
677919,RS7.5,2.56,804,462,0.3,ladder,2,3,1,110,70,30,3,1,32.1,3.9,20.5,37.2,1.17,both,,0.0,0,0,0,814,False,False
677942,R10,3.23,1247,481,0.235,ladder,2,0,0,135,75,35,3,0,2.7,0.0,0.0,12.8,0.0,start,,84.6,0,518,3144,941,True,True
677948,AR2A,47.0,1724,1326,0.896,grid,3,0,0,460,190,150,5,13,16.7,0.0,0.0,24.8,0.0,end,,2.9,0,0,0,1734,False,False
677952,RS7.5,2.3,1085,231,0.4,spine,1,4,0,90,85,45,1,1,13.1,0.0,31.3,48.1,1.74,both,,0.0,0,0,0,1095,False,False
677955,RS15,5.02,1808,1165,0.104,grid,3,1,0,100,150,110,6,2,18.8,1.7,6.7,59.8,0.2,start,,0.0,0,0,0,1818,False,False
677960,AR2A,22.54,2364,721,0.576,ladder,2,0,0,585,150,110,5,3,19.7,0.0,0.0,44.5,0.0,end,,9.5,220,0,0,2374,False,False
677968,AR2A,18.75,1644,887,0.56,ladder,2,3,0,460,190,150,4,3,16.0,0.0,32.6,19.0,0.16,end,,0.0,0,0,0,1654,False,False
677970,AR2A,34.93,2309,1186,0.556,grid,3,0,0,515,170,130,6,6,21.7,0.0,0.0,43.0,0.0,end,,1.0,0,29,1314,2319,True,True
677972,R10,2.15,726,546,0.236,ladder,2,2,0,115,90,50,3,0,16.3,4.2,23.5,54.9,0.93,both,,1.0,0,0,0,736,False,False
677973,RS20,9.39,723,716,0.79,ladder,2,9,0,150,135,95,3,3,21.6,4.6,44.7,14.0,0.96,both,,0.0,0,0,0,733,False,False
677975,RS15,4.69,,,0.789,,,0,,,,,,,,,,,,,parcel_mostly_in_flood_hazard_or_wetland,99.2,,,,,False,False
677979,RS40,10.11,1673,545,0.483,spine,1,1,1,185,220,180,1,0,19.1,0.0,9.1,61.9,0.1,start,,9.9,0,0,0,1626,False,False
677981,AR2A,27.01,2000,932,0.631,ladder,2,1,0,425,205,165,6,0,22.6,0.0,7.2,63.9,0.04,side,,7.5,87,0,0,2010,False,False
678003,AR2A,41.08,2242,1350,0.591,grid,3,1,0,450,195,155,6,8,19.4,0.0,4.7,35.7,0.02,start,,2.3,166,0,0,2252,False,False
678006,R15,25.22,,,0.448,,,0,,,,,,,,,,,,,parcel_mostly_in_flood_hazard_or_wetland,99.7,,,,,False,False
678008,RS10,22.83,2594,1388,0.276,grid,4,8,0,85,120,80,5,1,5.5,1.3,9.2,12.7,0.35,start,,69.9,0,1594,31110,2604,True,False
678019,AR2A,42.59,11919,1129,0.138,grid,3,0,0,545,160,120,20,2,17.8,0.0,0.0,72.7,0.0,both,,0.5,0,0,0,11929,False,False
678026,RS20,8.47,1117,915,0.361,ladder,2,1,1,115,175,135,3,4,22.1,0.9,5.5,49.3,0.12,both,,0.0,0,0,0,1127,False,False
678043,AR2A,23.57,1684,902,0.675,ladder,2,3,0,450,195,155,4,3,17.6,0.0,25.9,30.1,0.13,end,,0.5,0,21,9901,1694,True,True
678061,RS20,6.74,1150,708,0.361,ladder,2,2,1,155,130,90,4,2,27.1,2.2,13.9,43.6,0.3,side,,0.0,0,0,0,1160,False,False
678070,AR2A,20.72,1240,747,0.974,ladder,2,0,0,565,155,115,4,3,18.9,0.0,0.0,51.3,0.0,both,,0.0,0,0,0,1250,False,False
678079,R10,4.1,690,315,0.821,spine,1,7,0,95,110,70,2,1,24.5,3.8,40.7,25.1,1.71,side,,0.0,0,0,0,700,False,False
678109,R15,7.9,1635,411,0.512,spine,1,2,0,100,150,110,1,0,20.7,0.2,9.0,51.9,0.25,end,,23.9,254,34,12578,1455,True,True
678114,RS10,4.22,1103,353,0.472,spine,1,6,2,85,120,80,1,0,25.2,2.1,34.6,38.1,1.42,both,,0.0,0,0,0,1113,False,False
678115,AR2A,19.78,1680,1009,0.508,ladder,2,0,0,400,220,180,2,0,1.1,0.0,0.0,31.3,0.0,start,,67.6,0,1320,238974,995,True,False
678123,R10,5.93,639,518,0.78,ladder,2,6,0,120,85,45,3,1,24.3,5.6,24.2,41.7,1.01,both,,0.0,0,0,0,649,False,False
678128,R15,3.38,1041,488,0.289,spine,1,1,1,100,150,110,1,0,10.7,0.2,10.4,71.2,0.3,end,,7.5,0,0,0,974,False,False
678132,R20,7.51,1149,772,0.369,ladder,2,1,0,135,150,110,3,0,20.8,0.4,6.2,72.6,0.13,end,,0.0,0,0,0,1159,False,False
678140,R10,7.33,1367,352,0.663,spine,1,5,1,85,120,80,1,1,19.0,0.9,16.5,60.5,0.68,end,,0.0,0,0,0,1300,False,False
678143,R10,4.27,1158,361,0.446,spine,1,0,0,85,120,80,1,0,21.6,0.0,0.0,69.6,0.0,both,,9.8,10,0,0,1168,False,False
678151,R15,16.53,1554,650,0.712,ladder,2,5,0,125,120,80,4,1,20.4,1.6,10.3,51.3,0.3,end,,16.3,175,318,60163,1564,True,False
678155,R15,7.11,1095,515,0.55,spine,1,1,1,100,150,110,1,0,13.0,0.3,5.3,51.3,0.14,both,,36.1,328,0,0,1105,False,False
678165,R15,4.3,1195,330,0.476,spine,1,0,0,135,115,75,1,0,18.5,0.0,0.0,36.0,0.0,end,,51.2,205,14,23355,767,True,False
678166,RS15,6.38,1014,279,0.983,spine,1,4,0,170,90,50,1,2,14.2,6.7,22.5,18.5,0.63,end,,26.8,0,323,16832,631,True,False
678183,AR2A,21.07,1479,798,0.778,ladder,2,0,0,515,170,130,4,0,20.4,0.0,0.0,74.1,0.0,start,,5.5,0,45,1660,1377,True,True
678191,R10,7.96,1016,498,0.685,ladder,2,12,0,125,80,40,3,6,26.5,7.2,35.3,13.7,1.51,both,,0.0,0,0,0,1026,False,False
678193,R20,13.18,1974,716,0.406,ladder,2,2,0,150,135,95,5,1,21.8,0.9,6.9,52.7,0.15,start,,17.5,243,0,0,1984,False,False
678196,R20,8.5,815,597,0.761,ladder,2,1,0,195,105,65,4,1,22.2,1.2,5.7,49.1,0.12,side,,18.6,0,133,20736,825,True,False
678203,R15,3.25,756,359,0.522,spine,1,2,0,120,130,90,2,0,19.0,3.4,22.3,36.6,0.62,side,,18.8,0,80,14528,398,True,False
678213,R8,4.56,897,578,0.383,ladder,2,0,0,80,100,60,3,0,30.1,0.0,0.0,69.9,0.0,end,,0.0,0,0,0,907,False,False
678224,RS20,9.73,2798,214,0.707,single_loaded,1,4,0,130,155,115,1,3,0.4,0.0,18.8,56.1,0.41,start,,11.3,0,216,38020,2496,True,True
678242,R10,2.61,522,458,0.475,spine,1,3,1,85,120,80,1,1,11.1,5.5,34.6,37.4,1.15,both,,0.0,0,0,0,532,False,False
678247,AR2A,95.72,3780,1515,0.728,grid,3,6,0,400,220,180,9,11,17.9,0.0,12.7,43.7,0.06,end,,3.3,273,0,0,3790,False,False
678267,R15,4.73,1356,264,0.575,spine,1,0,0,150,100,60,1,0,33.7,0.0,0.0,40.8,0.0,both,,30.1,147,0,0,1366,False,False
678281,RS40,17.26,,,0.609,,,0,,,,,,,,,,,,,parcel_mostly_in_flood_hazard_or_wetland,100.0,,,,,False,False
678287,RS15,3.38,1513,218,0.446,single_loaded,1,0,0,100,150,110,1,0,4.1,0.0,0.0,86.1,0.0,end,,9.8,0,0,0,1466,False,False
678288,RS15,9.77,915,588,0.791,ladder,2,0,0,150,100,60,2,0,0.5,0.0,0.0,18.1,0.0,end,,81.6,0,968,73807,112,True,True
678302,R10,3.27,632,416,0.542,spine,1,7,4,85,120,80,1,0,20.3,1.5,60.3,17.8,2.14,both,,0.0,0,0,0,642,False,False
678308,RS40,67.53,2699,1225,0.89,grid,3,21,0,230,175,135,7,13,18.5,0.0,28.6,29.1,0.31,end,,7.3,560,198,68997,2709,True,True
678315,R80,26.23,2987,884,0.433,ladder,2,1,0,425,190,150,5,4,14.7,0.0,7.0,46.9,0.04,end,,4.0,0,155,94948,2997,True,False
678327,RS40,36.82,1366,1262,0.93,grid,3,17,0,225,180,140,5,2,18.7,0.0,43.1,30.9,0.46,end,,2.0,0,45,7350,1376,True,True
678355,R10,15.38,1072,702,0.89,ladder,2,22,0,85,120,80,2,2,11.6,4.6,36.3,13.9,1.43,start,,30.3,0,635,35453,1082,True,True
678361,RS20,10.34,924,606,0.805,spine,1,10,1,115,175,135,1,2,10.3,5.4,54.0,19.4,0.97,both,,0.0,0,0,0,934,False,False
678370,R10,14.33,906,812,0.849,ladder,2,29,2,85,120,80,3,4,16.0,6.9,55.5,13.0,2.02,start,,0.9,0,0,0,916,False,False
678390,AR2A,54.57,2815,1363,0.619,grid,3,4,0,450,195,155,7,8,16.7,0.0,15.1,29.9,0.07,end,,9.8,387,161,83816,2825,True,False
678415,R10,2.25,392,268,0.934,spine,1,3,0,120,85,45,1,2,21.9,8.2,31.3,17.4,1.33,end,,0.0,0,0,0,402,False,False
678420,R15,24.76,2405,932,0.481,ladder,2,32,4,100,150,110,6,8,17.4,5.8,49.3,15.3,1.29,both,,0.0,0,0,0,2415,False,False
678428,RS80,38.96,2580,961,0.685,ladder,2,3,0,385,210,170,4,5,12.4,0.0,14.4,39.6,0.08,end,,10.2,0,479,104692,2590,True,False
678429,RS20,4.29,1063,273,0.644,spine,1,2,0,195,105,65,1,1,26.9,0.0,22.6,39.2,0.47,start,,0.0,0,0,0,1016,False,False
678431,RS15,3.88,869,454,0.428,spine,1,4,0,100,150,110,1,1,15.0,1.9,42.1,27.3,1.03,start,,4.1,0,0,0,802,False,False
678435,RS10,9.2,1284,919,0.34,grid,3,7,0,95,110,70,6,3,26.1,2.9,18.1,36.1,0.76,side,,12.1,125,62,6792,1294,True,False
678439,R10,3.71,990,302,0.54,spine,1,0,0,100,100,60,1,0,22.0,0.0,0.0,78.0,0.0,start,,0.0,0,0,0,923,False,False
678440,AR2A,30.82,1441,1349,0.691,grid,3,0,0,450,195,155,6,1,20.5,0.0,0.0,68.1,0.0,side,,5.6,0,0,0,1451,False,False
678450,R10,3.02,1142,312,0.368,spine,1,0,0,100,105,65,1,0,4.3,0.0,0.0,64.3,0.0,end,,31.4,0,382,65000,171,True,False
678453,AR2A,49.9,2483,1492,0.587,grid,3,1,0,400,220,180,7,5,14.1,0.0,4.0,31.7,0.02,end,,33.6,610,764,69599,2493,True,False
678456,RS15,7.44,1461,630,0.352,ladder,2,5,1,140,110,70,4,3,26.0,4.8,23.7,31.4,0.67,both,,0.0,0,0,0,1471,False,False
678468,RS15,6.47,1082,427,0.61,spine,1,6,0,100,150,110,1,1,13.9,4.3,35.1,13.2,0.93,start,,27.6,0,329,7908,680,True,True
678471,AR2A,24.61,2055,523,0.997,spine,1,3,0,400,220,180,1,4,10.8,0.0,26.1,24.5,0.12,end,,4.2,96,0,0,2008,False,True
678477,R10,2.3,605,491,0.337,ladder,2,3,0,125,80,40,4,0,25.0,7.3,30.1,37.7,1.31,side,,0.0,0,0,0,615,False,False
678483,RS10,3.47,1559,585,0.166,ladder,2,3,0,100,100,60,4,0,20.3,2.7,20.9,56.1,0.86,both,,0.0,0,0,0,1569,False,False
678484,RS10,6.83,1095,668,0.406,ladder,2,0,0,85,120,80,3,0,17.6,0.0,0.0,59.5,0.0,start,,26.2,113,180,35821,1105,True,False
678492,AR2A,25.08,2961,1011,0.365,ladder,2,2,0,400,220,180,6,6,16.2,0.0,16.6,18.0,0.08,both,,0.7,0,0,0,2971,False,False
678493,R8,6.34,1011,583,0.469,ladder,2,2,0,80,100,60,3,0,22.7,0.4,5.7,71.1,0.32,both,,0.0,0,0,0,1021,False,False
678497,R40,9.85,1094,800,0.49,ladder,2,2,0,240,170,130,3,4,17.4,0.0,19.6,25.3,0.2,both,,0.0,0,0,0,1104,False,False
678498,RS20,11.04,1695,644,0.44,ladder,2,4,1,175,115,75,4,4,22.9,4.0,16.9,39.6,0.36,both,,0.0,0,0,0,1705,False,False
678506,AR2A,47.47,3127,1218,0.543,grid,3,0,0,500,175,135,8,0,21.3,0.0,0.0,74.3,0.0,start,,4.5,0,37,1390,3137,True,True
678508,RS10,3.26,987,359,0.402,spine,1,0,0,85,120,80,1,0,28.2,0.0,0.0,20.6,0.0,end,,57.4,107,43,3049,858,True,True
678535,RS10,2.29,500,326,0.613,spine,1,3,0,90,115,75,1,2,17.7,3.8,30.7,27.5,1.31,both,,0.0,0,0,0,510,False,False
678536,RS7.5,5.21,1209,230,0.818,spine,1,2,0,90,85,45,2,0,20.8,0.0,6.8,49.9,0.38,side,,36.0,0,1034,98577,-637,True,False
678540,AR2A,56.24,3621,1126,0.601,ladder,2,5,1,400,220,180,8,8,14.4,0.0,19.5,29.0,0.09,end,,6.5,184,0,0,3631,False,False
678549,R20,5.42,1164,213,0.952,single_loaded,1,6,0,130,155,115,1,2,22.9,0.0,52.1,7.7,1.11,start,,0.0,0,0,0,1117,False,False
678553,RS20,16.51,,,0.563,,,0,,,,,,,,,,,,,parcel_mostly_in_flood_hazard_or_wetland,92.9,,,,,False,False
678555,R10,2.19,557,342,0.502,spine,1,2,0,85,120,80,1,0,28.5,1.4,21.8,48.3,0.91,both,,0.0,0,0,0,567,False,False
678575,AR2A,54.44,2199,2180,0.495,grid,4,3,0,400,220,180,7,9,16.3,0.0,12.5,34.1,0.06,end,,4.3,167,0,0,2209,False,True
678579,AR2A,35.94,2280,1190,0.577,grid,3,0,0,515,170,130,6,9,19.7,0.0,0.0,30.2,0.0,start,,0.0,0,0,0,2290,False,False
678588,AR2A,30.9,2631,1573,0.325,grid,3,1,0,400,220,180,7,1,15.7,0.0,6.4,65.1,0.03,end,,8.2,0,152,36297,2641,True,True
678589,R15,7.04,,,0.715,,,0,,,,,,,,,,,,,parcel_mostly_in_flood_hazard_or_wetland,100.0,,,,,False,False
678592,RS15,6.91,1261,566,0.422,ladder,2,6,1,160,95,55,4,2,23.0,5.0,31.1,30.2,0.87,both,,0.2,0,0,0,1271,False,False
678596,AR2A,49.39,2499,1483,0.581,grid,3,6,0,410,215,175,7,8,17.6,0.0,24.7,24.1,0.12,start,,0.2,0,0,0,2509,False,False
678597,R10,67.76,,,0.507,,,0,,,,,,,,,,,,,parcel_mostly_in_flood_hazard_or_wetland,99.6,,,,,False,False
678609,RS10,9.52,,,0.722,,,0,,,,,,,,,,,,,parcel_mostly_in_flood_hazard_or_wetland,99.3,,,,,False,False
678616,AR2A,31.68,3280,850,0.495,ladder,2,2,0,475,185,145,7,3,21.6,0.0,12.7,36.1,0.06,start,,13.5,535,0,0,3290,False,False
678621,RS20,10.97,,,0.446,,,0,,,,,,,,,,,,,parcel_mostly_in_flood_hazard_or_wetland,96.8,,,,,False,False
678623,AR2A,27.23,1859,935,0.682,ladder,2,0,0,425,205,165,5,2,17.9,0.0,0.0,60.3,0.0,start,,8.4,92,136,33378,1869,True,False
678630,RS20,8.19,,,0.811,,,0,,,,,,,,,,,,,parcel_too_narrow_for_a_street_and_a_lot,,,,,,False,False
678637,AR2A,40.64,2402,855,0.863,ladder,2,0,0,475,185,145,6,1,18.8,0.0,0.0,75.4,0.0,both,,1.2,0,0,0,2412,False,False
678640,R15,3.74,1502,237,0.457,spine,1,1,0,170,90,50,1,0,28.3,0.0,9.3,23.6,0.27,start,,40.7,10,11,7833,1289,True,False
678649,RS10,2.69,782,253,0.592,spine,1,0,0,135,75,35,1,0,0.0,0.0,0.0,58.8,0.0,end,,41.2,0,501,61166,226,True,True
678659,RS10,8.08,,,0.608,,,0,,,,,,,,,,,,,parcel_mostly_in_flood_hazard_or_wetland,91.3,,,,,False,False
678660,RS10,2.11,899,273,0.375,spine,1,0,0,120,85,45,1,0,13.3,0.0,0.0,31.7,0.0,end,,55.0,0,83,12233,246,True,True
678662,RS7.5,2.02,483,195,0.937,single_loaded,1,5,0,75,105,65,1,1,27.5,0.0,59.0,1.6,2.47,start,,0.0,0,0,0,493,False,False
678682,AR2A,40.29,2422,1074,0.675,ladder,2,4,2,400,220,180,5,4,14.3,0.0,22.6,35.2,0.1,end,,7.8,102,166,18849,2220,True,True
678720,R10,5.56,624,520,0.746,ladder,2,8,0,120,85,45,3,1,27.5,6.2,34.5,27.3,1.44,end,,0.0,0,0,0,634,False,False
678727,RS15,5.23,1216,220,0.852,single_loaded,1,7,0,100,150,110,1,2,19.4,0.0,50.5,15.7,1.34,end,,0.0,0,0,0,1169,False,False
678728,R15,56.53,,,0.598,,,0,,,,,,,,,,,,,parcel_mostly_in_flood_hazard_or_wetland,99.3,,,,,False,False
678741,AR2A,21.9,1570,1169,0.52,ladder,2,1,0,400,220,180,4,4,13.5,0.0,10.9,33.6,0.05,start,,2.1,0,0,0,1580,False,False
678742,RS15,3.11,,,0.12,,,0,,,,,,,,,,,,,parcel_mostly_in_flood_hazard_or_wetland,99.1,,,,,False,False
678749,AR2A,27.42,1958,1099,0.555,grid,3,0,0,565,155,115,6,0,23.8,0.0,0.0,76.2,0.0,both,,0.0,0,0,0,1968,False,False
678754,RS40,35.6,1330,1268,0.92,grid,4,10,0,310,130,90,6,8,23.0,0.0,26.0,26.1,0.28,start,,4.3,0,184,35109,1340,True,True
678760,AR2A,42.29,2737,1711,0.393,grid,4,1,0,475,185,145,8,7,20.5,0.0,4.5,42.3,0.02,both,,0.0,0,0,0,2747,False,False
678771,AR2A,88.26,2781,1721,0.803,grid,4,9,0,475,185,145,9,12,19.7,0.0,20.7,26.8,0.1,end,,6.0,382,156,58,2791,True,True
678777,AR2A,19.95,,,0.45,,,0,,,,,,,,,,,,,parcel_mostly_in_flood_hazard_or_wetland,89.0,,,,,False,False
678788,AR2A,50.33,2629,1049,0.795,ladder,2,8,0,400,220,180,6,4,16.2,0.0,33.0,30.5,0.16,start,,4.0,246,0,0,2639,False,False
678790,RS15,8.8,1589,897,0.269,ladder,2,4,1,100,150,110,3,1,14.2,2.1,16.0,63.7,0.45,start,,0.0,0,0,0,1599,False,False
678793,RS15,4.39,696,507,0.543,spine,1,5,1,100,150,110,1,2,14.3,5.4,48.1,12.3,1.14,both,,0.0,0,0,0,706,False,False
678797,RS15,3.29,688,226,0.92,single_loaded,1,3,0,100,150,110,1,0,18.8,0.0,35.0,24.9,0.91,end,,21.3,0,138,5647,463,True,True
678801,R20,29.31,2145,1051,0.566,grid,3,20,0,155,130,90,6,10,20.2,5.0,32.4,22.4,0.68,end,,4.4,88,193,90968,2155,True,False
678803,RS10,3.67,585,421,0.65,spine,1,7,5,85,120,80,1,0,19.6,1.3,51.3,24.7,1.91,end,,3.1,0,6,2043,524,True,True
678821,RS15,4.14,632,539,0.529,spine,1,0,0,100,150,110,1,0,0.0,0.0,0.0,32.3,0.0,end,,67.7,0,403,52698,157,True,True
678825,RS10,3.23,443,442,0.718,spine,1,5,1,85,120,80,1,2,15.6,3.1,45.2,17.7,1.55,end,,0.0,0,0,0,453,False,False
678834,AR2A,58.94,2634,1801,0.541,grid,4,4,0,450,195,155,8,6,19.4,0.0,13.7,45.0,0.07,end,,1.5,0,195,72583,2644,True,False
678836,R10,4.95,1052,280,0.732,spine,1,7,0,115,90,50,1,3,25.1,9.2,34.1,16.8,1.42,end,,0.0,0,0,0,985,False,False
678840,RS20,110.27,4695,2096,0.488,grid,5,91,0,120,170,130,12,22,20.9,3.5,38.4,23.1,0.83,both,,5.6,678,0,0,4705,False,False
678847,RS15,4.25,1050,177,0.994,single_loaded,1,5,0,125,120,80,1,1,28.1,0.0,41.1,10.6,1.18,end,,11.9,0,108,743,882,True,True
678850,R20,11.14,1900,461,0.554,spine,1,10,0,115,175,135,1,3,14.4,2.5,43.1,27.0,0.9,start,,0.0,0,0,0,1833,False,False
678875,R20,25.56,1438,1182,0.655,grid,3,20,0,130,155,115,5,7,21.1,3.2,36.0,26.9,0.78,end,,0.0,0,0,0,1448,False,False
678879,RS20,6.88,1172,306,0.835,spine,1,4,0,195,105,65,1,3,21.4,4.1,27.5,26.5,0.58,both,,0.0,0,0,0,1182,False,False
678882,AR2A,26.05,1687,975,0.69,ladder,2,2,0,410,215,175,4,2,15.9,0.0,15.4,43.2,0.08,both,,11.0,232,0,0,1697,False,False
678891,R10,11.72,1075,658,0.723,ladder,2,24,0,85,120,80,3,4,22.4,4.9,48.3,16.3,2.05,both,,0.0,0,0,0,1085,False,False
678896,R20,6.47,1326,241,0.882,single_loaded,1,8,0,115,175,135,1,2,15.1,0.0,60.6,9.2,1.24,both,,0.0,0,0,0,1336,False,False
678908,RS10,5.97,,,0.587,,,0,,,,,,,,,,,,,parcel_mostly_in_flood_hazard_or_wetland,100.0,,,,,False,False
678916,AR2A,25.9,1668,1205,0.561,grid,3,0,0,515,170,130,5,0,21.6,0.0,0.0,76.7,0.0,start,,1.7,0,28,5234,1678,True,False
678926,R15,4.85,1222,186,0.928,single_loaded,1,7,0,120,130,90,1,1,25.2,0.0,52.0,8.0,1.44,end,,10.6,125,0,0,1175,False,False
678938,R10,2.32,382,353,0.749,spine,1,4,0,85,120,80,1,1,20.3,7.1,42.9,18.8,1.73,end,,0.0,0,0,0,392,False,False
678953,R10,5.56,1048,351,0.657,spine,1,10,0,85,120,80,1,2,18.7,7.5,44.8,19.9,1.8,start,,0.0,0,0,0,981,False,False
678955,RS15,10.8,1355,552,0.629,ladder,2,10,0,160,95,55,4,2,23.1,5.0,32.3,28.2,0.93,start,,4.8,0,206,28056,1365,True,False
678961,R20,26.08,1447,1138,0.69,grid,3,19,0,140,145,105,5,5,19.8,3.6,34.3,27.2,0.73,start,,7.2,196,27,7018,1457,True,True
678964,RS20,29.0,1572,1452,0.554,grid,3,29,2,115,175,135,6,8,19.4,3.6,47.3,16.7,1.0,side,,0.0,0,0,0,1582,False,False
678968,RS10,4.74,1342,645,0.238,ladder,2,3,0,90,115,75,4,0,27.4,2.6,14.7,45.4,0.63,start,,16.6,194,0,0,1352,False,False
678973,R25,26.81,1347,1233,0.703,grid,3,14,1,160,160,110,5,7,16.1,3.3,30.6,26.0,0.52,start,,8.3,0,272,115368,1357,True,False
679008,RS80,145.57,3512,2710,0.666,grid,7,5,0,485,165,125,12,33,20.5,0.0,6.3,28.3,0.03,end,,4.1,561,613,256011,3522,True,False
679009,R20,5.07,701,455,0.691,spine,1,3,0,115,175,135,1,1,17.0,1.3,28.0,44.6,0.59,both,,0.0,0,0,0,711,False,False
679017,RS10,4.43,765,502,0.504,ladder,2,9,0,125,80,40,3,1,24.9,10.0,48.4,11.1,2.03,both,,0.0,0,0,0,775,False,False
679018,RS15,3.97,769,452,0.498,spine,1,1,1,100,150,110,1,0,15.6,0.2,9.5,18.6,0.25,end,,58.9,33,0,0,702,False,False
679019,R15,11.46,1310,628,0.607,ladder,2,0,0,140,110,70,2,0,0.0,0.0,0.0,33.8,0.0,end,,66.2,0,1085,169004,332,True,False
679042,AR2A,18.33,2836,412,0.683,spine,1,1,0,500,175,135,1,5,16.3,0.0,11.1,18.2,0.05,both,,0.0,0,0,0,2846,False,False
679048,RS7.5,19.67,1123,1087,0.702,grid,4,50,0,80,95,55,5,12,25.5,5.8,44.4,13.5,2.54,both,,0.0,0,0,0,1133,False,False
679058,RS5,5.27,796,408,0.707,spine,1,14,3,60,90,50,1,2,16.9,7.4,45.6,14.1,2.66,end,,10.7,98,0,0,729,False,False
679103,RS20,5.69,2103,184,0.64,single_loaded,1,5,0,160,125,85,1,1,9.8,0.0,41.4,26.3,0.88,start,,14.2,0,0,0,2056,False,False
679111,R10,19.26,,,0.625,,,0,,,,,,,,,,,,,parcel_mostly_in_flood_hazard_or_wetland,98.8,,,,,False,False
679117,R15,4.16,605,412,0.727,spine,1,3,0,100,150,110,1,1,14.0,3.1,25.8,35.7,0.72,end,,13.3,0,78,9676,453,True,True
679146,R10,5.47,1533,327,0.475,spine,1,1,0,90,115,75,1,0,20.3,0.3,4.3,46.4,0.18,end,,39.7,434,91,22021,1245,True,False
679160,AR2A,51.41,2482,1006,0.897,ladder,2,5,0,400,220,180,6,9,14.7,0.0,19.8,20.0,0.1,both,,10.0,0,0,0,2492,False,False
679169,R15,5.45,1284,260,0.711,spine,1,6,0,150,100,60,1,1,26.4,0.0,38.8,19.2,1.1,end,,11.7,107,0,0,1237,False,False
679171,R20,19.12,2101,606,0.654,ladder,2,13,0,195,105,65,4,2,23.0,4.2,32.1,32.3,0.68,end,,3.4,0,505,59097,2111,True,True
679173,RS15,24.06,1765,1238,0.48,grid,3,13,1,100,150,110,5,6,17.5,2.5,18.5,47.9,0.54,side,,8.4,0,890,243427,1775,True,False
679175,AR2A,54.35,3924,1035,0.583,ladder,2,10,0,400,220,180,7,7,14.3,0.0,38.6,19.2,0.18,both,,0.0,0,0,0,3934,False,False
679182,R20,6.83,1392,680,0.315,ladder,2,2,0,160,125,85,4,1,20.0,1.6,13.6,58.3,0.29,start,,0.0,0,0,0,1402,False,False
679184,AR2A,42.06,2065,2001,0.444,grid,4,6,0,400,220,180,7,7,14.4,0.0,28.9,22.4,0.14,start,,0.4,0,0,0,2075,False,False
679189,R20,185.39,3969,3336,0.61,grid,7,168,2,115,175,135,13,50,18.8,3.6,43.1,18.5,0.91,start,,3.5,182,226,339848,3979,True,True
679197,RS40,29.06,1600,923,0.857,ladder,2,13,0,200,200,160,4,9,16.3,0.0,41.7,13.6,0.45,end,,0.0,0,0,0,1610,False,False
679199,R80,25.4,1956,884,0.64,ladder,2,1,0,425,190,150,5,4,19.0,0.0,7.3,45.0,0.04,both,,0.0,0,0,0,1966,False,False
679200,RS15,15.47,1401,517,0.93,spine,1,22,1,100,150,110,1,4,11.4,6.0,61.7,9.6,1.42,both,,0.0,0,0,0,1411,False,False
679201,R40,11.98,2047,453,0.562,spine,1,5,0,210,195,155,1,2,12.1,0.0,39.7,32.2,0.42,both,,0.0,0,0,0,2057,False,False
679202,R10,35.0,2166,1254,0.561,grid,4,52,0,90,115,75,7,14,23.5,4.6,35.2,20.1,1.49,end,,7.3,0,286,6593,2176,True,True
679203,RS10,4.01,842,469,0.443,ladder,2,4,1,145,70,30,3,2,27.8,5.2,23.9,30.8,1.0,end,,0.0,0,0,0,852,False,False
679215,R6,6.44,670,447,0.936,spine,1,0,0,65,95,55,1,0,0.0,0.0,0.0,21.8,0.0,end,,78.2,0,644,61088,-41,True,False
679221,RS10,2.44,586,295,0.615,spine,1,3,0,100,100,60,1,2,19.7,7.7,28.2,21.5,1.23,both,,4.9,0,0,0,596,False,False
679226,RS10,5.8,882,316,0.905,spine,1,8,0,95,110,70,1,1,17.2,6.5,33.1,31.4,1.38,end,,7.6,0,29,19462,710,True,True
679227,R10,5.3,1777,197,0.659,spine,1,0,0,145,70,30,1,0,2.1,0.0,0.0,57.4,0.0,end,,40.5,0,445,131586,123,True,False
679234,R8,3.42,935,279,0.571,spine,1,0,0,90,90,50,1,0,12.8,0.0,0.0,13.7,0.0,end,,73.5,0,500,4891,365,True,False
679241,R15,5.8,1372,194,0.95,single_loaded,1,8,0,115,135,95,1,2,26.8,0.0,50.4,5.2,1.38,end,,6.8,91,0,0,1325,False,False
679256,R20,6.02,1147,297,0.771,spine,1,4,0,170,120,80,1,1,19.8,0.0,31.3,21.6,0.66,both,,27.5,233,0,0,1157,False,False
679265,RS15,5.94,1515,197,0.867,single_loaded,1,9,0,110,140,100,1,2,26.1,0.0,54.3,7.6,1.51,end,,0.0,0,0,0,1468,False,False
679273,R15,5.51,1246,205,0.942,single_loaded,1,9,0,105,145,105,1,1,23.5,0.0,58.6,3.3,1.63,end,,10.7,126,0,0,1199,False,False
679275,R10,17.97,2789,443,0.633,spine,1,27,18,85,120,80,2,2,18.4,1.1,42.6,23.4,1.5,side,,11.2,0,224,16952,2304,True,False
679295,RS15,3.36,,,0.311,,,0,,,,,,,,,,,,,parcel_mostly_in_flood_hazard_or_wetland,100.0,,,,,False,False
679300,RS10,3.14,555,286,0.861,spine,1,5,0,110,95,55,1,2,22.0,10.7,38.4,14.1,1.59,both,,0.0,0,0,0,565,False,False
679303,AR2A,24.03,1183,1047,0.845,ladder,2,1,0,400,220,180,3,5,12.6,0.0,9.4,32.4,0.04,end,,2.7,0,91,55329,1193,True,False
679311,R20,87.66,3974,1395,0.689,grid,3,88,17,115,175,135,9,24,18.0,3.1,48.6,16.4,1.0,end,,1.2,295,0,0,3984,False,False
679319,R10,3.41,1091,399,0.342,spine,1,0,0,85,120,80,1,0,4.8,0.0,0.0,30.9,0.0,end,,64.3,0,263,8892,670,True,True
679324,RS20,7.38,1340,777,0.309,ladder,2,4,0,135,150,110,3,2,13.8,4.2,25.0,42.8,0.54,both,,2.1,0,0,0,1350,False,False
679325,RS10,29.4,2062,1813,0.343,grid,5,51,1,85,120,80,8,7,19.8,5.0,46.2,22.7,1.73,start,,0.3,0,0,0,2072,False,False
679331,R6,9.75,,,0.163,,,0,,,,,,,,,,,,,parcel_mostly_in_flood_hazard_or_wetland,99.9,,,,,False,False
679334,AR2A,20.06,1422,876,0.701,ladder,2,0,0,460,190,150,4,0,19.6,0.0,0.0,78.7,0.0,end,,3.0,132,0,0,1432,False,False
679343,R20,4.48,,,0.924,,,0,,,,,,,,,,,,,parcel_too_narrow_for_a_street_and_a_lot,,,,,,False,False
679349,R10,2.59,750,283,0.531,spine,1,0,0,115,90,50,1,0,0.0,0.0,0.0,41.9,0.0,start,,58.1,0,210,45116,20,True,False
679352,R15,29.0,1527,1114,0.742,grid,3,39,2,110,140,100,5,10,22.1,4.4,48.5,12.6,1.34,end,,0.0,0,0,0,1537,False,False
679354,RS80,20.43,2814,489,0.647,spine,1,1,0,375,215,175,1,0,9.7,0.0,8.8,32.6,0.05,end,,49.8,153,762,5055,1974,True,False
679359,AR2A,92.26,2679,2597,0.578,grid,5,5,0,400,220,180,9,4,8.3,0.0,11.6,25.8,0.05,start,,48.0,1965,1983,658654,2689,True,False
679362,RS20,4.78,578,413,0.872,spine,1,4,0,130,155,115,1,2,15.1,5.7,39.1,21.2,0.84,end,,0.0,0,0,0,588,False,False
679367,AR2A,58.97,4736,1349,0.402,grid,3,0,0,450,195,155,10,11,19.8,0.0,0.0,41.5,0.0,start,,2.8,87,0,0,4746,False,True
679380,RS10,10.12,1397,777,0.406,ladder,2,12,1,85,120,80,3,3,13.1,4.8,33.7,39.7,1.19,start,,0.3,0,0,0,1407,False,False
679390,R10,2.89,852,345,0.428,spine,1,0,0,85,120,80,1,0,28.0,0.0,0.0,28.2,0.0,start,,44.8,0,0,0,785,False,False
679399,R10,3.02,1208,193,0.564,single_loaded,1,0,0,85,120,80,1,0,20.7,0.0,0.0,31.1,0.0,start,,49.4,0,0,0,1161,False,False
679408,RS20,42.07,1950,1282,0.733,grid,3,37,1,120,170,130,6,10,18.2,3.3,41.5,20.0,0.88,end,,6.2,157,201,31558,1758,True,True
679411,AR2A,46.17,3114,1130,0.571,ladder,2,4,0,400,220,180,7,7,14.5,0.0,18.3,31.9,0.09,end,,1.4,0,0,0,3124,False,False
679417,R6,4.48,679,493,0.583,ladder,2,17,0,75,80,40,3,1,24.9,8.2,52.7,11.1,3.79,both,,0.0,0,0,0,689,False,False
679418,RS10,2.43,615,238,0.722,spine,1,0,0,145,70,30,1,0,4.1,0.0,0.0,57.2,0.0,start,,40.1,0,165,58085,129,True,False
679421,AR2A,24.64,1286,984,0.849,ladder,2,1,0,410,215,175,4,2,17.4,0.0,8.2,53.8,0.04,start,,5.4,0,11,5585,1296,True,True
679430,AR2A,54.46,3779,947,0.663,ladder,2,7,0,425,205,165,8,5,19.5,0.0,25.7,36.2,0.13,start,,0.7,114,0,0,3789,False,False
679436,R15,10.65,1389,805,0.415,ladder,2,4,1,100,150,110,2,1,4.4,1.2,12.9,11.1,0.38,end,,67.3,0,723,14128,1399,True,False
679441,AR2A,29.14,2530,979,0.513,ladder,2,4,0,410,215,175,6,2,20.1,0.0,27.8,38.7,0.14,both,,0.0,0,0,0,2540,False,False
679446,AR2A,23.77,1539,854,0.788,ladder,2,2,0,475,185,145,4,2,19.1,0.0,17.0,47.0,0.08,both,,0.0,0,0,0,1549,False,False
679466,R6,3.29,567,349,0.725,spine,1,9,2,65,95,55,1,1,20.0,7.2,49.9,17.1,2.74,both,,0.0,0,0,0,577,False,False
679477,AR2A,97.92,3411,2684,0.466,grid,5,3,1,400,220,180,10,21,16.8,0.0,6.7,30.4,0.03,end,,2.4,0,141,68628,3421,True,False
679481,RS20,6.37,966,615,0.467,ladder,2,0,0,185,110,70,3,0,22.9,0.0,0.0,35.2,0.0,both,,48.6,303,0,0,976,False,False
679484,AR2A,35.9,1851,1301,0.649,grid,3,1,0,475,185,145,6,2,18.5,0.0,6.0,63.6,0.03,start,,0.0,0,0,0,1861,False,False
679498,RS10,2.44,869,360,0.339,spine,1,0,0,85,120,80,1,0,21.9,0.0,0.0,78.1,0.0,both,,0.0,0,0,0,879,False,False
679501,AR2A,28.06,1530,1208,0.661,ladder,2,2,1,400,220,180,4,6,13.8,0.0,16.0,22.2,0.07,start,,2.8,34,0,0,1540,False,True
679504,RS10,9.49,2751,468,0.321,ladder,2,0,0,145,70,30,2,0,5.3,0.0,0.0,25.3,0.0,start,,69.5,0,582,73326,1562,True,False
679506,R10,22.99,2182,699,0.656,ladder,2,7,1,85,120,80,3,1,14.4,1.1,7.3,25.6,0.3,side,,61.1,59,2906,213041,2192,True,False
679509,RS40,21.19,1346,1159,0.591,ladder,2,9,0,185,220,180,4,4,14.8,0.0,43.6,22.4,0.42,end,,0.0,0,0,0,1356,False,False
679528,AR2A,38.1,2004,1118,0.741,ladder,2,2,0,400,220,180,3,2,8.6,0.0,11.3,25.8,0.05,end,,45.6,547,826,99858,2014,True,True
679531,AR2A,25.75,2792,892,0.45,ladder,2,0,0,450,195,155,6,3,15.8,0.0,0.0,61.0,0.0,both,,0.0,0,0,0,2802,False,False
679538,RS20,4.96,707,442,0.692,spine,1,3,0,120,170,130,1,0,11.4,2.4,28.6,45.5,0.6,start,,12.1,0,76,44437,413,True,False
679540,RS40,31.17,1534,1162,0.762,grid,3,12,0,245,165,125,5,3,19.8,0.0,35.6,33.8,0.38,start,,2.4,140,0,0,1544,False,False
679541,AR2A,55.06,2478,1455,0.665,grid,3,6,0,415,210,170,7,10,18.8,0.0,22.1,21.8,0.11,both,,0.9,0,0,0,2488,False,False
679545,RS80,24.47,2683,987,0.403,ladder,2,1,0,375,215,175,5,2,15.6,0.0,7.5,54.6,0.04,start,,7.5,0,264,75463,2693,True,True
679557,AR2A,20.04,1191,1095,0.67,grid,3,0,0,585,150,110,5,1,22.4,0.0,0.0,66.6,0.0,both,,0.0,0,0,0,1201,False,False
679561,AR2A,95.24,3043,2704,0.504,grid,5,10,1,400,220,180,10,13,18.9,0.0,21.2,29.9,0.1,start,,3.3,432,0,0,3053,False,True
679562,AR2A,25.24,1877,978,0.599,ladder,2,1,0,410,215,175,5,5,18.9,0.0,8.0,31.6,0.04,start,,2.8,0,0,0,1887,False,False
679570,RS40,9.92,1839,602,0.39,spine,1,4,0,185,220,180,1,0,7.4,0.0,43.9,34.9,0.4,start,,13.8,0,86,26134,1634,True,False
679591,AR2A,22.7,1910,1191,0.435,grid,3,1,0,515,170,130,6,1,16.4,0.0,9.0,48.4,0.04,start,,17.9,78,403,15879,1920,True,True
679593,RS15,3.28,446,338,0.95,spine,1,4,0,125,120,80,1,2,16.5,9.2,41.9,11.2,1.22,both,,0.0,0,0,0,456,False,False
679604,RS10,6.87,1420,638,0.33,ladder,2,6,1,90,115,75,4,2,27.4,3.0,20.5,42.5,0.87,both,,0.0,0,0,0,1430,False,False
679609,RS40,11.93,1198,643,0.675,spine,1,6,3,185,220,180,1,2,10.4,0.0,51.2,20.0,0.5,both,,0.0,0,0,0,1208,False,False
679612,R10,2.22,,,0.796,,,0,,,,,,,,,,,,,parcel_mostly_in_flood_hazard_or_wetland,93.3,,,,,False,False
679617,RS15,3.27,789,326,0.554,spine,1,4,0,135,115,75,1,1,17.3,8.1,43.5,20.4,1.22,end,,0.0,0,0,0,722,False,False
679629,R10,10.11,1142,392,0.984,spine,1,22,0,85,120,80,1,4,14.2,8.9,62.9,2.5,2.18,both,,0.0,0,0,0,1152,False,False
679631,RS10,14.69,1651,619,0.627,ladder,2,27,2,95,110,70,4,6,24.7,5.5,44.5,15.6,1.84,end,,0.0,0,0,0,1661,False,False
679644,R20,5.71,1665,490,0.305,spine,1,4,2,115,175,135,1,1,14.3,0.6,34.0,40.6,0.7,end,,2.1,0,0,0,1598,False,False
679647,R40,40.83,2422,1024,0.717,ladder,2,14,2,185,220,180,7,6,20.2,0.0,31.8,32.3,0.34,side,,2.2,0,0,0,2432,False,False
679657,R20,8.97,1487,705,0.372,ladder,2,4,0,155,130,90,4,3,26.2,3.1,20.4,35.1,0.45,both,,0.0,0,0,0,1497,False,False
679660,R20,87.03,2628,1960,0.736,grid,5,88,0,130,155,115,9,14,20.5,4.4,47.0,18.1,1.01,start,,3.2,317,0,0,2638,False,False
679664,RS10,3.15,713,494,0.389,ladder,2,3,0,125,80,40,3,0,21.7,5.1,22.2,35.3,0.95,start,,20.0,91,0,0,723,False,True
679677,RS20,5.22,685,622,0.533,ladder,2,1,0,185,110,70,3,0,26.1,1.2,8.7,45.7,0.19,end,,26.5,169,0,0,695,False,True
679680,AR2A,24.76,1416,1395,0.546,grid,3,1,0,440,200,160,5,2,17.4,0.0,8.8,55.6,0.04,start,,1.0,0,0,0,1426,False,False
679692,RS15,3.64,1055,352,0.428,spine,1,2,0,120,125,85,1,1,24.0,1.2,19.2,46.4,0.55,both,,0.0,0,0,0,1065,False,False
679698,RS40,21.83,2140,808,0.55,ladder,2,5,0,240,170,130,5,6,20.1,0.0,21.4,32.2,0.23,end,,1.2,0,0,0,2150,False,False
679703,R20,12.56,1008,635,0.854,ladder,2,8,0,175,115,75,3,5,21.0,4.5,29.7,26.9,0.64,both,,0.0,0,0,0,1018,False,False
679721,R15,27.87,2242,977,0.554,grid,3,21,0,125,120,80,5,5,19.3,3.6,25.7,23.9,0.75,end,,23.2,355,549,67367,2252,True,True
679728,R20,48.38,3036,1308,0.53,grid,3,36,0,115,175,135,8,8,20.7,2.9,34.3,32.2,0.74,end,,2.6,0,70,16459,3046,True,True
679731,R15,3.96,813,468,0.454,spine,1,3,1,100,150,110,1,1,15.6,1.7,30.1,41.8,0.76,both,,0.0,0,0,0,823,False,False
679732,AR2A,63.16,2841,1317,0.735,grid,3,3,0,460,190,150,7,16,18.1,0.0,9.5,21.6,0.05,both,,0.0,0,0,0,2851,False,False
679752,R20,6.17,798,502,0.672,spine,1,5,2,115,175,135,1,1,14.2,2.7,41.6,25.1,0.81,start,,7.7,0,0,0,731,False,False
679758,RS40,22.94,1596,691,0.906,ladder,2,7,0,280,145,105,4,2,19.9,0.0,28.1,42.9,0.31,end,,2.4,168,0,0,1606,False,False
679769,AR2A,32.57,2193,1152,0.561,grid,3,1,0,545,160,120,6,2,19.9,0.0,6.7,58.6,0.03,end,,1.5,0,88,23231,2203,True,True
679770,RS20,21.56,2304,650,0.627,ladder,2,14,0,175,115,75,5,12,19.6,6.7,32.0,15.6,0.65,both,,0.0,0,0,0,2314,False,False
679771,AR2A,20.67,3026,300,0.994,single_loaded,1,2,0,400,220,180,1,5,18.1,0.0,21.7,3.1,0.1,end,,3.3,54,0,0,2979,False,False
679783,RS15,4.92,934,234,0.982,single_loaded,1,7,0,100,150,110,1,1,22.7,0.0,58.1,10.9,1.42,end,,0.0,0,0,0,887,False,False
679789,R40,49.71,1790,1521,0.795,grid,3,17,2,185,220,180,5,13,15.7,0.0,32.5,25.6,0.34,both,,1.7,0,0,0,1800,False,False
679800,AR2A,45.29,2502,1626,0.485,grid,4,0,0,500,175,135,10,3,21.5,0.0,0.0,56.0,0.0,start,,10.5,350,213,14205,2286,True,False
679803,RS20,12.37,1512,506,0.704,spine,1,12,1,115,175,135,1,2,13.4,4.8,51.9,21.1,0.97,both,,0.0,0,0,0,1522,False,False
679810,RS15,26.2,2935,1613,0.241,grid,4,25,2,100,150,110,8,8,20.8,3.3,33.2,32.2,0.95,both,,0.0,0,0,0,2945,False,False
679815,R15,25.68,2172,891,0.578,ladder,2,32,3,100,150,110,5,6,15.9,4.7,47.7,22.7,1.25,end,,0.0,0,0,0,2182,False,False
679820,R15,10.53,1134,615,0.657,ladder,2,7,0,140,110,70,3,4,20.3,3.6,23.5,30.8,0.66,start,,8.4,0,158,19666,1144,True,True
679830,RS40,18.91,2825,490,0.595,spine,1,3,0,190,215,175,1,0,6.0,0.0,14.4,23.6,0.16,start,,56.0,0,1003,25464,1718,True,False
679834,AR2A,31.94,1914,1052,0.691,grid,3,1,0,605,145,105,6,3,20.2,0.0,6.0,49.7,0.03,start,,4.0,0,276,58736,1924,True,False
679839,R40,12.64,1457,517,0.73,spine,1,2,2,185,220,180,1,1,13.4,0.0,14.6,64.8,0.16,both,,0.0,0,0,0,1467,False,False
679852,R10,5.95,631,414,0.991,spine,1,12,0,85,120,80,1,2,13.3,8.7,62.8,4.7,2.02,both,,0.0,0,0,0,641,False,False
679867,RS20,5.45,,,0.195,,,0,,,,,,,,,,,,,parcel_mostly_in_flood_hazard_or_wetland,98.4,,,,,False,False
679890,AR2A,20.85,1171,1160,0.669,grid,3,0,0,530,165,125,4,3,17.7,0.0,0.0,40.4,0.0,end,,16.3,495,147,56362,1181,True,False
679891,R10,4.45,1147,444,0.381,spine,1,0,0,85,120,80,1,0,0.0,0.0,0.0,17.9,0.0,start,,82.1,0,199,33091,484,True,False
679892,RS10,12.05,,,0.443,,,0,,,,,,,,,,,,,parcel_mostly_in_flood_hazard_or_wetland,94.8,,,,,False,False
679897,RS80,147.66,4284,2200,0.683,grid,5,18,0,425,190,150,12,26,20.3,0.0,22.5,23.2,0.12,end,,1.9,175,0,0,4294,False,False
679902,RS20,5.9,705,372,0.98,spine,1,6,0,150,135,95,1,2,14.8,9.0,48.2,11.7,1.02,both,,0.0,0,0,0,715,False,False
679912,AR2A,66.03,2171,1843,0.719,grid,3,5,0,400,220,180,6,12,15.4,0.0,16.4,29.6,0.08,end,,0.5,97,0,0,2181,False,False
679918,R20,20.42,1891,708,0.665,ladder,2,12,2,155,130,90,5,4,20.7,2.8,28.0,28.5,0.59,both,,12.2,0,0,0,1901,False,False
679919,AR2A,68.35,2290,1994,0.652,grid,4,8,0,400,220,180,7,12,16.5,0.0,23.8,24.3,0.12,both,,0.0,0,0,0,2300,False,False
679920,RS15,5.16,1158,200,0.97,single_loaded,1,8,0,105,145,105,1,2,27.2,0.0,53.9,4.5,1.55,end,,1.2,9,0,0,1111,False,False
679921,RS15,3.25,931,568,0.267,ladder,2,2,0,160,95,55,3,1,21.0,6.8,23.5,37.2,0.62,start,,0.0,0,0,0,941,False,False
679924,R15,18.08,2382,1125,0.294,grid,3,21,0,105,145,105,6,5,15.5,4.1,41.3,28.4,1.16,start,,1.1,0,29,28921,2392,True,False
679925,R15,11.17,1960,797,0.311,ladder,2,3,1,100,150,110,5,1,19.5,0.7,9.4,60.2,0.27,start,,7.4,0,94,13936,1970,True,True
679929,R10,2.25,567,245,0.705,spine,1,0,0,145,70,30,1,0,1.1,0.0,0.0,36.8,0.0,start,,63.2,68,100,35485,31,True,False
679933,RS10,3.66,791,513,0.393,ladder,2,5,0,120,85,45,4,0,32.7,4.3,32.0,31.0,1.36,side,,0.0,0,0,0,801,False,False
679935,R10,4.17,846,521,0.413,ladder,2,0,0,120,85,45,3,1,14.8,1.3,0.0,51.6,0.0,side,,29.7,0,412,64425,856,True,False
679938,RS15,4.75,607,441,0.774,spine,1,6,0,100,150,110,1,2,14.5,7.1,49.9,12.0,1.26,end,,0.0,0,0,0,617,False,False
679942,RS20,13.55,1443,1195,0.342,grid,3,5,0,130,155,115,5,2,22.3,2.4,17.0,51.7,0.37,both,,0.0,0,0,0,1453,False,False
679943,AR2A,35.69,1984,1101,0.711,grid,3,0,0,565,155,115,6,3,21.0,0.0,0.0,54.0,0.0,end,,9.4,287,0,0,1994,False,False
679947,R15,18.72,3133,1010,0.258,grid,3,6,0,120,125,85,8,1,24.5,1.7,11.4,18.4,0.32,both,,53.8,1045,0,0,3143,False,False
679956,AR2A,84.23,3957,1442,0.643,grid,3,10,0,415,210,170,9,14,17.9,0.0,23.7,24.4,0.12,start,,0.8,106,0,0,3967,False,False
679962,R10,24.84,1776,1490,0.409,grid,4,45,1,85,120,80,6,11,15.5,7.1,48.2,17.9,1.81,both,,0.0,0,0,0,1786,False,False
679965,RS7.5,2.2,654,402,0.364,spine,1,3,1,75,105,65,1,0,8.1,4.7,33.1,54.1,1.37,start,,0.0,0,0,0,664,False,False
679977,AR2A,69.75,2189,1964,0.707,grid,4,7,0,410,215,175,8,10,19.1,0.0,20.4,29.4,0.1,start,,2.4,0,124,26516,2122,True,True
679981,RS15,7.84,1020,359,0.934,spine,1,9,0,120,130,90,1,0,16.8,5.6,41.2,24.1,1.15,end,,14.6,142,0,0,953,False,True
680005,RS7.5,8.12,1031,479,0.718,ladder,2,17,0,100,75,35,3,5,28.0,6.3,36.4,18.5,2.09,both,,0.0,0,0,0,1041,False,False
680010,AR2A,68.26,4308,1321,0.523,grid,3,8,0,460,190,150,10,10,20.6,0.0,23.5,26.2,0.12,end,,1.1,0,7,30743,4318,True,True
680014,RS10,5.78,1128,431,0.518,spine,1,10,5,85,120,80,1,1,17.1,1.7,49.2,26.9,1.73,end,,0.0,0,0,0,1061,False,False
680024,RS7.5,5.14,,,0.629,,,0,,,,,,,,,,,,,parcel_mostly_in_flood_hazard_or_wetland,92.3,,,,,False,False
680028,RS7.5,3.17,1050,467,0.282,ladder,2,1,0,110,70,30,3,0,13.3,1.2,5.5,41.7,0.32,side,,40.8,0,187,16211,1060,True,False
680030,R6,3.95,564,453,0.673,ladder,2,4,0,90,70,30,3,1,24.7,4.8,15.0,29.0,1.01,start,,22.7,0,84,13026,574,True,False
680035,AR2A,37.46,2200,1868,0.397,grid,4,1,0,425,205,165,7,1,19.5,0.0,5.3,63.9,0.03,end,,7.4,92,90,34368,2210,True,False
680039,RS40,12.06,1187,702,0.63,ladder,2,2,0,280,145,105,3,5,18.7,0.0,15.8,27.7,0.17,both,,0.0,0,0,0,1197,False,False
680043,RS10,3.93,543,397,0.795,spine,1,7,2,85,120,80,1,1,15.4,5.0,49.9,22.1,1.78,both,,0.0,0,0,0,553,False,False
680044,R20,9.72,,,0.642,,,0,,,,,,,,,,,,,parcel_mostly_in_flood_hazard_or_wetland,93.6,,,,,False,False
680053,R80,48.09,2568,1181,0.69,ladder,2,7,1,365,220,180,6,7,14.3,0.0,28.4,27.7,0.15,both,,0.0,0,0,0,2578,False,False
680060,AR2A,18.67,1814,919,0.488,ladder,2,0,0,440,200,160,5,0,22.4,0.0,0.0,76.5,0.0,both,,1.2,0,0,0,1824,False,False
680072,RS20,46.29,2403,1473,0.57,grid,3,29,0,115,175,135,7,5,13.8,3.2,32.1,17.5,0.63,end,,32.0,968,641,137528,2413,True,False
680082,RS10,10.36,,,0.471,,,0,,,,,,,,,,,,,parcel_mostly_in_flood_hazard_or_wetland,99.8,,,,,False,False
680083,R10,17.63,1563,899,0.546,grid,3,31,2,100,105,65,5,7,24.3,5.0,43.0,18.4,1.76,start,,0.0,0,0,0,1573,False,False
680084,RS20,9.47,907,536,0.849,spine,1,6,0,115,175,135,2,2,12.0,3.5,35.5,19.2,0.63,side,,18.1,0,181,15246,648,True,False
680091,AR2A,21.32,1742,754,0.707,ladder,2,0,0,545,160,120,4,2,19.9,0.0,0.0,61.4,0.0,both,,0.0,0,0,0,1752,False,False
680097,RS80,21.49,1143,968,0.846,ladder,2,0,0,385,210,170,3,4,14.7,0.0,0.0,49.0,0.0,start,,1.9,0,100,47141,1153,True,True
680100,AR2A,92.44,3587,2037,0.551,grid,5,0,0,500,175,135,10,24,20.9,0.0,0.0,27.3,0.0,both,,0.0,0,0,0,3597,False,False
680105,R20,10.33,880,743,0.688,ladder,2,7,0,145,140,100,4,1,25.2,3.1,32.2,28.9,0.68,side,,6.5,0,0,0,890,False,False
680112,AR2A,39.97,1631,1438,0.742,grid,3,4,0,415,210,170,5,4,16.8,0.0,20.2,40.0,0.1,end,,3.7,87,0,0,1641,False,True
680115,AR2A,35.49,2177,1187,0.598,grid,3,0,0,515,170,130,6,1,20.8,0.0,0.0,71.1,0.0,end,,3.0,73,0,0,2187,False,False
680123,RS80,54.59,2697,1430,0.617,grid,3,7,0,385,210,170,7,6,16.4,0.0,23.8,34.2,0.13,end,,7.0,576,138,66602,2707,True,False
680124,RS20,4.64,649,530,0.588,spine,1,0,0,115,175,135,1,0,6.2,0.0,0.0,16.7,0.0,end,,77.1,0,362,4134,189,True,True
680135,RS10,3.61,1036,494,0.307,ladder,2,2,0,125,80,40,3,3,22.1,5.1,12.4,41.7,0.55,end,,0.4,0,0,0,1046,False,False
680137,RS15,8.57,,,0.384,,,0,,,,,,,,,,,,,parcel_mostly_in_flood_hazard_or_wetland,98.2,,,,,False,False
680139,RS10,4.94,739,535,0.543,ladder,2,7,1,115,90,50,3,0,23.2,4.8,33.1,26.3,1.42,start,,15.6,110,0,0,749,False,True
680145,R15,13.39,937,727,0.857,ladder,2,14,1,115,135,95,4,2,16.6,3.0,38.1,10.3,1.05,end,,26.4,0,436,5915,682,True,False
680146,RS15,4.66,878,479,0.482,spine,1,5,0,100,150,110,1,1,7.3,3.4,46.0,34.2,1.07,both,,0.0,0,0,0,888,False,False
680148,RS80,46.68,3318,1221,0.502,grid,3,2,0,460,175,135,8,9,21.4,0.0,7.7,33.6,0.04,start,,3.1,170,0,0,3328,False,False
680154,AR2A,45.85,4124,2182,0.222,grid,4,0,0,400,220,180,10,3,16.9,0.0,0.0,69.8,0.0,both,,0.6,0,0,0,4134,False,False
680168,AR2A,26.15,2556,1336,0.333,grid,3,0,0,450,195,155,7,1,21.4,0.0,0.0,70.2,0.0,end,,0.7,0,0,0,2566,False,False
680170,RS10,4.58,1717,156,0.746,single_loaded,1,1,0,100,100,60,1,1,30.4,0.0,5.0,56.6,0.22,both,,4.3,0,0,0,1727,False,False
680175,RS20,4.98,1384,748,0.21,ladder,2,2,0,145,140,100,4,1,22.3,2.5,18.0,44.7,0.4,start,,3.4,0,0,0,1394,False,False
680179,RS10,2.42,692,244,0.625,spine,1,2,0,145,70,30,1,0,26.4,5.5,20.5,36.0,0.83,start,,11.7,0,61,14901,471,True,False
680181,R20,21.73,1233,1078,0.712,grid,3,18,0,150,135,95,5,5,22.2,5.1,39.3,19.7,0.83,end,,3.7,0,0,0,1243,False,False
680183,RS15,5.45,749,673,0.471,ladder,2,7,0,120,125,85,3,2,19.1,6.1,44.2,15.3,1.28,both,,2.6,0,0,0,759,False,False
680191,R20,14.97,,,0.513,,,0,,,,,,,,,,,,,parcel_mostly_in_flood_hazard_or_wetland,95.1,,,,,False,False
680197,R20,5.14,986,242,0.94,single_loaded,1,5,0,115,175,135,2,0,25.5,0.0,47.0,16.6,0.97,side,,10.9,0,85,170,844,True,False
680199,RS20,9.55,801,651,0.797,ladder,2,8,0,170,120,80,3,3,20.9,3.6,38.7,22.5,0.84,both,,0.0,0,0,0,811,False,False
680201,RS15,12.76,1103,625,0.806,ladder,2,7,1,140,110,70,2,1,10.7,3.3,19.4,24.3,0.55,start,,41.0,211,785,80596,1113,True,False
680202,RS80,17.79,2484,623,0.501,spine,1,3,2,365,220,180,1,2,12.7,0.0,32.9,30.3,0.17,end,,0.6,0,0,0,2437,False,False
680222,AR2A,29.69,1643,1193,0.66,grid,3,0,0,515,170,130,5,1,20.5,0.0,0.0,72.1,0.0,start,,1.5,94,0,0,1653,False,False
680225,RS10,3.28,668,555,0.385,ladder,2,5,0,110,95,55,3,0,22.7,3.9,36.6,36.8,1.53,end,,0.0,0,0,0,678,False,False
680227,RS40,26.26,1840,947,0.657,ladder,2,11,0,200,205,165,5,4,16.0,0.0,40.0,29.4,0.42,end,,0.0,0,0,0,1850,False,False
680234,AR2A,31.89,1435,1378,0.703,grid,3,2,0,440,200,160,5,2,11.2,0.0,12.5,40.9,0.06,end,,23.1,0,1079,121253,1445,True,False
680238,R10,68.52,3428,2102,0.414,grid,6,86,2,85,120,80,11,12,16.4,3.4,29.9,19.8,1.26,end,,27.6,532,1012,212515,3438,True,False
680247,RS10,4.45,907,392,0.546,spine,1,5,0,85,120,80,2,1,17.1,4.9,32.1,8.6,1.12,side,,30.9,0,301,106,546,True,False
680250,R40,12.13,1161,620,0.734,spine,1,5,2,185,220,180,1,1,10.6,0.0,42.4,26.9,0.41,both,,11.1,0,0,0,1171,False,False
680256,RS10,2.56,462,291,0.83,spine,1,4,0,110,95,55,1,2,21.9,9.7,38.0,11.2,1.56,both,,0.0,0,0,0,472,False,False
680258,RS10,31.88,1822,1070,0.712,grid,3,64,3,85,120,80,6,7,20.8,4.9,51.5,11.7,2.01,start,,6.8,302,0,0,1832,False,False
680260,RS20,12.96,1304,641,0.675,ladder,2,10,0,175,115,75,4,3,23.0,4.0,35.8,26.5,0.77,start,,0.0,0,0,0,1314,False,False
680264,R15,5.0,753,438,0.66,spine,1,3,0,100,150,110,1,0,14.5,1.7,23.0,59.3,0.6,both,,1.5,0,0,0,763,False,False
680268,RS10,10.47,1308,557,0.626,ladder,2,20,0,110,95,55,4,3,24.0,8.1,46.3,14.5,1.91,both,,0.0,0,0,0,1318,False,False
680278,AR2A,49.2,2012,1618,0.658,grid,3,2,1,400,220,180,4,1,5.6,0.0,8.5,15.8,0.04,end,,65.3,0,2649,35446,1121,True,True
680291,AR2A,70.14,2608,1951,0.601,grid,4,11,0,410,215,175,8,6,17.7,0.0,31.8,29.5,0.16,start,,3.8,70,146,95977,2618,True,True
680298,R40,10.73,2053,237,0.961,single_loaded,1,5,0,225,180,140,1,3,22.1,0.0,43.6,8.0,0.47,start,,0.0,0,0,0,2006,False,False
680304,R15,27.91,2002,1797,0.338,grid,5,21,0,110,140,100,9,6,19.0,2.9,26.5,21.5,0.75,side,,25.6,484,274,38325,2012,True,False
680308,RS10,3.65,2179,150,0.488,single_loaded,1,0,0,115,90,50,1,0,31.3,0.0,0.0,68.7,0.0,both,,0.0,0,0,0,2189,False,False
680316,RS10,3.47,700,649,0.332,ladder,2,4,2,90,115,75,3,0,24.2,1.9,26.9,47.0,1.15,end,,0.0,0,0,0,710,False,False
680317,RS20,11.37,,,0.523,,,0,,,,,,,,,,,,,parcel_mostly_in_flood_hazard_or_wetland,99.6,,,,,False,False
680320,RS20,9.86,,,0.59,,,0,,,,,,,,,,,,,parcel_mostly_in_flood_hazard_or_wetland,87.8,,,,,False,False
680332,RS10,5.42,990,334,0.715,spine,1,11,0,90,115,75,1,1,20.9,8.1,49.5,17.0,2.03,start,,0.0,0,0,0,923,False,False
680347,R15,4.57,,,0.549,,,0,,,,,,,,,,,,,parcel_mostly_in_flood_hazard_or_wetland,98.3,,,,,False,False
680354,RS10,4.34,843,414,0.542,spine,1,1,1,85,120,80,1,0,19.7,0.0,5.8,52.9,0.23,start,,24.9,113,0,0,776,False,True
680370,RS15,5.66,,,0.519,,,0,,,,,,,,,,,,,parcel_mostly_in_flood_hazard_or_wetland,93.5,,,,,False,False
680372,AR2A,49.78,2034,1659,0.643,grid,3,7,1,400,220,180,6,5,15.0,0.0,29.1,31.9,0.14,start,,3.2,0,145,120441,2044,True,True
680374,RS80,25.21,2591,436,0.972,spine,1,1,0,425,190,150,1,0,4.2,0.0,7.3,12.7,0.04,end,,77.1,190,1729,38573,777,True,False
680377,RS20,9.32,977,497,0.837,spine,1,11,2,115,175,135,1,3,11.3,4.8,60.7,6.2,1.18,both,,0.0,0,0,0,987,False,False
680391,R10,6.61,1087,423,0.626,spine,1,12,3,85,120,80,1,2,15.1,6.6,54.3,14.6,1.82,start,,0.0,0,0,0,1020,False,False
680398,RS10,4.15,687,513,0.513,ladder,2,7,0,120,85,45,3,1,24.3,9.3,39.5,21.1,1.69,both,,0.0,0,0,0,697,False,False
680400,RS15,6.05,851,375,0.825,spine,1,9,1,115,135,95,1,1,16.8,6.8,54.3,16.1,1.49,both,,0.0,0,0,0,861,False,False
680409,AR2A,28.36,2409,744,0.69,ladder,2,2,0,565,155,115,5,1,16.2,0.0,14.7,28.9,0.07,end,,36.1,234,405,83277,2419,True,True
680411,AR2A,68.82,4064,1109,0.665,ladder,2,6,0,400,220,180,5,10,11.7,0.0,18.6,23.8,0.09,start,,15.1,593,304,113954,4074,True,True
680418,AR2A,51.89,2603,2220,0.391,grid,4,10,1,400,220,180,7,2,17.9,0.0,39.4,32.0,0.19,end,,2.8,0,104,80021,2466,True,True
680422,RS7.5,3.89,1041,375,0.434,spine,1,0,0,75,105,65,1,0,17.4,0.0,0.0,25.5,0.0,both,,64.5,239,0,0,1051,False,False
680427,R25,8.17,1027,1019,0.34,ladder,2,4,0,130,195,145,3,1,12.8,3.5,33.4,41.9,0.49,both,,0.0,0,0,0,1037,False,False
680428,AR2A,26.91,2037,998,0.577,ladder,2,2,0,400,220,180,5,5,16.8,0.0,15.1,30.9,0.07,both,,0.0,0,0,0,2047,False,False
680429,AR2A,71.16,2052,2013,0.751,grid,4,13,0,400,220,180,7,7,19.4,0.0,36.8,24.0,0.18,end,,0.1,0,23,1520,2062,True,True
680430,AR2A,67.08,2418,1934,0.625,grid,4,7,0,415,210,170,8,8,19.5,0.0,20.7,27.3,0.1,start,,10.3,395,0,0,2428,False,False
680434,RS15,4.91,970,402,0.549,spine,1,7,0,100,150,110,1,1,14.0,6.8,49.3,22.7,1.42,end,,0.0,0,0,0,903,False,False
680440,AR2A,52.44,2166,1615,0.653,grid,3,4,3,400,220,180,6,12,16.3,0.0,16.3,19.6,0.08,both,,1.4,0,0,0,2176,False,False
680442,R20,15.41,1568,633,0.676,ladder,2,12,0,175,115,75,4,6,22.2,5.9,35.8,16.5,0.78,start,,1.6,0,0,0,1578,False,False
680443,RS40,32.31,1507,1494,0.625,grid,3,11,0,185,220,180,5,7,17.0,0.0,31.8,30.9,0.34,end,,0.0,0,0,0,1517,False,False
680444,R20,18.42,1704,520,0.906,spine,1,22,9,115,175,135,1,5,11.5,4.3,63.7,5.3,1.19,both,,0.2,0,0,0,1714,False,False
680449,RS80,21.33,1399,1224,0.543,grid,3,0,0,460,175,135,5,1,17.1,0.0,0.0,65.4,0.0,start,,10.4,117,128,40781,1409,True,True
680450,R20,18.13,1454,1001,0.542,grid,3,10,0,160,125,85,5,6,21.7,3.5,25.3,29.8,0.55,end,,5.7,147,0,0,1464,False,False
680451,R20,16.26,1150,731,0.842,ladder,2,13,0,145,140,100,3,3,19.1,4.6,37.2,22.3,0.8,start,,10.4,293,0,0,1160,False,False
680455,R20,38.79,1765,1503,0.637,grid,3,30,1,115,175,135,5,10,16.6,3.7,37.8,23.2,0.77,both,,6.5,76,0,0,1775,False,False
680456,R20,23.73,1700,850,0.715,ladder,2,22,0,120,170,130,4,7,17.4,4.5,43.1,18.1,0.93,both,,3.5,45,0,0,1710,False,False
680470,AR2A,26.68,2295,958,0.529,ladder,2,3,0,415,210,170,5,3,19.6,0.0,22.5,33.4,0.11,end,,4.8,604,0,0,2305,False,True
680474,R6,4.61,1343,150,0.997,single_loaded,1,16,0,70,90,50,2,2,39.1,0.0,52.9,1.3,3.47,side,,0.0,0,0,0,1353,False,False
680487,RS80,86.77,2422,1972,0.791,grid,4,4,1,375,215,175,8,6,11.3,0.0,8.5,21.1,0.05,end,,46.4,94,3701,84219,1513,True,True
680490,AR2A,61.91,2654,1715,0.593,grid,4,0,0,475,185,145,9,8,23.0,0.0,0.0,49.4,0.0,side,,1.7,0,0,0,2664,False,False
680491,RS15,3.21,1043,843,0.159,ladder,2,0,0,100,150,110,4,0,9.7,0.0,0.0,90.3,0.0,side,,0.0,0,0,0,1053,False,False
680493,RS10,11.51,1062,721,0.654,ladder,2,20,1,85,120,80,3,2,19.0,5.3,45.6,16.4,1.74,end,,9.0,0,96,9270,764,True,True
680494,RS10,6.67,1163,607,0.411,ladder,2,0,0,100,105,65,2,0,5.3,0.0,0.0,13.7,0.0,start,,81.8,51,951,0,1173,True,False
680495,R10,26.01,1358,1285,0.649,grid,4,53,0,85,120,80,6,8,25.2,5.6,47.8,14.2,2.04,both,,0.0,0,0,0,1368,False,False
680496,RS15,4.34,1849,415,0.246,spine,1,0,0,100,150,110,2,1,15.3,0.0,0.0,76.7,0.0,side,,0.0,0,0,0,1705,False,False
680498,R10,8.07,,,0.423,,,0,,,,,,,,,,,,,parcel_mostly_in_flood_hazard_or_wetland,91.6,,,,,False,False
680501,AR2A,85.18,4389,1229,0.688,grid,3,2,0,500,175,135,10,0,21.4,0.0,4.7,74.0,0.02,end,,0.0,0,0,0,4399,False,False
680506,R10,27.29,1747,1091,0.624,grid,3,53,3,85,120,80,5,13,21.3,5.7,50.1,10.6,1.94,start,,0.0,0,0,0,1757,False,False
680511,AR2A,45.47,2364,1315,0.637,grid,3,0,0,460,190,150,6,7,18.6,0.0,0.0,47.9,0.0,both,,2.6,0,0,0,2374,False,False
680520,R15,11.56,2421,372,0.56,spine,1,4,0,115,135,95,1,2,24.1,1.1,12.6,38.1,0.35,both,,18.4,0,0,0,2431,False,False
680521,R10,37.05,2121,1060,0.717,grid,3,75,3,85,120,80,6,15,21.4,6.1,52.0,10.2,2.02,both,,0.0,0,0,0,2131,False,False
680524,RS20,8.05,1685,479,0.434,spine,1,2,1,115,175,135,1,1,16.6,0.3,12.0,52.1,0.25,both,,13.3,0,0,0,1695,False,False
680527,AR2A,34.25,,,0.675,,,0,,,,,,,,,,,,,parcel_mostly_in_flood_hazard_or_wetland,100.0,,,,,False,False
680528,RS7.5,2.45,,,0.828,,,0,,,,,,,,,,,,,parcel_mostly_in_flood_hazard_or_wetland,98.1,,,,,False,False
680529,AR2A,75.81,2914,2298,0.493,grid,4,6,1,400,220,180,8,10,13.7,0.0,16.9,38.9,0.08,start,,2.1,70,50,338453,2924,True,True
680530,AR2A,26.73,2969,818,0.479,ladder,2,0,0,500,175,135,7,2,22.4,0.0,0.0,52.8,0.0,end,,12.3,519,89,13515,2825,True,False
680532,AR2A,31.97,1519,1257,0.729,grid,3,1,0,485,180,140,6,1,19.4,0.0,6.4,59.2,0.03,end,,9.3,153,152,8295,1529,True,True
680533,AR2A,37.42,2838,2545,0.226,grid,5,2,0,400,220,180,10,1,15.1,0.0,12.5,40.5,0.05,end,,29.3,809,722,45630,2716,True,False
680549,R10,6.07,,,0.68,,,0,,,,,,,,,,,,,parcel_mostly_in_flood_hazard_or_wetland,100.0,,,,,False,False
680556,R80,24.54,1333,1203,0.666,ladder,2,3,0,365,220,180,4,3,12.0,0.0,22.3,39.4,0.12,both,,2.1,0,0,0,1343,False,False
680562,RS40,17.89,2022,968,0.398,ladder,2,6,0,195,210,170,5,2,19.2,0.0,31.4,38.9,0.34,both,,0.0,0,0,0,2032,False,False
680573,R10,6.24,884,514,0.598,ladder,2,1,0,120,85,45,3,0,28.6,0.9,3.7,66.8,0.16,start,,0.0,0,0,0,894,False,False
680580,AR2A,36.99,1866,1443,0.599,grid,3,0,0,415,210,170,6,0,19.4,0.0,0.0,70.7,0.0,start,,11.5,453,186,99925,1876,True,True
680583,R15,4.45,1332,634,0.23,ladder,2,2,0,135,115,75,4,1,27.2,2.5,16.0,46.8,0.45,both,,0.0,0,0,0,1342,False,False
680587,RS10,5.14,,,0.535,,,0,,,,,,,,,,,,,parcel_mostly_in_flood_hazard_or_wetland,94.1,,,,,False,False
680589,RS15,3.91,1286,666,0.199,ladder,2,1,0,125,120,80,4,0,17.7,1.5,9.0,71.8,0.26,both,,0.0,0,0,0,1296,False,False
680590,R10,6.23,1192,384,0.593,spine,1,6,3,85,120,80,1,1,22.3,1.9,25.0,46.2,0.96,start,,0.0,0,0,0,1125,False,False
680591,R15,15.71,2791,622,0.394,ladder,2,20,0,140,110,70,6,5,23.3,8.1,46.6,10.4,1.27,both,,0.0,0,0,0,2801,False,False
680596,R10,35.4,2013,1350,0.567,grid,4,70,1,85,120,80,7,11,23.4,5.4,48.3,14.8,1.98,end,,0.4,0,78,20386,2023,True,False
680602,R6,37.44,1975,1291,0.64,grid,5,110,4,75,85,45,9,9,29.6,5.8,43.1,13.8,2.94,start,,4.8,103,211,7561,1985,True,False
680606,RS7.5,52.18,2367,1762,0.545,grid,6,134,2,75,105,65,9,20,24.3,5.6,46.5,13.1,2.57,end,,4.1,253,11,2025,2377,True,True
680608,RS7.5,29.19,2730,884,0.527,grid,3,61,2,75,105,65,7,17,27.0,5.2,37.9,19.5,2.09,start,,0.0,0,0,0,2740,False,False
680610,R10,11.46,1099,929,0.489,grid,3,17,0,95,110,70,5,6,23.9,4.9,36.2,21.3,1.48,side,,1.0,0,62,10687,1109,True,False
680619,AR2A,31.0,2200,1212,0.507,grid,3,0,0,515,170,130,6,0,19.6,0.0,0.0,61.1,0.0,start,,22.4,501,76,9606,2210,True,False
680622,AR2A,81.21,3658,1840,0.525,grid,4,8,0,440,200,160,11,7,14.6,0.0,19.9,33.4,0.1,start,,14.8,51,1064,420830,3668,True,True
680623,AR2A,32.5,1726,1377,0.596,grid,3,1,0,440,200,160,5,1,12.1,0.0,6.2,38.5,0.03,end,,40.1,818,455,111033,1736,True,False
680624,AR2A,46.56,2081,1743,0.559,grid,3,3,0,400,220,180,5,5,12.1,0.0,14.5,36.7,0.06,start,,13.9,26,356,198844,1756,True,True
680625,AR2A,32.07,1944,1144,0.628,grid,3,1,0,545,160,120,6,0,21.9,0.0,6.0,66.2,0.03,end,,6.0,0,251,64153,1954,True,False
680626,AR2A,50.97,2757,1249,0.645,grid,3,0,0,485,180,140,7,13,20.7,0.0,0.0,28.4,0.0,both,,0.1,0,0,0,2767,False,False
680627,AR2A,44.07,2556,1252,0.6,grid,3,0,0,485,180,140,7,0,21.3,0.0,0.0,78.7,0.0,both,,0.0,0,0,0,2566,False,False
680628,AR2A,29.37,2130,1230,0.488,grid,3,0,0,500,175,135,6,1,21.1,0.0,0.0,72.3,0.0,both,,0.0,0,0,0,2140,False,False
680630,AR2A,97.97,4287,1279,0.778,grid,3,4,0,475,185,145,10,21,20.9,0.0,8.1,25.1,0.04,start,,4.4,586,0,0,4297,False,False
680631,AR2A,64.9,2367,2008,0.595,grid,4,0,0,400,220,180,7,9,18.4,0.0,0.0,36.7,0.0,end,,21.0,1050,0,0,2377,False,False
680634,AR2A,36.37,1928,1206,0.682,grid,3,1,0,515,170,130,6,2,20.9,0.0,5.6,54.8,0.03,start,,8.2,378,0,0,1938,False,False
680635,AR2A,76.04,2284,1808,0.802,grid,4,4,1,450,195,155,7,14,14.7,0.0,10.6,28.0,0.05,end,,10.0,0,624,266200,2294,True,True
680639,RS20,7.48,1048,560,0.555,spine,1,5,2,115,175,135,1,1,8.5,3.5,36.3,44.2,0.67,start,,0.0,0,0,0,981,False,False
680641,R10,5.02,865,354,0.713,spine,1,0,0,85,120,80,1,0,0.0,0.0,0.0,47.1,0.0,start,,52.9,0,821,102810,-17,True,False
680647,R6,3.59,610,350,0.733,spine,1,8,4,65,95,55,1,1,16.4,6.4,38.0,33.9,2.23,both,,0.0,0,0,0,620,False,False
680649,R10,2.73,1251,636,0.149,ladder,2,2,0,90,115,75,2,0,6.9,3.0,17.4,72.7,0.73,end,,0.0,0,0,0,1261,False,False
680656,RS15,8.58,,,0.56,,,0,,,,,,,,,,,,,parcel_mostly_in_flood_hazard_or_wetland,97.6,,,,,False,False
680660,RS20,45.66,1843,1495,0.722,grid,4,37,0,140,145,105,7,10,21.1,3.5,38.1,24.4,0.81,both,,3.0,97,0,0,1853,False,False
680670,AR2A,23.06,1395,766,0.941,ladder,2,0,0,545,160,120,4,4,17.9,0.0,0.0,46.1,0.0,both,,0.0,0,0,0,1405,False,False
680673,R15,11.25,1669,830,0.354,ladder,2,13,2,100,150,110,3,4,13.4,3.8,44.6,24.5,1.16,start,,0.0,0,0,0,1679,False,False
680674,RS15,7.24,746,698,0.605,ladder,2,0,0,120,130,90,2,0,3.7,0.0,0.0,19.6,0.0,end,,76.7,0,725,27205,174,True,False
680682,RS15,66.0,,,0.783,,,0,,,,,,,,,,,,,parcel_mostly_in_flood_hazard_or_wetland,99.8,,,,,False,False
680684,R15,103.3,,,0.55,,,0,,,,,,,,,,,,,parcel_mostly_in_flood_hazard_or_wetland,99.2,,,,,False,False
680686,R15,12.59,1806,1324,0.229,grid,4,10,0,120,125,85,7,0,25.0,2.3,26.9,40.8,0.79,both,,9.4,304,0,0,1816,False,False
680689,R40,45.95,2176,1136,0.81,grid,3,19,0,250,160,120,6,5,21.1,0.0,38.1,29.8,0.41,end,,1.2,132,0,0,2186,False,False
680690,RS15,12.71,,,0.579,,,0,,,,,,,,,,,,,parcel_mostly_in_flood_hazard_or_wetland,94.5,,,,,False,False
680693,R10,11.32,1253,657,0.6,ladder,2,6,0,85,120,80,4,1,24.5,1.5,12.3,49.1,0.53,end,,10.7,0,0,0,1263,False,False
680695,AR2A,23.83,1295,1221,0.657,ladder,2,0,0,400,220,180,4,2,15.7,0.0,0.0,54.3,0.0,end,,14.5,226,0,0,1305,False,True
680702,RS7.5,33.37,2254,1455,0.443,grid,5,77,1,75,105,65,8,12,27.0,4.9,41.9,18.6,2.31,end,,1.5,67,0,0,2264,False,False
680703,RS7.5,57.35,2204,2120,0.535,grid,7,159,10,75,105,65,10,20,24.8,5.6,52.3,10.8,2.77,end,,0.0,0,0,0,2214,False,False
680706,R10,3.14,896,395,0.387,spine,1,5,4,85,120,80,1,0,23.7,1.6,41.2,29.6,1.59,both,,5.1,0,0,0,906,False,False
680711,AR2A,18.52,1193,1128,0.6,grid,3,0,0,545,160,120,5,0,22.5,0.0,0.0,77.5,0.0,end,,0.0,0,0,0,1203,False,False
680715,AR2A,20.73,1322,925,0.738,ladder,2,0,0,440,200,160,4,2,17.7,0.0,0.0,63.1,0.0,both,,0.0,0,0,0,1332,False,False
680719,R10,70.58,,,0.753,,,0,,,,,,,,,,,,,parcel_mostly_in_flood_hazard_or_wetland,97.2,,,,,False,False
680720,AR2A,34.08,2787,812,0.656,ladder,2,0,0,500,175,135,6,7,19.5,0.0,0.0,39.7,0.0,both,,0.0,0,0,0,2797,False,False
680721,RS10,23.14,,,0.566,,,0,,,,,,,,,,,,,parcel_mostly_in_flood_hazard_or_wetland,100.0,,,,,False,False
680723,RS15,29.87,1837,1716,0.413,grid,4,8,0,100,150,110,4,2,3.1,1.2,9.8,19.7,0.27,start,,63.5,0,1676,196163,1847,True,False
680726,AR2A,24.15,1283,1138,0.721,ladder,2,1,1,400,220,180,5,1,20.1,0.0,8.3,62.1,0.04,side,,0.0,0,0,0,1293,False,False
680729,R6,13.14,998,733,0.782,grid,3,37,0,75,80,40,5,6,29.9,5.5,38.8,15.4,2.82,start,,4.9,66,31,1729,1008,True,True
680731,AR2A,68.9,2138,1933,0.726,grid,4,5,1,415,210,170,7,12,18.0,0.0,14.6,32.6,0.07,end,,0.0,0,0,0,2148,False,False
680732,RS15,8.68,1235,779,0.393,ladder,2,8,0,100,150,110,4,3,20.6,2.4,31.5,33.7,0.92,both,,0.0,0,0,0,1245,False,False
680739,R80,42.99,2464,1058,0.718,ladder,2,8,0,365,220,180,6,4,16.3,0.0,35.6,28.1,0.19,both,,0.8,0,0,0,2474,False,False
680743,R10,4.87,1001,424,0.5,spine,1,2,2,85,120,80,1,0,13.0,0.3,11.2,32.2,0.41,end,,43.4,0,0,0,934,False,False
680748,RS10,5.0,654,463,0.719,ladder,2,7,0,145,70,30,3,2,30.2,8.6,34.4,16.7,1.4,start,,0.0,0,0,0,664,False,False
680752,R40,33.89,3731,593,0.667,spine,1,9,7,185,220,180,1,2,12.6,0.0,26.7,54.4,0.27,start,,0.0,0,0,0,3684,False,False
680753,R15,3.14,1416,487,0.198,spine,1,0,0,100,150,110,1,0,6.2,0.0,0.0,45.4,0.0,end,,48.7,0,233,12446,867,True,True
680754,RS20,14.32,1773,416,0.847,spine,1,11,0,125,160,120,1,2,15.0,2.0,35.1,28.8,0.77,both,,15.4,296,0,0,1783,False,False
680755,R15,3.46,655,528,0.435,spine,1,1,0,100,150,110,1,0,14.2,1.3,12.5,49.4,0.29,both,,27.3,145,0,0,665,False,False
680757,RS7.5,8.48,673,594,0.925,ladder,2,27,0,75,105,65,3,2,22.0,8.4,58.0,7.1,3.18,start,,0.0,0,0,0,683,False,False
680758,RS10,4.9,581,426,0.864,spine,1,9,0,85,120,80,1,2,14.2,8.6,57.2,7.3,1.83,both,,0.0,0,0,0,591,False,False
680759,AR2A,96.77,2757,1863,0.821,grid,4,9,0,425,205,165,8,16,18.9,0.0,18.5,27.7,0.09,end,,2.7,267,0,0,2767,False,True
680760,R10,7.33,671,536,0.888,ladder,2,2,0,115,90,50,3,0,25.3,1.4,6.5,11.3,0.27,side,,69.4,53,1272,6605,414,True,False
680764,AR2A,49.17,1606,1452,0.918,grid,3,2,0,415,210,170,6,8,15.3,0.0,8.1,37.8,0.04,side,,5.9,0,304,248505,1616,True,False
680767,AR2A,24.57,3224,726,0.457,ladder,2,0,0,585,150,110,6,3,19.1,0.0,0.0,55.2,0.0,both,,0.0,0,0,0,3234,False,False
680769,RS15,5.66,823,543,0.552,spine,1,5,1,100,150,110,2,1,18.6,4.0,37.0,32.7,0.88,side,,0.0,0,0,0,833,False,False
680771,AR2A,21.59,1585,632,0.938,ladder,2,0,0,675,130,90,4,4,20.6,0.0,0.0,42.9,0.0,start,,0.0,0,0,0,1595,False,False
680776,AR2A,50.65,3154,1571,0.445,grid,3,4,2,400,220,180,8,5,18.2,0.0,16.6,42.6,0.08,end,,3.7,269,0,0,3164,False,False
680778,AR2A,20.3,1843,921,0.521,ladder,2,0,0,440,200,160,5,0,20.8,0.0,0.0,79.2,0.0,end,,0.0,0,0,0,1853,False,False
680782,R10,31.37,,,0.631,,,0,,,,,,,,,,,,,parcel_mostly_in_flood_hazard_or_wetland,100.0,,,,,False,False
680785,R10,31.07,,,0.514,,,0,,,,,,,,,,,,,parcel_mostly_in_flood_hazard_or_wetland,100.0,,,,,False,False
680794,AR2A,46.57,,,0.341,,,0,,,,,,,,,,,,,parcel_mostly_in_flood_hazard_or_wetland,90.1,,,,,False,False
680810,AR2A,58.67,2343,1862,0.586,grid,4,0,0,425,205,165,5,0,5.1,0.0,0.0,21.1,0.0,start,,73.8,0,2492,48433,1352,True,False
680816,AR2A,52.7,2179,1724,0.611,grid,3,1,0,400,220,180,6,12,17.2,0.0,4.4,31.8,0.02,end,,0.0,0,0,0,2189,False,False
680819,R10,64.01,2337,1832,0.651,grid,5,130,6,85,120,80,8,27,20.2,5.4,49.8,12.3,2.03,both,,2.1,76,0,0,2347,False,False
680821,R10,11.96,1544,658,0.512,ladder,2,7,0,85,120,80,3,1,11.8,2.5,13.6,32.0,0.59,start,,38.5,0,463,90958,1554,True,True
680824,RS15,3.83,1037,231,0.698,single_loaded,1,4,0,100,150,110,1,0,17.3,0.0,42.0,40.7,1.04,start,,0.0,0,0,0,990,False,False
680827,RS7.5,3.05,843,346,0.456,spine,1,0,0,75,105,65,1,1,12.4,0.4,0.0,24.8,0.0,end,,56.4,25,325,15119,449,True,False
680829,RS7.5,2.75,478,404,0.62,spine,1,6,6,75,105,65,1,0,19.3,2.5,45.2,32.9,2.19,end,,0.0,0,0,0,488,False,False
680831,R10,47.18,2334,1494,0.59,grid,4,66,2,85,120,80,7,14,20.8,4.1,33.1,12.5,1.4,both,,26.5,1224,0,0,2344,False,False
680838,RS10,6.19,897,706,0.426,ladder,2,6,4,85,120,80,3,0,17.6,3.0,22.9,56.4,0.97,start,,0.0,0,0,0,907,False,False
680848,RS10,5.39,940,340,0.734,spine,1,10,0,85,120,80,1,1,18.6,7.0,44.3,25.6,1.85,start,,0.0,0,0,0,873,False,False
680852,RS80,137.92,4153,2116,0.684,grid,4,16,0,365,220,180,10,7,12.1,0.0,21.7,32.6,0.12,start,,24.2,350,2072,596949,3319,True,False
680854,R10,23.97,,,0.584,,,0,,,,,,,,,,,,,parcel_mostly_in_flood_hazard_or_wetland,100.0,,,,,False,False
680856,RS40,61.31,2518,1832,0.579,grid,4,28,0,200,200,160,8,8,20.5,0.0,41.8,22.9,0.46,both,,3.6,164,0,0,2528,False,False
680859,AR2A,55.9,2607,1555,0.6,grid,3,5,1,400,220,180,7,2,17.9,0.0,18.3,50.9,0.09,both,,6.2,314,0,0,2617,False,False
680863,RS10,5.22,1044,373,0.584,spine,1,9,2,85,120,80,1,2,16.9,2.6,45.2,25.0,1.72,both,,0.0,0,0,0,1054,False,False
680864,RS15,6.01,,,0.645,,,0,,,,,,,,,,,,,parcel_mostly_in_flood_hazard_or_wetland,98.4,,,,,False,False
680865,RS10,2.76,509,412,0.574,spine,1,4,2,85,120,80,1,1,17.2,5.7,41.8,24.1,1.45,start,,0.0,0,0,0,519,False,False
680869,RS15,58.63,3616,1481,0.477,grid,4,69,0,105,145,105,11,19,24.3,4.1,41.0,19.5,1.18,side,,0.0,0,0,0,3626,False,False
680874,RS40,33.88,2300,1014,0.632,ladder,2,4,1,185,220,180,4,2,6.6,0.0,11.0,23.2,0.12,end,,53.9,0,1637,51111,1546,True,True
680878,AR2A,24.1,3211,469,0.697,spine,1,2,0,425,205,165,1,5,14.4,0.0,16.6,27.7,0.08,both,,0.0,0,0,0,3221,False,False
680879,RS10,3.66,1238,506,0.255,ladder,2,5,0,125,80,40,2,0,21.0,4.2,32.8,35.8,1.37,start,,6.2,0,45,3799,1248,True,True
680880,RS10,20.78,1718,1069,0.493,grid,3,7,3,85,120,80,4,1,7.9,1.5,9.1,19.9,0.34,start,,60.3,0,1544,25466,1014,True,True
680881,RS10,2.83,,,0.65,,,0,,,,,,,,,,,,,parcel_mostly_in_flood_hazard_or_wetland,100.0,,,,,False,False
680886,RS15,73.67,,,0.749,,,0,,,,,,,,,,,,,parcel_mostly_in_flood_hazard_or_wetland,94.8,,,,,False,False
680887,RS10,3.52,1205,615,0.207,ladder,2,0,0,95,110,70,3,0,6.7,0.0,0.0,87.8,0.0,end,,5.5,0,0,0,1215,False,False
680895,AR2A,19.85,3062,867,0.326,ladder,2,0,0,475,185,145,7,0,15.3,0.0,0.0,84.7,0.0,end,,0.0,0,0,0,3072,False,False
680897,AR2A,25.53,1666,850,0.786,ladder,2,4,0,485,180,140,4,2,16.9,0.0,31.8,28.8,0.16,start,,7.6,198,0,0,1676,False,False
680898,RS15,40.76,2373,1176,0.636,grid,3,45,2,100,150,110,6,12,21.1,3.6,38.3,21.7,1.1,start,,6.4,333,0,0,2383,False,False
680928,R15,23.51,1849,1452,0.381,grid,4,23,1,110,140,100,7,5,24.1,3.5,35.0,30.0,0.98,end,,0.0,0,0,0,1859,False,False
680930,AR2A,19.4,1845,870,0.527,ladder,2,0,0,475,185,145,5,0,21.2,0.0,0.0,76.0,0.0,end,,4.2,225,0,0,1855,False,True
680941,RS15,5.22,865,489,0.538,spine,1,5,4,100,150,110,1,1,19.4,1.1,37.1,34.5,0.96,end,,0.0,0,0,0,798,False,False
680944,RS7.5,2.1,829,446,0.247,spine,1,1,0,75,105,65,1,0,3.4,1.6,11.4,83.5,0.48,both,,0.0,0,0,0,839,False,False
680952,R15,6.27,2762,685,0.144,ladder,2,3,0,120,125,85,6,0,19.7,2.0,16.4,57.7,0.48,both,,5.8,76,0,0,2772,False,False
680955,RS10,3.02,724,550,0.331,ladder,2,3,1,115,90,50,3,0,31.2,2.5,23.5,42.8,0.99,end,,0.0,0,0,0,734,False,False
680957,R15,4.55,1373,517,0.279,spine,1,2,2,100,150,110,1,0,11.6,0.8,16.0,55.6,0.44,start,,16.1,0,160,66123,381,True,False
680958,RS10,19.0,1570,1193,0.442,grid,4,18,0,100,105,65,6,0,24.3,2.6,22.6,34.7,0.95,end,,20.0,431,100,37215,1580,True,False
680960,R15,7.69,2151,770,0.202,ladder,2,2,0,100,150,110,5,2,22.3,0.8,8.8,44.4,0.26,end,,19.2,212,0,0,2161,False,False
680961,R10,4.49,1285,547,0.278,ladder,2,0,0,115,90,50,4,0,22.8,0.0,0.0,34.0,0.0,both,,60.2,529,0,0,1295,False,False
680962,R20,11.48,3722,668,0.201,ladder,2,3,0,170,120,80,4,0,10.6,1.9,12.9,74.7,0.26,start,,0.0,0,0,0,3732,False,False
680989,R15,7.17,989,575,0.549,ladder,2,0,0,150,100,60,3,1,17.4,0.9,0.0,48.9,0.0,start,,28.0,0,332,39107,613,True,False
680994,R10,3.82,809,428,0.48,spine,1,3,2,85,120,80,1,0,15.3,1.3,21.0,48.7,0.79,end,,13.8,0,91,23528,474,True,False
680996,R10,7.79,1205,599,0.47,ladder,2,3,0,100,105,65,4,0,25.4,1.0,9.0,64.6,0.39,start,,0.0,0,0,0,1215,False,False
680997,R8,5.11,823,540,0.501,ladder,2,2,0,90,90,50,3,0,20.5,1.5,7.2,67.6,0.39,start,,3.1,0,0,0,833,False,False
680998,R15,8.36,939,568,0.684,ladder,2,5,1,160,95,55,3,2,19.7,3.7,21.0,47.6,0.6,end,,0.0,0,0,0,949,False,False
681011,R15,3.31,694,387,0.537,spine,1,0,0,105,145,105,1,0,8.6,0.0,0.0,81.0,0.0,start,,10.4,0,39,7393,550,True,True
681020,R15,6.29,869,593,0.532,ladder,2,3,0,145,105,65,2,1,15.8,2.9,16.5,43.8,0.48,start,,15.5,0,227,32011,879,True,True
681024,R20,4.41,753,542,0.471,spine,1,1,1,115,175,135,1,0,13.8,1.0,11.2,62.2,0.23,start,,11.8,0,52,7151,643,True,False
681029,R20,10.76,1688,961,0.289,ladder,2,0,0,115,175,135,4,0,13.7,0.0,0.0,46.5,0.0,end,,39.9,0,10,6180,1698,True,False
681031,R10,6.82,894,497,0.668,ladder,2,8,0,125,80,40,3,3,27.5,6.2,27.4,29.2,1.17,end,,0.0,0,0,0,904,False,False
681036,R10,2.6,693,373,0.438,spine,1,0,0,85,120,80,1,0,2.5,0.0,0.0,60.8,0.0,start,,36.7,0,168,67153,-2,True,False
681053,R10,7.24,874,780,0.462,ladder,2,7,4,85,120,80,3,0,21.8,1.6,23.6,53.0,0.97,end,,0.0,0,0,0,884,False,False
681059,R20,6.23,2158,373,0.337,spine,1,1,0,150,135,95,1,1,11.4,0.4,7.3,69.7,0.16,both,,3.9,0,0,0,2168,False,False
681061,R20,5.67,1982,511,0.244,spine,1,1,1,115,175,135,1,1,8.9,0.9,8.4,35.2,0.18,both,,39.2,0,0,0,1992,False,False
681066,RS15,7.87,1601,1042,0.206,grid,3,3,0,120,130,90,5,0,31.2,1.4,13.7,53.7,0.38,both,,0.0,0,0,0,1611,False,False
681067,R10,10.26,2168,902,0.229,grid,3,3,1,100,105,65,7,1,17.7,1.0,7.1,40.9,0.29,side,,31.2,0,627,51166,2178,True,False
681068,RS10,3.41,712,376,0.555,spine,1,0,0,85,120,80,1,0,19.6,0.0,0.0,50.2,0.0,start,,30.2,0,0,0,722,False,False
681072,R8,2.62,691,545,0.303,ladder,2,0,0,90,90,50,3,0,16.5,0.0,0.0,83.5,0.0,both,,0.0,0,0,0,701,False,False
681075,R10,2.49,767,231,0.612,spine,1,0,0,120,85,45,1,1,28.8,0.0,0.0,62.1,0.0,both,,0.0,0,0,0,777,False,False
681077,R10,4.03,955,322,0.57,spine,1,4,0,95,110,70,1,1,20.4,1.6,24.1,48.2,0.99,start,,0.0,0,0,0,888,False,False
681080,R10,6.35,1413,1100,0.178,grid,3,7,0,85,120,80,4,2,14.6,5.0,30.7,41.0,1.1,end,,0.0,0,0,0,1423,False,False
681087,R40,9.3,1158,846,0.413,ladder,2,0,0,225,180,140,3,0,9.3,0.0,0.0,36.7,0.0,side,,55.0,0,454,28524,1168,True,False
681088,R15,4.05,752,298,0.788,spine,1,3,0,150,100,60,1,1,21.1,4.1,25.5,40.6,0.74,both,,0.0,0,0,0,762,False,False
681092,R15,3.18,605,364,0.63,spine,1,0,0,120,130,90,1,0,16.3,0.0,0.0,83.7,0.0,end,,0.0,0,0,0,615,False,False
681093,R8,2.88,439,381,0.75,spine,1,3,2,75,110,70,1,1,16.4,2.9,22.4,49.8,1.04,start,,0.0,0,0,0,449,False,False
681094,R15,3.21,1021,681,0.201,ladder,2,0,0,120,125,85,3,0,29.9,0.0,0.0,70.1,0.0,both,,0.0,0,0,0,1031,False,False
681095,R15,4.95,1275,345,0.489,spine,1,1,0,120,125,85,1,0,22.4,0.9,6.9,69.8,0.2,both,,0.0,0,0,0,1285,False,False
681099,R15,3.36,709,325,0.635,spine,1,0,0,140,110,70,1,0,22.3,0.0,0.0,77.7,0.0,end,,0.0,0,0,0,719,False,False
681103,R15,3.51,818,612,0.306,ladder,2,0,0,140,110,70,3,0,25.7,0.0,0.0,72.5,0.0,end,,1.8,0,0,0,828,False,False
681106,R10,2.14,723,204,0.632,spine,1,0,0,145,70,30,1,0,28.9,0.0,0.0,71.1,0.0,end,,0.0,0,0,0,733,False,False
681107,RS15,3.39,2116,971,0.072,grid,3,0,0,125,120,80,3,0,12.3,0.0,0.0,73.3,0.0,end,,14.4,0,0,0,2126,False,False
681108,R10,2.66,482,401,0.6,spine,1,1,1,85,120,80,1,0,14.1,0.5,8.9,76.5,0.38,start,,0.0,0,0,0,492,False,False
681110,R8,2.02,444,356,0.556,spine,1,0,0,75,110,70,1,0,12.0,0.0,0.0,88.0,0.0,end,,0.0,0,0,0,454,False,False
681112,R15,7.41,1210,569,0.469,ladder,2,0,0,160,95,55,4,0,24.8,0.0,0.0,75.2,0.0,both,,0.0,0,0,0,1220,False,False
681114,R10,16.46,2101,686,0.498,ladder,2,6,0,85,120,80,2,1,2.9,1.6,8.4,41.3,0.36,end,,44.4,0,693,105358,2111,True,False
681116,R10,4.09,843,433,0.488,spine,1,7,5,85,120,80,1,0,16.2,3.0,46.7,34.1,1.71,both,,0.0,0,0,0,853,False,False
681118,RS20,14.5,1325,868,0.55,ladder,2,6,0,120,170,130,4,2,20.0,1.4,19.7,52.5,0.41,both,,0.0,0,0,0,1335,False,False
681121,R10,7.71,1586,707,0.3,ladder,2,1,1,85,120,80,4,0,15.1,0.2,3.0,75.3,0.13,end,,7.1,21,20,14839,1596,True,False
681123,RS10,4.41,694,482,0.575,ladder,2,1,0,135,75,35,3,0,26.0,1.4,5.6,67.0,0.23,both,,0.0,0,0,0,704,False,False
681124,R15,3.81,992,352,0.476,spine,1,0,0,120,125,85,1,0,2.9,0.0,0.0,80.3,0.0,start,,16.8,0,248,123301,72,True,False
681125,R10,4.51,845,570,0.408,ladder,2,6,0,100,100,60,3,1,21.4,7.0,30.6,36.0,1.33,both,,0.0,0,0,0,855,False,False
681127,R15,3.34,599,347,0.698,spine,1,2,0,120,125,85,1,0,20.5,1.6,20.3,57.6,0.6,both,,0.0,0,0,0,609,False,False
681128,R15,4.25,1219,399,0.381,spine,1,0,0,100,150,110,1,0,0.0,0.0,0.0,55.1,0.0,end,,44.9,0,352,101675,-29,True,False
681131,R10,14.02,1558,1335,0.294,grid,4,9,0,85,120,80,6,0,20.2,2.5,14.9,42.8,0.64,both,,28.3,875,0,0,1568,False,False
681132,R20,5.38,620,500,0.757,spine,1,4,3,115,175,135,1,1,6.9,4.6,35.8,43.8,0.74,end,,0.0,0,0,0,630,False,False
681142,RS20,5.24,754,460,0.657,spine,1,4,0,115,175,135,1,1,17.5,2.1,36.1,35.1,0.76,end,,0.0,0,0,0,687,False,False
681148,AR2A,18.39,1569,1375,0.371,grid,3,0,0,440,200,160,5,3,16.0,0.0,0.0,48.3,0.0,both,,3.4,0,0,0,1579,False,False
681151,RS10,2.21,1114,311,0.278,spine,1,0,0,100,105,65,1,0,34.0,0.0,0.0,66.0,0.0,both,,0.0,0,0,0,1124,False,False
681157,AR2A,73.21,2727,2406,0.486,grid,5,2,0,415,210,170,9,8,10.8,0.0,5.5,27.9,0.03,start,,34.3,0,2503,120292,2737,True,False
681162,R10,87.86,2760,2245,0.618,grid,7,166,1,85,120,80,11,29,23.7,5.5,44.4,15.3,1.89,end,,4.8,728,63,10236,2770,True,True
681165,AR2A,18.9,2672,651,0.473,ladder,2,0,0,650,135,95,6,3,22.2,0.0,0.0,47.2,0.0,both,,0.2,0,0,0,2682,False,False
681178,AR2A,19.28,1613,905,0.576,ladder,2,0,0,450,195,155,4,2,16.1,0.0,0.0,64.9,0.0,end,,0.0,0,0,0,1623,False,False
681182,R15,21.76,1814,879,0.594,ladder,2,25,5,100,150,110,6,2,23.0,2.9,41.6,26.4,1.15,side,,4.1,149,0,0,1824,False,False
681183,R40,9.88,1854,582,0.399,spine,1,0,0,185,220,180,1,0,11.8,0.0,0.0,20.1,0.0,both,,78.1,845,0,0,1864,False,False
681189,R10,22.65,1573,969,0.647,grid,3,18,0,85,120,80,6,2,25.8,2.1,18.5,50.3,0.79,side,,1.4,0,0,0,1583,False,False
681198,RS80,20.16,1489,699,0.843,spine,1,2,0,365,220,180,1,4,9.0,0.0,21.6,26.4,0.1,end,,0.0,0,0,0,1442,False,False
681204,R10,4.8,805,560,0.463,ladder,2,1,0,110,95,55,2,0,5.4,1.1,4.8,37.4,0.21,end,,52.3,71,536,66547,815,True,False
681209,RS7.5,13.67,1086,698,0.786,ladder,2,35,6,75,105,65,3,6,19.2,6.8,53.4,9.9,2.56,end,,0.9,0,0,0,1096,False,False
681217,R20,10.71,2919,1537,0.104,grid,4,4,0,135,150,110,9,0,23.6,2.1,17.0,57.3,0.37,side,,0.0,0,0,0,2929,False,False
681233,R10,5.6,1755,543,0.256,ladder,2,4,1,115,90,50,3,1,23.9,3.5,16.6,46.9,0.71,start,,4.8,0,28,8683,1765,True,True
681246,RS80,37.85,1575,1497,0.7,grid,3,1,0,365,220,180,5,8,16.7,0.0,4.9,39.8,0.03,end,,0.0,0,0,0,1585,False,False
681354,AR2A,29.04,1498,1288,0.656,grid,3,0,0,475,185,145,6,0,22.0,0.0,0.0,76.6,0.0,side,,1.4,0,0,0,1508,False,False
681357,R10,38.68,1668,1550,0.652,grid,5,41,0,90,115,75,7,14,24.4,4.1,25.0,37.5,1.06,start,,0.6,0,0,0,1678,False,False
681358,R10,10.02,1393,608,0.516,ladder,2,5,1,100,105,65,4,0,23.2,1.2,12.2,60.7,0.5,start,,3.5,88,0,0,1403,False,False
681460,R15,5.74,559,533,0.84,ladder,2,6,0,170,90,50,3,2,27.0,4.7,36.8,19.4,1.05,both,,0.0,0,0,0,569,False,False
681482,R20,19.65,1803,702,0.676,ladder,2,11,1,155,130,90,5,5,21.3,2.8,26.2,31.0,0.56,start,,7.5,0,0,0,1813,False,False
681484,AR2A,26.92,2056,700,0.815,ladder,2,0,0,605,145,105,5,2,18.7,0.0,0.0,59.4,0.0,end,,7.4,188,178,69267,2066,True,True
681489,R15,4.3,,,0.758,,,0,,,,,,,,,,,,,parcel_mostly_in_flood_hazard_or_wetland,100.0,,,,,False,False
681574,R40,16.61,3100,578,0.404,spine,1,5,3,185,220,180,1,2,14.6,0.0,30.2,40.3,0.3,end,,2.3,0,74,912,2964,True,True
681579,R8,2.96,657,392,0.5,spine,1,6,3,75,110,70,1,0,20.9,1.2,47.4,30.6,2.03,start,,0.0,0,0,0,667,False,False
681583,RS15,4.53,642,486,0.633,spine,1,4,3,100,150,110,1,2,14.7,3.1,33.7,23.3,0.88,start,,6.2,0,17,5534,517,True,True
681625,RS10,3.8,1128,626,0.234,ladder,2,6,0,95,110,70,2,2,18.3,5.2,39.0,24.7,1.58,both,,0.0,0,0,0,1138,False,False
681660,RS10,6.19,1208,561,0.398,ladder,2,6,1,110,95,55,4,2,29.0,4.3,22.7,36.3,0.97,both,,0.0,0,0,0,1218,False,False
681675,R10,4.57,868,625,0.367,ladder,2,8,0,95,110,70,3,0,19.8,3.9,42.8,33.4,1.75,both,,0.0,0,0,0,878,False,False
681691,RS7.5,3.06,835,253,0.63,spine,1,6,0,100,75,35,1,1,27.4,10.5,35.7,20.5,1.96,both,,0.0,0,0,0,845,False,False
681694,AR2A,52.58,3183,1449,0.497,grid,3,3,0,415,210,170,8,8,19.5,0.0,11.4,35.7,0.06,end,,3.2,159,129,41181,3193,True,False
681699,R6,3.53,645,332,0.718,spine,1,10,2,65,95,55,1,1,22.8,6.0,48.5,17.9,2.83,both,,0.0,0,0,0,655,False,False
681723,R15,136.9,8547,2717,0.257,grid,7,62,1,100,150,110,14,5,8.3,1.6,15.5,21.4,0.45,side,,53.7,1129,3990,626404,8066,True,False
681731,R10,12.7,976,788,0.72,grid,3,18,0,115,90,50,5,6,26.6,6.0,33.6,22.6,1.42,side,,0.0,0,0,0,986,False,False
681733,R15,5.73,,,0.807,,,0,,,,,,,,,,,,,parcel_mostly_in_flood_hazard_or_wetland,99.9,,,,,False,False
681735,R15,5.25,1712,619,0.216,ladder,2,0,0,140,110,70,4,0,23.5,0.0,0.0,51.9,0.0,both,,37.9,363,0,0,1722,False,False
681736,AR2A,67.14,2639,1627,0.681,grid,4,1,0,500,175,135,5,1,7.7,0.0,2.9,31.0,0.01,start,,58.5,1208,1755,416597,2649,True,False
681741,R15,8.45,2934,1065,0.118,grid,3,3,0,115,135,95,4,0,14.5,1.7,12.6,36.6,0.36,end,,39.6,139,140,69603,767,True,False
681743,AR2A,20.06,1199,915,0.796,ladder,2,0,0,440,200,160,3,0,0.9,0.0,0.0,35.7,0.0,start,,64.3,0,1587,311530,111,True,False
681746,AR2A,58.33,3047,1699,0.491,grid,4,1,0,485,180,140,4,1,2.9,0.0,3.4,25.4,0.02,end,,65.8,337,2965,427932,3057,True,False
681747,RS20,9.89,4378,403,0.244,spine,1,0,0,135,150,110,1,0,8.8,0.0,0.0,78.8,0.0,end,,13.7,121,57,28541,3685,True,False
682183,R8,4.92,1040,353,0.585,spine,1,1,0,75,110,70,1,0,6.8,0.2,4.4,13.5,0.2,end,,75.1,0,628,7312,184,True,False
682239,R8,21.02,1172,1030,0.758,grid,3,58,1,75,110,70,4,9,19.4,7.2,57.0,7.7,2.76,start,,0.0,0,0,0,1182,False,False
682268,AR2A,22.98,1484,987,0.683,ladder,2,1,0,410,215,175,4,3,17.1,0.0,8.5,47.2,0.04,both,,1.4,0,0,0,1494,False,False
682338,RS7.5,3.24,889,192,0.825,single_loaded,1,8,0,75,105,65,1,1,21.8,0.0,58.2,12.7,2.47,end,,0.0,0,0,0,842,False,False
682395,AR2A,20.93,1431,882,0.722,ladder,2,0,0,460,190,150,4,0,19.9,0.0,0.0,79.4,0.0,end,,0.7,0,0,0,1441,False,False
682402,AR2A,24.21,2123,728,0.683,ladder,2,0,0,585,150,110,5,1,23.6,0.0,0.0,66.6,0.0,end,,1.2,0,22,6893,2133,True,False
682435,AR2A,22.38,,,0.824,,,0,,,,,,,,,,,,,parcel_mostly_in_flood_hazard_or_wetland,100.0,,,,,False,False
682463,AR2A,27.55,2126,884,0.639,ladder,2,0,0,460,190,150,5,3,18.9,0.0,0.0,53.5,0.0,both,,6.2,123,0,0,2136,False,False
682545,R15,8.66,1102,570,0.6,ladder,2,9,0,160,95,55,3,2,23.4,7.2,37.6,21.1,1.04,start,,5.9,173,0,0,1112,False,False
682551,RS10,2.8,560,328,0.665,spine,1,2,0,90,115,75,2,1,23.9,2.6,16.9,33.3,0.71,side,,15.9,0,80,21491,425,True,False
682572,R10,10.78,1254,506,0.739,ladder,2,15,2,125,80,40,4,6,29.3,5.2,32.9,19.7,1.39,both,,0.0,0,0,0,1264,False,False
682602,R8,20.05,1343,1074,0.605,grid,4,51,3,90,90,50,6,2,27.4,6.1,48.8,12.2,2.54,end,,4.4,108,0,0,1353,False,False
682644,R8,10.74,861,835,0.651,grid,3,27,1,85,95,55,4,4,25.0,7.6,47.7,12.7,2.51,start,,0.0,0,0,0,871,False,False
682649,R10,3.08,837,167,0.958,single_loaded,1,7,0,95,110,70,1,1,32.5,0.0,54.8,4.9,2.27,end,,0.0,0,0,0,790,False,False
682687,AR2A,19.51,1920,668,0.663,spine,1,2,1,400,220,180,1,1,7.6,0.0,22.5,51.1,0.1,both,,7.0,82,0,0,1930,False,False
682704,AR2A,18.51,1611,610,0.821,spine,1,3,0,400,220,180,1,0,10.3,0.0,38.1,46.0,0.16,both,,6.2,85,0,0,1621,False,False
682812,AR2A,20.04,2132,523,0.783,spine,1,1,0,400,220,180,1,2,13.2,0.0,10.5,32.0,0.05,end,,27.6,567,0,0,2085,False,False
682870,AR2A,19.46,1118,788,0.962,ladder,2,1,0,530,165,125,3,2,16.4,0.0,10.9,51.2,0.05,start,,0.0,0,0,0,1128,False,False
682927,AR2A,41.44,2016,1009,0.887,ladder,2,5,0,400,220,180,5,4,15.9,0.0,24.6,35.6,0.12,start,,5.5,286,0,0,2026,False,False
682946,AR2A,18.74,1354,873,0.691,ladder,2,0,0,460,190,150,4,3,15.4,0.0,0.0,54.1,0.0,end,,0.0,0,0,0,1364,False,False
682985,AR2A,20.28,1285,918,0.749,ladder,2,0,0,440,200,160,4,2,18.5,0.0,0.0,61.5,0.0,end,,0.0,0,0,0,1295,False,False
682986,AR2A,31.79,2307,762,0.788,ladder,2,1,0,545,160,120,5,3,19.7,0.0,6.5,54.3,0.03,end,,0.0,0,0,0,2317,False,False
682992,AR2A,26.22,2476,632,0.73,spine,1,3,1,400,220,180,1,3,12.1,0.0,25.9,33.7,0.11,start,,1.9,204,0,0,2429,False,False
682993,AR2A,25.84,2157,944,0.553,ladder,2,2,0,425,205,165,5,4,16.8,0.0,15.4,20.7,0.08,start,,19.3,573,0,0,2167,False,False
682994,AR2A,20.14,2682,553,0.592,spine,1,2,1,400,220,180,1,3,12.7,0.0,21.3,23.3,0.1,start,,12.1,450,0,0,2635,False,False
682999,AR2A,20.91,3592,658,0.386,ladder,2,0,0,650,135,95,7,0,20.4,0.0,0.0,74.4,0.0,start,,5.2,0,143,64723,3602,True,True
683004,AR2A,37.91,2231,1602,0.462,grid,3,3,1,400,220,180,7,3,18.2,0.0,17.0,39.1,0.08,side,,9.9,356,0,0,2241,False,False
683006,AR2A,42.36,4375,789,0.535,ladder,2,0,0,530,165,125,8,6,17.6,0.0,0.0,32.3,0.0,end,,22.0,0,1065,7795,3543,True,True
683009,AR2A,81.46,3889,1202,0.759,grid,3,0,0,515,170,130,9,2,20.4,0.0,0.0,69.9,0.0,start,,6.1,630,0,0,3899,False,True
683019,AR2A,19.48,1948,615,0.709,spine,1,1,0,400,220,180,1,4,10.6,0.0,12.3,20.2,0.05,start,,9.3,51,0,0,1901,False,False
683023,AR2A,19.18,2314,684,0.528,ladder,2,0,0,625,140,100,5,0,24.2,0.0,0.0,75.6,0.0,both,,0.2,0,0,0,2324,False,False
683033,AR2A,31.15,2992,626,0.724,spine,1,2,0,400,220,180,1,5,12.3,0.0,15.3,34.3,0.06,end,,0.0,0,0,0,2945,False,False
683103,R40,11.92,835,666,0.933,spine,1,5,0,185,220,180,1,2,9.1,0.0,46.1,23.8,0.42,end,,2.5,0,0,0,788,False,False
683454,AR2A,25.84,1878,916,0.654,ladder,2,1,0,440,200,160,5,2,17.5,0.0,7.9,58.9,0.04,start,,0.0,0,0,0,1888,False,False
683509,AR2A,61.62,2771,1408,0.688,grid,3,3,0,425,205,165,7,10,19.7,0.0,9.7,37.6,0.05,end,,0.9,110,0,0,2781,False,False
683524,RS80,16.71,2413,433,0.696,spine,1,1,0,435,185,145,1,4,15.4,0.0,11.3,28.1,0.06,end,,0.0,0,0,0,2366,False,False
683542,RS80,34.07,2258,1057,0.622,ladder,2,2,0,365,220,180,5,6,15.3,0.0,11.6,39.9,0.06,end,,0.0,0,0,0,2268,False,False
683547,R20,17.35,1756,724,0.594,ladder,2,14,1,150,135,95,4,6,18.9,3.3,38.0,23.3,0.81,start,,0.3,0,0,0,1766,False,False
683571,AR2A,18.22,1740,636,0.717,spine,1,0,0,400,220,180,1,0,0.0,0.0,0.0,32.5,0.0,end,,67.5,0,1689,258124,-30,True,False
683574,R20,5.6,921,495,0.535,spine,1,4,0,115,175,135,1,1,14.1,4.3,37.2,35.1,0.71,start,,0.0,0,0,0,854,False,False
683575,R20,7.65,1034,373,0.865,spine,1,7,0,150,135,95,1,1,16.8,5.9,43.0,28.1,0.92,end,,0.0,0,0,0,967,False,False
683579,R20,18.37,1715,473,0.987,spine,1,21,0,115,175,135,1,4,11.2,6.5,56.8,8.7,1.14,end,,5.8,0,104,21344,1548,True,True
683581,AR2A,38.97,2316,1410,0.52,grid,3,3,0,425,205,165,6,2,17.9,0.0,15.1,49.9,0.08,start,,8.0,188,143,74191,2326,True,True
683585,AR2A,24.37,1798,1266,0.467,grid,3,0,0,485,180,140,6,1,22.4,0.0,0.0,65.7,0.0,start,,4.8,160,0,0,1808,False,False
683595,AR2A,63.2,2506,1800,0.61,grid,4,1,0,450,195,155,8,4,19.3,0.0,3.2,54.3,0.02,start,,11.7,29,224,26614,2516,True,True
683601,R20,18.12,1818,725,0.599,ladder,2,15,0,150,135,95,5,4,20.3,4.8,38.8,23.1,0.83,start,,2.6,0,0,0,1828,False,False
683602,R20,5.15,1353,534,0.311,spine,1,4,3,115,175,135,1,0,22.7,0.7,39.0,35.2,0.78,start,,2.4,0,0,0,1286,False,False
683609,R20,9.78,1614,421,0.626,spine,1,7,0,125,160,120,1,2,20.1,3.3,33.4,31.2,0.72,end,,2.7,0,0,0,1547,False,False
683634,R25,10.63,1202,678,0.569,ladder,2,5,0,200,125,75,4,2,22.4,5.2,27.5,33.8,0.47,start,,0.0,0,0,0,1212,False,False
683649,AR2A,26.87,4444,386,0.682,spine,1,0,0,530,165,125,1,5,19.0,0.0,0.0,42.1,0.0,end,,3.4,237,0,0,4397,False,False
683668,AR2A,42.09,2210,993,0.835,ladder,2,4,0,400,220,180,5,8,15.5,0.0,19.2,27.7,0.1,start,,0.0,0,0,0,2220,False,False
683675,R20,27.65,1784,1419,0.476,grid,3,25,1,115,175,135,4,7,14.4,4.5,45.1,23.0,0.9,both,,0.0,0,0,0,1794,False,False
683715,AR2A,31.02,1888,1174,0.61,grid,3,1,0,530,165,125,6,0,21.4,0.0,6.8,65.4,0.03,start,,7.7,279,0,0,1898,False,True
683723,AR2A,23.92,1266,1110,0.742,ladder,2,2,1,400,220,180,5,2,18.2,0.0,18.4,39.1,0.08,side,,6.2,118,0,0,1276,False,False
683731,AR2A,41.61,2141,1306,0.648,grid,3,1,0,460,190,150,6,11,18.7,0.0,4.8,24.0,0.02,both,,0.0,0,0,0,2151,False,False
683771,AR2A,23.55,1987,889,0.581,ladder,2,0,0,460,190,150,4,0,8.5,0.0,0.0,35.0,0.0,side,,58.5,0,942,160350,1997,True,False
683774,R25,41.76,2692,1068,0.633,ladder,2,31,5,130,195,145,6,3,17.3,2.6,45.3,26.6,0.74,start,,3.6,0,0,0,2702,False,False
683800,AR2A,71.5,4245,1492,0.492,grid,3,7,0,400,220,180,10,6,19.0,0.0,19.7,43.4,0.1,start,,1.1,0,11,27292,4255,True,False
683814,R20,20.58,1879,666,0.716,ladder,2,17,0,170,120,80,5,6,22.2,5.8,39.7,18.3,0.83,end,,0.0,0,0,0,1889,False,False
683836,AR2A,37.22,3242,821,0.609,ladder,2,0,0,500,175,135,7,0,20.5,0.0,0.0,76.4,0.0,start,,4.5,211,0,0,3252,False,False
683839,RS80,20.35,1344,960,0.687,ladder,2,3,0,385,210,170,4,2,16.5,0.0,27.4,37.5,0.15,end,,0.7,0,0,0,1354,False,False
683842,AR2A,26.34,2057,767,0.727,ladder,2,0,0,545,160,120,5,1,21.0,0.0,0.0,68.5,0.0,start,,4.0,163,0,0,2067,False,False
683845,AR2A,20.41,1398,732,0.869,ladder,2,0,0,565,155,115,4,4,19.2,0.0,0.0,42.5,0.0,start,,0.1,0,0,0,1408,False,False
683884,RS80,17.02,1130,1092,0.601,ladder,2,0,0,365,220,180,3,4,14.1,0.0,0.0,41.8,0.0,end,,0.0,0,0,0,1140,False,False
683898,AR2A,70.31,3026,1190,0.851,ladder,2,7,1,400,220,180,7,11,12.9,0.0,22.2,23.7,0.1,start,,7.2,0,359,249041,2797,True,False
683899,R40,11.21,961,623,0.816,spine,1,4,1,185,220,180,1,2,10.4,0.0,37.8,16.9,0.36,end,,17.7,223,0,0,914,False,False
683905,R20,12.04,1372,579,0.661,spine,1,11,2,115,175,135,1,3,11.8,4.4,50.3,18.7,0.91,start,,0.9,0,0,0,1305,False,False
683933,AR2A,24.57,1841,824,0.706,ladder,2,0,0,500,175,135,5,1,21.1,0.0,0.0,71.1,0.0,start,,0.0,0,0,0,1851,False,False
683972,R40,9.97,948,816,0.561,ladder,2,3,0,230,175,135,3,0,16.1,0.0,27.8,49.4,0.3,both,,6.7,0,0,0,958,False,False
683995,AR2A,27.73,1641,1212,0.607,grid,3,0,0,515,170,130,5,1,19.3,0.0,0.0,69.7,0.0,start,,4.9,214,0,0,1651,False,False
684017,AR2A,50.62,3093,1487,0.479,grid,3,4,0,400,220,180,8,5,18.8,0.0,15.8,42.7,0.08,start,,4.6,111,0,0,3103,False,False
684050,RS80,22.52,1832,1235,0.434,ladder,2,2,0,365,220,180,4,2,12.1,0.0,17.9,49.8,0.09,end,,4.0,181,0,0,1842,False,False
684057,R20,111.68,4277,1839,0.619,grid,4,120,11,115,175,135,11,20,19.0,3.5,50.5,16.1,1.07,start,,2.9,323,191,59635,4287,True,True
684080,AR2A,43.3,3056,631,0.978,ladder,2,0,0,675,130,90,7,7,21.0,0.0,0.0,43.9,0.0,start,,4.0,182,117,3346,2967,True,False
684087,RS40,10.12,927,694,0.685,ladder,2,1,0,280,145,105,2,1,13.0,0.0,9.1,44.7,0.1,start,,24.0,0,415,46992,937,True,False
684089,R20,4.55,1644,236,0.512,single_loaded,1,0,0,115,175,135,1,1,22.0,0.0,0.0,59.8,0.0,end,,9.7,39,0,0,1597,False,False
684113,R20,12.47,1014,755,0.71,ladder,2,12,0,140,145,105,3,1,18.2,4.9,45.0,20.8,0.96,start,,9.2,140,0,0,1024,False,False
684123,R20,8.38,1062,1006,0.342,ladder,2,7,0,115,175,135,3,1,17.3,3.8,39.5,33.7,0.83,start,,0.3,0,0,0,1072,False,False
684143,AR2A,39.47,2430,1087,0.651,ladder,2,3,1,400,220,180,6,6,18.7,0.0,15.8,30.2,0.08,start,,4.9,140,0,0,2440,False,False
684147,R20,8.9,1157,506,0.663,spine,1,0,0,115,175,135,1,0,0.0,0.0,0.0,38.8,0.0,start,,61.2,0,737,150482,-7,True,False
684166,AR2A,29.04,2727,594,0.781,spine,1,3,0,400,220,180,1,6,12.0,0.0,24.6,13.4,0.1,end,,1.9,92,0,0,2680,False,False
684182,RS80,20.8,1417,1151,0.556,ladder,2,2,1,365,220,180,4,2,14.2,0.0,19.7,43.5,0.1,end,,4.3,0,0,0,1427,False,False
684194,RS80,30.12,1194,1188,0.925,ladder,2,2,1,365,220,180,4,4,13.6,0.0,13.5,46.3,0.07,both,,0.0,0,0,0,1204,False,False
684204,RS15,3.18,552,262,0.957,spine,1,2,0,150,100,60,2,2,25.6,0.0,22.4,30.0,0.63,side,,0.0,0,0,0,562,False,False
684222,RS15,10.53,1701,735,0.367,ladder,2,9,0,110,140,100,3,5,13.6,5.8,30.5,33.4,0.85,both,,0.0,0,0,0,1711,False,False
684225,RS15,12.06,834,750,0.839,ladder,2,18,0,105,145,105,3,3,19.0,5.1,52.1,15.1,1.49,both,,0.0,0,0,0,844,False,False
684235,RS15,3.1,948,150,0.95,single_loaded,1,4,0,170,90,50,1,1,36.4,0.0,47.2,4.4,1.29,start,,0.0,0,0,0,901,False,False
684238,RS15,6.23,1478,313,0.587,spine,1,3,0,145,105,65,1,1,28.9,1.9,17.2,42.5,0.48,both,,3.8,0,0,0,1488,False,False
684265,RS15,12.14,1275,564,0.734,ladder,2,11,0,160,95,55,4,4,21.1,6.7,32.5,22.4,0.91,end,,7.5,200,0,0,1285,False,False
684284,RS7.5,2.08,365,351,0.706,spine,1,0,0,75,105,65,2,0,29.7,0.0,0.0,20.6,0.0,side,,68.7,0,430,12414,-335,True,False
684343,RS15,5.05,,,0.927,,,0,,,,,,,,,,,,,parcel_mostly_in_flood_hazard_or_wetland,92.6,,,,,False,False
684351,RS15,5.43,1126,225,0.934,single_loaded,1,8,0,100,150,110,1,2,22.2,0.0,57.2,6.2,1.47,end,,0.0,0,0,0,1079,False,False
684378,RS15,6.01,1614,380,0.427,spine,1,7,0,110,140,100,1,0,15.8,2.2,41.5,40.5,1.16,start,,0.0,0,0,0,1547,False,False
684387,RS7.5,18.05,1188,855,0.774,grid,3,29,0,75,100,60,5,4,17.2,3.9,28.0,14.2,1.61,side,,33.7,340,961,40870,771,True,False
684389,RS10,5.19,1385,319,0.511,spine,1,1,0,95,110,70,1,0,7.3,0.3,4.5,9.2,0.19,start,,79.2,0,228,600,387,True,False
684409,R8,19.44,1544,1411,0.389,grid,5,42,1,80,100,60,7,9,26.5,5.3,39.8,17.2,2.16,end,,3.5,126,0,0,1554,False,False
684411,RS15,10.13,1191,795,0.466,ladder,2,9,1,100,150,110,4,3,18.0,3.5,31.5,36.5,0.89,end,,0.0,0,0,0,1201,False,False
684425,RS15,6.35,2153,180,0.715,single_loaded,1,8,0,125,120,80,1,2,8.6,0.0,44.3,25.0,1.26,both,,11.2,0,0,0,2163,False,False
684426,RS15,5.87,535,503,0.949,spine,1,6,1,100,150,110,2,1,16.1,4.9,43.1,21.9,1.02,side,,6.6,0,0,0,545,False,False
684457,RS15,19.21,1460,669,0.857,ladder,2,28,1,125,120,80,4,6,19.6,6.4,52.3,10.5,1.46,end,,0.0,0,0,0,1470,False,False
684467,RS15,15.19,1719,531,0.725,ladder,2,16,0,170,90,50,4,7,23.5,7.8,37.0,15.6,1.05,end,,0.0,0,0,0,1729,False,False
684470,RS15,9.63,,,0.608,,,0,,,,,,,,,,,,,parcel_mostly_in_flood_hazard_or_wetland,92.4,,,,,False,False
684488,RS15,18.01,1405,932,0.599,ladder,2,21,3,100,150,110,5,4,22.1,4.1,43.8,21.4,1.17,side,,0.0,0,0,0,1415,False,False
684518,RS15,4.58,729,404,0.678,spine,1,6,0,100,150,110,1,1,17.2,6.2,46.2,22.6,1.31,end,,0.0,0,0,0,739,False,False
684544,R10,4.37,670,300,0.948,spine,1,10,0,100,100,60,2,2,22.4,10.0,53.5,3.4,2.29,side,,0.0,0,0,0,680,False,False
684552,AR2A,38.36,1598,1325,0.789,grid,3,5,0,460,190,150,5,8,17.1,0.0,26.3,14.2,0.13,both,,1.0,0,0,0,1608,False,False
684559,RS10,33.45,1614,1314,0.687,grid,4,64,1,85,120,80,6,16,21.7,5.2,45.0,16.8,1.91,both,,0.0,0,0,0,1624,False,False
684560,RS15,4.12,749,348,0.689,spine,1,0,0,120,125,85,2,0,20.3,0.0,0.0,27.6,0.0,side,,64.8,0,810,40125,-525,True,False
684573,RS15,5.09,1008,420,0.524,spine,1,2,0,100,150,110,1,0,20.0,0.5,14.5,50.2,0.39,start,,17.2,76,0,0,941,False,False
684585,RS15,8.99,1098,622,0.574,ladder,2,7,0,140,110,70,3,3,20.7,4.3,27.6,23.9,0.78,both,,11.5,0,0,0,1108,False,False
684840,R10,11.37,1820,443,0.614,spine,1,19,19,85,120,80,1,0,14.2,6.3,44.3,35.2,1.67,both,,0.0,0,0,0,1830,False,False
684876,RS40,36.78,3129,1291,0.397,grid,3,9,0,220,185,145,8,8,20.1,0.0,22.8,34.2,0.24,end,,3.5,0,0,0,3139,False,False
684897,RS40,27.51,2856,461,0.91,spine,1,16,0,200,200,160,1,9,12.1,0.0,53.6,4.6,0.58,start,,0.0,0,0,0,2809,False,False
684905,AR2A,29.45,2201,1048,0.556,ladder,2,2,0,400,220,180,5,6,16.4,0.0,14.6,26.6,0.07,end,,0.0,0,0,0,2211,False,False
684919,AR2A,22.99,1396,1039,0.69,ladder,2,2,0,400,220,180,4,4,14.3,0.0,18.1,30.9,0.09,end,,0.0,0,0,0,1406,False,False
684923,AR2A,42.36,2743,801,0.84,ladder,2,0,0,515,170,130,6,6,18.1,0.0,0.0,53.9,0.0,end,,0.0,0,0,0,2753,False,False
684926,RS40,12.04,1688,349,0.89,spine,1,3,0,280,145,105,1,4,18.0,0.0,23.2,28.1,0.25,end,,0.0,0,0,0,1641,False,False
684930,AR2A,72.2,2633,1350,0.885,grid,3,13,0,450,195,155,7,11,17.8,0.0,36.3,13.2,0.18,start,,2.5,251,0,0,2643,False,False
684944,AR2A,20.53,2194,1070,0.381,ladder,2,1,0,400,220,180,5,1,15.1,0.0,9.8,58.9,0.05,start,,5.4,0,32,22988,2204,True,False
684950,AR2A,37.75,2768,1588,0.374,grid,4,0,0,515,170,130,8,0,18.3,0.0,0.0,66.6,0.0,start,,17.0,418,485,109898,2778,True,False
684964,RS40,8.79,945,652,0.621,ladder,2,0,0,300,135,95,3,3,24.3,0.0,0.0,44.0,0.0,end,,0.0,0,0,0,955,False,False
684968,AR2A,26.09,2430,1116,0.419,ladder,2,2,1,400,220,180,3,3,10.5,0.0,16.9,47.6,0.08,both,,1.1,0,0,0,2440,False,False
684974,AR2A,21.55,1412,757,0.878,ladder,2,0,0,545,160,120,4,3,18.6,0.0,0.0,53.4,0.0,end,,1.0,0,0,0,1422,False,False
684980,AR2A,31.73,2501,656,0.842,spine,1,4,1,400,220,180,1,6,9.6,0.0,29.3,16.3,0.13,end,,0.0,0,0,0,2454,False,False
684984,R40,12.25,975,762,0.718,ladder,2,5,0,250,160,120,3,1,19.9,0.0,37.0,32.5,0.41,end,,4.1,137,0,0,985,False,False
684985,AR2A,22.68,1821,859,0.631,ladder,2,0,0,475,185,145,5,0,20.8,0.0,0.0,78.3,0.0,both,,1.0,0,0,0,1831,False,False
684992,AR2A,19.22,2287,739,0.496,ladder,2,0,0,565,155,115,5,2,19.0,0.0,0.0,56.3,0.0,end,,4.7,0,90,35987,2006,True,False
684997,AR2A,65.38,2390,1669,0.714,grid,3,3,0,400,220,180,7,6,15.8,0.0,10.2,35.4,0.05,start,,22.0,568,0,0,2400,False,False
685008,RS40,21.79,1322,966,0.743,ladder,2,5,0,195,210,170,3,1,12.1,0.0,21.4,50.6,0.23,end,,12.4,111,333,209299,1332,True,False
685018,AR2A,31.24,1913,811,0.877,ladder,2,0,0,500,175,135,5,3,18.7,0.0,0.0,62.8,0.0,both,,0.0,0,0,0,1923,False,False
685019,AR2A,19.18,1412,615,0.962,spine,1,2,0,400,220,180,1,4,9.5,0.0,24.9,16.1,0.1,end,,0.0,0,0,0,1365,False,False
685025,AR2A,38.79,1645,1068,0.962,ladder,2,6,2,400,220,180,4,7,13.5,0.0,33.0,14.7,0.15,end,,0.0,0,0,0,1655,False,False
685037,AR2A,49.14,2417,1369,0.647,grid,3,1,0,440,200,160,7,5,18.9,0.0,4.2,56.7,0.02,start,,0.0,0,0,0,2427,False,False
685199,RS10,31.31,1292,1128,0.936,grid,3,65,4,85,120,80,5,12,19.5,6.0,54.5,10.0,2.08,end,,0.0,0,0,0,1302,False,False
685242,RS10,2.53,1200,490,0.187,ladder,2,0,0,125,80,40,5,1,38.9,2.3,0.0,49.8,0.0,side,,0.0,0,0,0,1210,False,False
685389,RS10,14.55,1071,987,0.6,grid,3,7,0,85,120,80,4,1,12.8,1.6,11.1,24.0,0.48,end,,50.7,213,983,27549,869,True,False
685407,RS7.5,9.17,776,519,0.992,ladder,2,28,0,90,85,45,3,2,23.9,10.1,54.9,7.1,3.05,end,,0.0,0,0,0,786,False,False
685428,RS80,36.28,3015,870,0.603,ladder,2,2,0,435,185,145,5,0,9.7,0.0,10.6,24.9,0.06,end,,57.1,437,1814,24347,1942,True,False
685442,R6,8.84,819,581,0.81,ladder,2,32,3,65,95,55,3,4,23.6,5.3,55.9,8.4,3.62,end,,0.0,0,0,0,829,False,False
685455,RS15,6.37,1264,239,0.92,spine,1,5,0,170,90,50,1,3,25.5,0.0,27.9,30.2,0.78,end,,0.0,0,0,0,1217,False,False
685496,R8,17.57,1226,789,0.791,grid,3,39,0,90,90,50,5,9,27.8,6.7,41.4,14.5,2.22,both,,0.0,0,0,0,1236,False,False
685559,R10,7.27,650,577,0.844,ladder,2,12,0,100,100,60,4,1,26.1,5.2,38.4,27.1,1.65,side,,0.0,0,0,0,660,False,False
685562,RS80,17.92,1330,777,0.755,ladder,2,5,0,485,165,125,3,0,16.9,0.0,50.8,29.6,0.28,end,,2.8,23,96,33320,1076,True,True
685610,RS80,29.69,1444,1328,0.674,grid,3,2,0,425,190,150,5,4,18.9,0.0,12.5,44.1,0.07,start,,0.0,0,0,0,1454,False,False
685618,RS80,22.25,1398,781,0.887,ladder,2,1,0,485,165,125,5,0,15.9,0.0,8.5,39.7,0.04,side,,39.3,1060,1060,1651,778,True,False
685619,RS40,34.21,2115,1041,0.677,ladder,2,11,2,185,220,180,5,1,18.2,0.0,30.1,48.4,0.32,start,,1.2,150,0,0,2125,False,False
685659,RS80,17.9,1133,901,0.764,ladder,2,1,0,415,195,155,4,2,18.8,0.0,10.6,45.7,0.06,side,,5.1,0,70,16148,1143,True,False
685679,RS10,2.45,851,219,0.574,spine,1,5,0,125,80,40,1,1,25.3,0.0,47.8,17.3,2.04,both,,0.0,0,0,0,861,False,False
685716,R10,4.97,991,233,0.939,spine,1,7,1,120,85,45,1,0,23.7,0.0,33.9,23.8,1.41,end,,22.4,157,68,368,859,True,False
685750,AR2A,20.79,1966,777,0.592,ladder,2,0,0,530,165,125,5,3,18.9,0.0,0.0,52.3,0.0,end,,0.0,0,0,0,1976,False,False
685754,RS20,5.14,707,597,0.53,spine,1,1,0,115,175,135,1,0,5.8,1.0,10.5,64.3,0.19,end,,18.4,0,94,89574,495,True,False
685766,RS20,11.88,969,603,0.885,spine,1,12,0,115,175,135,1,3,9.6,6.5,57.3,12.3,1.01,both,,0.0,0,0,0,979,False,False
685772,R15,10.57,1052,445,0.983,spine,1,14,0,100,150,110,2,4,14.8,6.8,53.2,10.0,1.32,side,,0.0,0,0,0,1062,False,False
685787,RS15,21.75,1804,783,0.671,ladder,2,25,0,100,150,110,5,3,22.5,2.8,39.9,26.7,1.15,start,,4.1,146,0,0,1814,False,False
685797,RS15,3.35,601,361,0.672,spine,1,5,0,120,130,90,1,1,18.6,8.4,54.3,7.9,1.49,start,,0.0,0,0,0,611,False,False
685889,AR2A,30.78,1280,1121,0.934,ladder,2,2,0,400,220,180,4,3,14.0,0.0,15.5,47.3,0.06,both,,0.0,0,0,0,1290,False,False
685951,R20,28.05,2253,656,0.827,ladder,2,25,0,170,120,80,5,11,21.6,6.2,42.1,11.7,0.89,both,,0.0,0,0,0,2263,False,False
685982,R20,10.88,1396,756,0.449,ladder,2,9,0,140,145,105,4,2,18.6,4.8,39.2,28.6,0.83,both,,0.0,0,0,0,1406,False,False
685986,R20,15.05,1131,582,0.995,spine,1,14,0,115,175,135,1,4,9.7,6.3,52.5,16.5,0.93,end,,0.0,0,0,0,1064,False,False
686007,R10,8.89,885,447,0.979,spine,1,16,0,85,120,80,1,2,12.8,7.9,56.0,16.3,1.8,end,,0.0,0,0,0,818,False,False
686195,R8,6.86,789,511,0.741,ladder,2,14,0,95,85,45,3,3,25.9,8.0,37.9,15.9,2.04,both,,5.6,67,0,0,799,False,False
686238,R10,6.88,1470,490,0.417,ladder,2,2,1,135,75,35,3,0,9.7,1.1,7.0,13.9,0.29,start,,68.3,0,697,650,585,True,False
686256,R15,128.96,3699,2110,0.72,grid,5,151,1,100,150,110,11,26,17.3,4.0,42.0,17.5,1.17,start,,12.2,270,1804,322877,3709,True,False
686260,R15,5.18,822,415,0.662,spine,1,5,1,100,150,110,1,1,15.6,1.9,34.7,40.8,0.97,end,,0.0,0,0,0,755,False,False
686276,R15,14.31,1043,769,0.777,ladder,2,20,0,105,145,105,3,5,17.9,5.2,50.0,14.7,1.4,both,,0.0,0,0,0,1053,False,False
686277,RS20,4.49,743,297,0.884,spine,1,5,0,170,120,80,1,2,18.9,0.0,51.7,8.6,1.11,end,,0.0,0,0,0,696,False,False
686287,R6,3.51,499,350,0.876,spine,1,10,1,65,95,55,1,2,17.9,9.6,53.5,8.2,2.85,both,,0.0,0,0,0,509,False,False
686343,AR2A,22.15,1378,1300,0.539,grid,4,0,0,650,135,95,6,1,23.6,0.0,0.0,67.6,0.0,start,,0.0,0,0,0,1388,False,False
686349,AR2A,27.94,1587,894,0.857,ladder,2,2,0,450,195,155,4,5,17.1,0.0,14.5,33.0,0.07,end,,0.2,0,0,0,1597,False,False
686359,AR2A,42.78,2156,2042,0.423,grid,4,1,0,400,220,180,7,5,18.7,0.0,4.7,51.5,0.02,end,,2.5,124,0,0,2166,False,True
686360,AR2A,22.91,2071,943,0.511,ladder,2,0,0,425,205,165,5,4,16.1,0.0,0.0,49.5,0.0,both,,0.0,0,0,0,2081,False,False
686365,AR2A,32.9,1802,1237,0.643,grid,3,0,0,500,175,135,6,3,20.4,0.0,0.0,60.4,0.0,both,,0.0,0,0,0,1812,False,False
686367,RS80,106.6,5182,2116,0.423,grid,4,13,1,365,220,180,12,6,18.7,0.0,22.6,41.1,0.12,start,,8.2,337,0,0,5192,False,False
686371,R15,5.57,703,509,0.678,spine,1,6,3,100,150,110,1,2,11.6,0.6,42.5,30.9,1.08,start,,0.0,0,0,0,713,False,False
686386,AR2A,18.24,2650,641,0.468,spine,1,1,0,400,220,180,1,1,14.1,0.0,12.8,57.3,0.05,end,,4.3,87,0,0,2603,False,False
686387,RS15,4.96,816,277,0.954,spine,1,6,0,170,90,50,1,2,21.1,10.3,43.0,11.2,1.21,end,,0.0,0,0,0,749,False,False
686388,AR2A,26.56,2134,788,0.688,ladder,2,0,0,530,165,125,5,2,19.4,0.0,0.0,63.7,0.0,end,,1.7,0,0,0,2144,False,False
686391,R15,5.07,1445,288,0.531,spine,1,1,0,160,95,55,1,2,32.3,1.0,6.8,46.7,0.2,end,,0.0,0,0,0,1378,False,False
686400,RS40,10.01,1045,547,0.763,spine,1,3,2,185,220,180,1,1,10.7,0.0,28.8,38.4,0.3,start,,11.9,0,0,0,998,False,False
686401,RS20,10.34,964,627,0.745,ladder,2,4,0,185,110,70,3,3,21.4,3.0,18.7,21.1,0.39,end,,23.0,69,0,0,974,False,False
686402,AR2A,20.13,2127,785,0.525,ladder,2,0,0,530,165,125,5,3,18.8,0.0,0.0,50.5,0.0,start,,0.0,0,0,0,2137,False,False
686405,R15,4.21,1172,229,0.684,single_loaded,1,6,0,100,150,110,1,1,13.8,0.0,56.7,18.9,1.43,start,,1.2,0,0,0,1125,False,False
686409,R20,6.18,981,366,0.751,spine,1,3,0,150,135,95,1,0,19.2,1.0,22.2,47.1,0.49,both,,10.6,0,0,0,991,False,False
686415,R20,7.45,1607,539,0.375,spine,1,4,3,115,175,135,1,0,18.9,0.3,26.4,54.3,0.54,start,,0.0,0,0,0,1540,False,False
686426,AR2A,63.13,4026,1862,0.367,grid,4,0,0,425,205,165,9,10,17.0,0.0,0.0,46.1,0.0,end,,5.6,81,179,87226,4036,True,True
686428,R15,9.92,863,788,0.636,ladder,2,15,0,100,150,110,3,4,20.0,4.6,52.9,8.3,1.51,end,,0.0,0,0,0,873,False,False
686430,R20,5.22,1146,291,0.682,spine,1,3,0,175,115,75,1,0,18.6,0.0,27.2,23.9,0.57,both,,41.3,449,0,0,1156,False,False
686442,AR2A,25.14,1614,836,0.812,ladder,2,0,0,485,180,140,5,3,21.9,0.0,0.0,51.6,0.0,side,,3.9,0,0,0,1624,False,False
686445,RS80,22.06,2145,528,0.848,spine,1,3,2,365,220,180,1,4,11.2,0.0,25.6,13.8,0.14,start,,16.8,333,0,0,2098,False,False
686447,R15,21.29,2184,916,0.464,ladder,2,23,1,100,150,110,4,6,14.7,4.9,42.9,16.7,1.08,start,,9.8,0,0,0,2194,False,False
686460,AR2A,49.4,2763,1427,0.546,grid,3,2,0,415,210,170,7,6,16.0,0.0,8.1,45.1,0.04,end,,8.1,284,6,4739,2773,True,True
686470,R20,5.95,977,497,0.533,spine,1,2,1,115,175,135,1,0,18.2,0.1,16.7,48.4,0.34,end,,18.7,77,0,0,910,False,False
686478,AR2A,18.45,1384,1044,0.556,ladder,2,1,0,400,220,180,4,4,15.6,0.0,10.5,29.2,0.05,both,,1.1,0,0,0,1394,False,False
686480,R15,5.67,793,444,0.701,spine,1,7,2,100,150,110,1,1,15.3,4.9,47.5,23.6,1.24,both,,2.9,59,0,0,803,False,False
686488,AR2A,20.73,2033,497,0.894,spine,1,2,0,400,220,180,1,6,11.2,0.0,19.3,11.9,0.1,start,,0.0,0,0,0,1986,False,False
686499,AR2A,62.86,3353,1610,0.507,grid,3,4,1,400,220,180,8,10,18.3,0.0,12.8,34.6,0.06,end,,2.4,62,0,0,3363,False,False
686503,RS15,6.56,756,649,0.582,ladder,2,2,1,135,115,75,3,0,20.4,0.7,10.9,10.9,0.3,both,,72.6,661,0,0,766,False,False
686506,RS20,10.1,750,638,0.919,ladder,2,6,0,175,115,75,3,1,21.8,3.5,27.7,42.2,0.59,both,,0.0,0,0,0,760,False,False
686510,R10,6.1,648,462,0.887,ladder,2,11,0,145,70,30,4,1,30.6,8.1,43.7,13.6,1.8,side,,0.0,0,0,0,658,False,False
686516,R15,32.7,2002,828,0.859,ladder,2,38,2,100,150,110,5,6,17.0,3.9,43.9,8.0,1.16,start,,24.8,888,0,0,2012,False,False
686518,AR2A,38.21,2467,1253,0.538,grid,3,0,0,485,180,140,7,0,21.0,0.0,0.0,79.0,0.0,both,,0.0,0,0,0,2477,False,False
686523,AR2A,55.69,3550,2352,0.291,grid,5,0,0,425,205,165,10,9,18.6,0.0,0.0,49.4,0.0,both,,0.1,0,0,0,3560,False,False
686528,RS20,106.5,4226,2264,0.485,grid,5,100,3,115,175,135,12,27,21.6,3.5,43.4,18.3,0.94,end,,2.0,250,0,0,4236,False,False
686542,R20,71.98,2813,1456,0.765,grid,3,70,1,115,175,135,7,17,16.6,4.3,48.3,15.8,0.97,end,,4.3,398,0,0,2823,False,False
686546,RS20,87.55,4874,1922,0.407,grid,4,76,5,115,175,135,13,14,20.7,3.4,40.7,21.3,0.87,end,,7.6,516,406,16109,4884,True,True
686548,R20,21.67,1565,1182,0.51,grid,3,18,0,130,155,115,5,7,18.9,4.9,38.7,22.5,0.83,start,,0.0,0,0,0,1575,False,False
686551,RS80,67.14,2479,1681,0.702,grid,4,1,0,445,180,140,8,4,20.8,0.0,2.7,65.2,0.01,end,,1.0,48,66,24129,2489,True,False
686556,R20,7.15,1720,372,0.487,spine,1,7,0,150,135,95,1,2,17.2,2.9,46.4,20.3,0.98,both,,0.0,0,0,0,1730,False,False
686561,R20,8.92,790,751,0.656,ladder,2,8,0,140,145,105,3,2,19.7,5.2,41.3,23.4,0.9,start,,0.0,0,0,0,800,False,False
686569,RS40,15.46,1391,765,0.633,ladder,2,4,0,250,160,120,4,4,20.3,0.0,24.3,31.4,0.26,start,,0.0,0,0,0,1401,False,False
686575,RS80,66.44,2680,1935,0.558,grid,4,7,0,385,210,170,8,8,19.1,0.0,19.5,39.3,0.11,end,,0.0,0,0,0,2690,False,False
686580,R15,43.06,2919,1244,0.516,grid,3,44,3,100,150,110,7,10,17.8,3.2,36.6,26.6,1.02,end,,8.6,211,470,133432,2929,True,False
686584,AR2A,39.66,2098,1254,0.657,grid,3,1,0,485,180,140,7,0,22.0,0.0,4.9,66.7,0.03,end,,7.4,97,175,0,2108,True,True
686586,R15,19.7,1317,1065,0.612,grid,3,0,0,115,135,95,3,0,0.0,0.0,0.0,20.9,0.0,end,,79.1,0,2138,179420,69,True,False
686593,R20,15.16,1181,677,0.826,ladder,2,1,0,160,125,85,3,0,19.6,0.2,3.0,31.0,0.07,both,,58.1,1332,0,0,1191,False,False
686599,AR2A,49.53,3149,1464,0.468,grid,3,8,0,410,215,175,8,2,19.8,0.0,32.6,39.7,0.16,start,,0.0,0,0,0,3159,False,False
686604,AR2A,24.15,1722,989,0.618,ladder,2,0,0,410,215,175,4,6,16.7,0.0,0.0,34.0,0.0,start,,0.0,0,0,0,1732,False,False
687233,R6,2.63,589,245,0.794,spine,1,7,0,80,75,35,1,1,28.2,10.9,36.7,18.9,2.66,both,,0.0,0,0,0,599,False,False
688083,R10,2.35,401,391,0.653,spine,1,3,1,85,120,80,1,1,17.8,2.2,34.8,33.0,1.28,end,,0.0,0,0,0,411,False,False
688144,R6,2.4,409,339,0.753,spine,1,7,1,65,95,55,1,1,18.9,8.7,51.8,13.0,2.92,start,,0.0,0,0,0,419,False,False
688169,R8,20.41,1120,936,0.848,grid,3,57,1,75,110,70,4,11,20.9,6.9,55.1,6.5,2.79,both,,0.0,0,0,0,1130,False,False
688353,RS40,9.78,858,708,0.702,ladder,2,3,0,280,145,105,3,1,20.8,0.0,28.8,41.1,0.31,start,,0.0,0,0,0,868,False,False
688354,RS40,11.28,1200,536,0.764,spine,1,2,1,185,220,180,1,1,6.3,0.0,17.5,18.6,0.18,start,,49.1,0,479,1655,586,True,False
688430,RS40,13.22,1009,723,0.789,ladder,2,1,0,270,150,110,2,1,9.1,0.0,7.0,28.2,0.08,end,,52.3,363,678,84909,1019,True,False
688452,RS40,14.09,940,835,0.782,ladder,2,4,0,225,180,140,4,0,21.9,0.0,26.4,51.7,0.28,side,,0.0,0,0,0,950,False,False
688456,R6,3.94,777,227,0.974,spine,1,10,0,75,85,45,1,0,25.8,0.0,37.4,12.1,2.54,start,,32.7,246,0,0,730,False,False
688700,R6,27.69,1765,836,0.818,grid,3,93,2,65,95,55,6,11,24.9,6.8,48.9,10.2,3.36,start,,3.4,0,180,5410,1639,True,True
688718,R10,36.77,1648,1351,0.719,grid,4,65,8,85,120,80,6,13,22.3,3.9,43.0,11.7,1.77,end,,13.5,620,0,0,1658,False,False
688878,RS40,10.58,1046,597,0.737,spine,1,5,2,185,220,180,1,2,11.6,0.0,50.0,17.5,0.47,start,,0.0,0,0,0,999,False,False
688921,RS40,8.35,780,602,0.774,spine,1,4,2,185,220,180,1,2,10.6,0.0,49.2,13.8,0.48,both,,0.0,0,0,0,790,False,False
689146,RS5,6.98,1143,469,0.567,ladder,2,21,6,75,70,30,3,4,31.3,6.3,38.2,17.0,3.01,both,,0.0,0,0,0,1153,False,False
689172,R8,10.55,1297,382,0.928,spine,1,30,13,75,110,70,1,4,15.5,6.2,67.9,1.3,2.84,both,,0.0,0,0,0,1307,False,False
690103,RS5,11.32,861,755,0.759,grid,3,31,0,60,85,45,5,1,22.0,5.6,32.0,14.4,2.74,start,,25.0,0,534,13980,655,True,False
690234,RS10,3.69,599,424,0.632,spine,1,5,2,85,120,80,1,0,15.1,4.3,39.2,30.4,1.36,both,,13.6,80,0,0,609,False,False
690256,RS7.5,6.51,916,513,0.603,ladder,2,12,0,90,85,45,3,2,30.2,4.8,32.2,27.4,1.84,end,,0.0,0,0,0,926,False,False
690867,RS7.5,2.1,657,188,0.74,single_loaded,1,5,0,75,105,65,1,1,12.6,0.0,54.1,22.4,2.38,start,,0.0,0,0,0,667,False,False
690992,RS15,5.25,1164,289,0.679,spine,1,2,0,160,95,55,1,0,9.5,1.8,13.5,18.6,0.38,start,,56.5,0,589,7375,347,True,False
690997,RS10,21.68,1134,885,0.941,grid,3,46,2,100,105,65,4,12,21.8,6.8,51.4,6.5,2.12,end,,0.0,0,0,0,1144,False,False
691010,RS20,10.43,1025,790,0.561,ladder,2,5,0,130,155,115,3,2,18.0,2.8,22.1,20.2,0.48,end,,33.7,423,0,0,1035,False,False
691102,RS10,2.31,882,189,0.603,single_loaded,1,2,1,85,120,80,1,0,7.9,0.0,21.1,52.2,0.87,start,,18.8,0,0,0,835,False,False
691109,R20,12.94,1771,801,0.397,ladder,2,2,0,130,155,115,4,1,19.0,1.0,7.0,44.9,0.15,start,,26.5,128,221,15495,1781,True,True
691136,RS7.5,4.57,823,264,0.917,spine,1,11,0,95,80,40,1,2,23.1,10.2,44.2,14.4,2.41,start,,0.0,0,0,0,756,False,False
691141,RS20,4.26,664,394,0.708,spine,1,2,0,140,145,105,1,1,19.5,1.7,22.6,45.1,0.47,end,,0.0,0,0,0,674,False,False
691143,RS5,7.22,818,458,0.84,ladder,2,27,0,75,70,30,3,4,26.8,11.6,46.2,8.6,3.74,end,,0.0,0,0,0,828,False,False
691153,R10,16.12,1184,868,0.683,grid,3,28,2,100,100,60,5,9,25.1,6.7,40.8,13.4,1.74,side,,0.9,0,0,0,1194,False,False
691217,R10,8.23,1305,511,0.538,ladder,2,15,0,120,85,45,4,3,26.8,8.4,42.4,13.8,1.82,both,,0.0,0,0,0,1315,False,False
691236,AR2A,21.62,2553,453,0.814,spine,1,1,0,450,195,155,1,7,13.5,0.0,9.0,14.4,0.05,start,,0.0,0,0,0,2506,False,False
691241,R10,7.25,819,455,0.847,ladder,2,11,0,145,70,30,3,2,30.0,8.4,35.6,19.4,1.52,end,,0.1,0,6,460,829,True,False
691266,R20,72.23,3043,1604,0.645,grid,4,61,0,125,160,120,9,19,20.8,3.0,38.6,23.6,0.84,start,,2.2,44,38,8927,3053,True,False
691269,RS10,3.55,650,375,0.634,spine,1,6,1,85,120,80,2,0,22.2,4.5,44.8,28.5,1.69,side,,0.0,0,0,0,660,False,False
691287,R20,58.31,3169,2275,0.352,grid,5,59,3,115,175,135,10,10,21.0,3.7,47.4,20.0,1.01,both,,0.0,0,0,0,3179,False,False
691302,RS7.5,6.15,606,496,0.892,ladder,2,8,0,95,80,40,4,4,24.8,5.4,23.3,23.1,1.3,end,,12.0,0,148,18988,467,True,False
691326,R20,10.7,847,760,0.724,ladder,2,11,0,140,145,105,3,1,18.2,5.4,48.2,23.7,1.03,end,,0.0,0,0,0,857,False,False
691332,RS7.5,11.65,1225,663,0.625,ladder,2,30,1,75,105,65,4,5,24.6,6.4,51.5,9.2,2.57,start,,0.0,0,0,0,1235,False,False
691448,R6,8.92,1005,524,0.738,ladder,2,27,2,75,85,45,3,4,26.8,5.8,44.8,16.0,3.03,both,,0.0,0,0,0,1015,False,False
691661,R8,19.45,2067,836,0.49,grid,3,49,5,85,95,55,6,7,25.1,5.5,47.2,15.2,2.52,both,,0.0,0,0,0,2077,False,False
692120,R40,28.46,1639,1300,0.582,grid,3,7,1,220,185,145,5,8,19.9,0.0,23.0,31.6,0.25,end,,0.0,0,0,0,1649,False,False
692127,AR2A,51.38,1609,1552,0.896,grid,3,4,0,400,220,180,5,10,14.8,0.0,16.3,20.1,0.08,start,,8.7,0,186,26060,1619,True,False
692133,R6,2.39,327,321,0.993,spine,1,8,0,65,95,55,1,2,17.2,12.2,56.2,0.3,3.34,both,,0.0,0,0,0,337,False,False
692138,AR2A,43.04,3749,1034,0.483,ladder,2,1,0,400,220,180,8,4,17.3,0.0,4.7,56.1,0.02,end,,3.6,117,0,0,3759,False,False
692148,R10,71.2,3865,1747,0.459,grid,5,149,9,85,120,80,11,27,22.0,5.3,52.7,10.5,2.09,both,,0.0,0,0,0,3875,False,False
692155,R6,4.25,734,344,0.733,spine,1,14,1,65,95,55,1,2,16.4,8.0,60.9,6.4,3.29,end,,0.0,0,0,0,744,False,False
692180,AR2A,68.27,2360,1816,0.694,grid,4,0,0,450,195,155,7,18,18.7,0.0,0.0,28.7,0.0,both,,0.0,0,0,0,2370,False,False
692200,R15,4.04,1032,296,0.575,spine,1,1,0,150,100,60,1,0,28.4,0.7,8.4,16.4,0.25,both,,58.6,331,0,0,1042,False,False
692352,R40,10.65,1518,330,0.926,spine,1,4,0,300,135,95,1,4,17.4,0.0,35.4,11.9,0.38,start,,0.0,0,0,0,1471,False,False
692380,R15,5.5,753,407,0.781,spine,1,7,0,100,150,110,1,2,15.3,4.0,44.9,18.4,1.27,end,,5.5,35,0,0,686,False,False
692404,AR2A,33.21,,,0.824,,,0,,,,,,,,,,,,,parcel_mostly_in_flood_hazard_or_wetland,97.9,,,,,False,False
692436,AR2A,58.5,2127,1315,0.911,grid,3,0,0,460,190,150,8,14,19.6,0.0,0.0,31.3,0.0,start,,1.2,0,73,0,2089,True,False
692446,AR2A,55.26,2261,1363,0.781,grid,3,6,0,450,195,155,6,6,17.1,0.0,22.0,30.2,0.11,start,,10.1,532,0,0,2271,False,False
692464,R80,49.67,3150,1090,0.63,ladder,2,6,0,365,220,180,7,2,17.4,0.0,22.2,39.7,0.12,end,,16.0,1140,173,56065,3160,True,False
692552,R80,18.29,1163,947,0.723,ladder,2,1,0,395,205,165,4,2,16.6,0.0,10.2,46.7,0.05,side,,7.3,0,134,47462,1173,True,False
692575,AR2A,27.8,2301,904,0.582,ladder,2,1,0,450,195,155,5,7,15.9,0.0,7.2,25.8,0.04,end,,0.0,0,0,0,2311,False,False
692633,RS40,25.61,4365,444,0.575,spine,1,1,0,215,190,150,1,2,10.1,0.0,3.6,37.3,0.04,start,,42.1,0,1479,1242,2824,True,False
692641,R40,66.88,3262,1538,0.581,grid,3,26,3,185,220,180,8,4,17.5,0.0,36.4,38.9,0.39,start,,1.6,0,0,0,3272,False,False
692668,R15,5.09,614,566,0.638,spine,1,6,3,100,150,110,2,2,16.9,5.1,48.0,12.8,1.18,side,,0.0,0,0,0,624,False,False
692799,AR2A,31.37,2048,1084,0.616,ladder,2,6,2,400,220,180,5,3,13.8,0.0,40.5,24.1,0.19,start,,0.0,0,0,0,2058,False,False
692836,AR2A,37.91,2951,670,0.836,ladder,2,1,0,650,135,95,6,2,20.9,0.0,5.7,61.0,0.03,end,,1.7,105,0,0,2961,False,False
692842,R10,10.33,882,643,0.793,ladder,2,18,1,90,115,75,3,2,21.8,5.3,42.0,22.8,1.74,end,,3.4,0,47,5478,892,True,False
693033,AR2A,75.32,3464,1462,0.648,grid,3,3,0,410,215,175,8,15,16.2,0.0,8.1,30.2,0.04,start,,5.4,0,145,11787,3474,True,False
693499,R80,27.75,1606,1178,0.639,grid,3,1,0,485,165,125,6,1,23.3,0.0,6.6,63.8,0.04,side,,0.0,0,0,0,1616,False,False
693965,RS10,3.13,618,395,0.557,spine,1,5,4,85,120,80,1,0,20.6,0.3,40.9,26.8,1.6,start,,14.1,70,0,0,628,False,False
693989,RS10,2.31,763,179,0.735,single_loaded,1,4,0,85,120,80,1,0,8.6,0.0,41.8,5.3,1.73,end,,45.5,0,0,0,716,False,False
694274,RS7.5,2.81,405,348,0.869,spine,1,7,1,75,105,65,2,1,21.2,8.9,52.8,9.3,2.49,side,,0.0,0,0,0,415,False,False
694307,RS10,11.52,877,853,0.671,grid,3,22,0,100,100,60,4,4,24.7,6.0,44.1,17.3,1.91,both,,0.0,0,0,0,887,False,False
694308,RS10,5.92,687,517,0.726,ladder,2,8,1,120,85,45,3,0,29.0,4.3,31.6,25.0,1.35,both,,13.4,157,0,0,697,False,False
694330,RS10,5.95,592,530,0.825,ladder,2,12,0,115,90,50,3,2,26.3,7.1,47.9,11.0,2.02,both,,0.0,0,0,0,602,False,False
694363,R10,2.83,591,356,0.585,spine,1,3,0,85,120,80,1,2,15.3,6.0,26.7,34.9,1.06,both,,0.0,0,0,0,601,False,False
694367,RS10,10.65,978,641,0.739,ladder,2,20,2,90,115,75,3,3,23.0,4.3,45.0,21.1,1.88,start,,0.0,0,0,0,988,False,False
694379,R6,2.26,455,316,0.685,spine,1,5,0,65,95,55,2,1,27.7,6.1,35.7,23.1,2.21,side,,0.0,0,0,0,465,False,False
694466,RS10,17.7,1214,855,0.743,grid,3,32,0,100,100,60,5,8,24.8,5.9,42.1,16.6,1.81,start,,0.0,0,0,0,1224,False,False
694634,RS10,3.75,560,395,0.738,spine,1,5,2,85,120,80,1,2,17.5,4.1,37.0,25.9,1.33,both,,0.0,0,0,0,570,False,False
694709,RS10,2.39,605,269,0.639,spine,1,3,0,120,85,45,1,2,24.5,9.9,30.2,15.9,1.26,start,,0.0,0,0,0,615,False,False
694801,R15,31.88,1898,1109,0.66,grid,3,35,1,110,140,100,6,9,23.6,3.7,39.0,24.0,1.1,both,,0.0,0,0,0,1908,False,False
695272,R6,5.67,828,432,0.691,spine,1,14,2,65,95,55,1,1,16.1,6.4,48.0,25.8,2.47,end,,0.0,0,0,0,761,False,False
695284,RS10,14.87,1158,864,0.648,grid,3,29,0,100,100,60,4,9,23.1,7.6,45.9,9.2,1.95,start,,0.0,0,0,0,1168,False,False
695371,R6,3.21,501,437,0.64,spine,1,9,3,65,95,55,1,0,19.7,4.7,52.9,22.7,2.8,end,,0.0,0,0,0,511,False,False
695376,R15,3.5,729,271,0.773,spine,1,4,0,145,105,65,1,1,26.1,0.0,40.1,23.7,1.14,end,,0.0,0,0,0,739,False,False
695390,R8,5.71,669,408,0.911,spine,1,14,5,75,110,70,1,2,14.5,6.6,60.7,9.2,2.45,both,,0.0,0,0,0,679,False,False
695480,RS10,2.49,780,483,0.288,ladder,2,2,1,135,75,35,3,1,25.0,3.3,19.6,41.9,0.8,end,,0.0,0,0,0,790,False,False
695514,RS7.5,5.2,,,0.653,,,0,,,,,,,,,,,,,parcel_mostly_in_flood_hazard_or_wetland,94.9,,,,,False,False
695532,AR2A,27.62,2379,751,0.673,ladder,2,0,0,545,160,120,6,0,22.0,0.0,0.0,73.4,0.0,end,,4.6,0,142,42698,2048,True,False
695549,R10,6.42,,,0.558,,,0,,,,,,,,,,,,,parcel_mostly_in_flood_hazard_or_wetland,94.6,,,,,False,False
695560,RS10,3.84,534,427,0.733,spine,1,7,1,85,120,80,1,1,14.2,6.5,54.7,16.5,1.82,end,,0.0,0,0,0,544,False,False
695562,RS10,2.25,382,299,0.858,spine,1,2,0,100,100,60,1,0,20.4,3.5,20.5,38.6,0.89,end,,21.6,83,0,0,392,False,False
695733,R10,3.18,439,429,0.734,spine,1,6,3,85,120,80,1,2,13.9,5.2,55.0,6.8,1.89,start,,0.0,0,0,0,449,False,False
695735,RS10,4.5,753,444,0.587,spine,1,2,0,85,120,80,1,1,13.5,1.4,13.8,19.0,0.44,end,,46.1,0,7,726,557,True,True
695758,R10,14.07,1101,667,0.834,ladder,2,30,1,85,120,80,3,6,21.9,6.7,51.0,10.3,2.13,end,,0.0,0,0,0,1111,False,False
695828,RS7.5,3.85,887,253,0.748,spine,1,6,0,100,75,35,1,2,17.9,9.3,28.1,23.9,1.56,end,,11.4,0,306,26731,525,True,False
695908,R6-A,2.3,512,203,0.962,spine,1,8,0,90,70,30,1,2,27.2,0.0,52.9,6.7,3.48,end,,0.0,0,0,0,522,False,False
696211,R10,7.58,934,550,0.643,ladder,2,16,0,115,90,50,2,1,21.6,9.7,53.0,8.9,2.11,end,,3.4,0,56,5746,944,True,False
696245,R15,5.26,1419,577,0.28,ladder,2,1,0,150,100,60,4,2,25.7,2.4,6.4,52.6,0.19,start,,0.0,0,0,0,1429,False,False
696251,RS10,11.42,940,865,0.612,grid,3,19,0,100,100,60,4,4,27.1,5.4,38.6,20.7,1.66,both,,0.5,28,0,0,950,False,False
696294,R15,3.71,914,396,0.446,spine,1,3,0,100,150,110,1,1,16.3,1.0,27.2,46.9,0.81,end,,0.0,0,0,0,847,False,False
696304,RS10,4.27,628,408,0.726,spine,1,8,4,85,120,80,1,2,16.9,4.8,52.3,11.8,1.87,both,,0.0,0,0,0,638,False,False
696308,R15,25.75,1754,893,0.716,ladder,2,36,7,100,150,110,4,8,17.9,3.9,51.7,15.2,1.4,end,,0.0,0,0,0,1764,False,False
696608,RS10,15.3,1449,669,0.687,ladder,2,32,1,85,120,80,4,4,21.9,5.7,50.0,16.1,2.09,both,,0.0,0,0,0,1459,False,False
696755,RS10,2.38,420,354,0.699,spine,1,4,0,85,120,80,1,1,19.8,6.3,41.9,21.5,1.68,both,,0.0,0,0,0,430,False,False
696776,R15,4.37,618,378,0.815,spine,1,3,0,110,140,100,1,1,13.1,3.0,23.9,25.5,0.69,end,,26.7,0,135,3938,424,True,False
696804,R10,14.38,1421,734,0.601,ladder,2,33,9,85,120,80,4,1,21.3,2.8,59.7,14.0,2.29,both,,0.0,0,0,0,1431,False,False
696835,R15,4.46,805,245,0.985,spine,1,3,0,170,90,50,1,2,24.0,0.0,24.5,26.1,0.67,end,,11.7,90,0,0,758,False,True
696872,RS10,2.21,461,308,0.677,spine,1,2,1,100,105,65,1,1,21.8,1.8,21.4,30.0,0.9,start,,14.2,0,0,0,471,False,False
696937,R10,3.19,618,384,0.587,spine,1,6,1,85,120,80,1,1,14.3,8.1,51.9,16.8,1.88,both,,0.0,0,0,0,628,False,False
696948,RS10,19.91,1454,774,0.77,ladder,2,41,5,85,120,80,4,6,21.1,4.7,53.1,13.2,2.06,both,,0.0,0,0,0,1464,False,False
696959,RS15,4.4,,,0.793,,,0,,,,,,,,,,,,,parcel_mostly_in_flood_hazard_or_wetland,99.7,,,,,False,False
696976,R10,2.44,552,248,0.777,spine,1,2,0,135,75,35,1,2,28.5,10.1,19.4,22.5,0.82,both,,0.0,0,0,0,562,False,False
697398,R6,3.83,480,465,0.748,ladder,2,4,0,90,70,30,2,0,11.8,3.9,15.9,22.8,1.04,start,,45.6,0,408,15541,259,True,False
697649,R15,3.41,528,376,0.749,spine,1,4,0,110,140,100,1,1,18.3,6.3,41.3,23.7,1.17,start,,0.0,0,0,0,538,False,False
697679,R40,13.27,1115,714,0.726,ladder,2,2,0,270,150,110,3,3,19.8,0.0,14.0,46.5,0.15,end,,0.0,0,0,0,1125,False,False
697758,R10,11.92,860,735,0.822,ladder,2,24,2,85,120,80,3,3,19.2,5.6,53.8,14.9,2.01,end,,0.0,0,0,0,870,False,False
697971,R10,18.86,1116,1082,0.681,grid,3,24,12,85,120,80,4,3,19.2,3.7,31.1,42.5,1.27,start,,0.0,0,0,0,1126,False,False
698398,RS10,20.91,1343,714,0.95,ladder,2,47,0,85,120,80,4,6,18.6,7.1,60.1,6.3,2.25,both,,0.0,0,0,0,1353,False,False
698689,RS20,5.53,683,493,0.715,spine,1,6,1,115,175,135,1,1,12.3,5.0,55.4,17.4,1.09,start,,0.5,0,0,0,693,False,False
698758,RS7.5,3.67,858,297,0.626,spine,1,3,0,75,100,60,1,0,18.1,0.2,14.0,31.1,0.82,start,,43.8,248,0,0,791,False,False
698768,RS20,8.38,922,732,0.541,ladder,2,1,0,145,140,100,2,0,9.3,0.8,5.5,29.2,0.12,start,,55.6,29,559,20541,362,True,True
698855,RS15,4.82,893,862,0.273,ladder,2,4,1,100,150,110,3,0,17.9,1.8,31.3,49.0,0.83,both,,0.0,0,0,0,903,False,False
698897,RS15,6.02,898,422,0.693,spine,1,6,0,100,150,110,1,1,12.3,5.0,37.1,39.5,1.0,both,,0.0,0,0,0,908,False,False
698915,R6,4.36,556,528,0.647,ladder,2,9,1,75,85,45,3,2,25.1,6.7,30.8,26.1,2.06,both,,5.3,53,0,0,566,False,False
698930,RS10,7.74,1082,533,0.585,ladder,2,10,0,115,90,50,3,1,21.3,7.0,30.8,22.7,1.29,end,,15.1,0,209,18511,788,True,True
698955,R10,2.39,527,249,0.797,spine,1,3,0,135,75,35,1,2,23.8,9.5,29.4,17.5,1.25,both,,0.0,0,0,0,537,False,False
698962,R10,13.7,914,876,0.746,grid,3,22,0,100,105,65,4,5,23.6,5.9,38.7,17.2,1.61,both,,6.2,0,0,0,924,False,False
698977,R10,2.9,609,304,0.681,spine,1,4,0,100,100,60,1,2,19.0,5.4,33.1,26.7,1.38,end,,0.0,0,0,0,619,False,False
699018,R10,3.78,662,440,0.565,spine,1,6,1,85,120,80,1,1,10.7,6.2,48.4,27.0,1.59,both,,0.0,0,0,0,672,False,False
699352,R8,8.74,1190,469,0.682,ladder,2,15,1,115,70,30,3,4,28.4,7.9,33.1,21.8,1.72,end,,0.0,0,0,0,1200,False,False
699376,R10,31.12,1961,953,0.725,grid,3,52,3,90,115,75,6,1,25.7,3.5,40.0,22.8,1.67,start,,9.1,342,0,0,1971,False,False
699380,R20,10.19,937,506,0.937,spine,1,12,2,115,175,135,1,2,11.8,5.5,62.0,10.1,1.18,end,,0.0,0,0,0,870,False,False
699423,R20,56.12,2417,1659,0.61,grid,4,33,1,125,165,125,8,12,13.5,3.0,27.9,28.7,0.59,end,,17.1,75,817,312277,2427,True,False
699425,R10,6.81,896,375,0.881,spine,1,14,2,85,120,80,1,2,15.7,7.4,55.5,8.6,2.06,end,,4.8,0,0,0,829,False,False
699427,RS10,3.0,579,364,0.62,spine,1,6,0,85,120,80,1,0,11.3,7.7,52.3,28.7,2.0,end,,0.0,0,0,0,589,False,False
699437,R15,24.52,1652,764,0.846,ladder,2,29,1,105,145,105,4,9,16.4,5.7,42.2,20.0,1.18,start,,3.4,145,0,0,1662,False,True
699442,RS10,2.16,568,183,0.901,single_loaded,1,0,0,85,120,80,1,0,5.9,0.0,0.0,9.3,0.0,end,,84.8,0,453,207,52,True,False
699452,RS10,2.75,507,409,0.577,spine,1,4,3,85,120,80,1,1,15.1,0.7,40.4,33.3,1.46,both,,0.0,0,0,0,517,False,False
699470,R10,2.59,823,151,0.91,single_loaded,1,2,0,110,95,55,1,1,35.3,0.0,18.0,38.3,0.77,end,,0.0,0,0,0,776,False,False
699489,R20,9.08,1010,675,0.58,ladder,2,7,0,160,125,85,3,3,19.4,5.6,35.6,24.0,0.77,start,,0.0,0,0,0,1020,False,False
699519,AR2A,40.33,2045,1347,0.638,grid,3,4,0,450,195,155,6,5,17.3,0.0,20.1,32.4,0.1,start,,5.7,0,216,20760,1708,True,False
699525,RS15,31.75,1860,929,0.801,grid,3,35,0,140,110,70,6,9,23.7,5.9,40.3,16.7,1.1,end,,3.9,231,0,0,1870,False,False
699534,R8,2.93,588,289,0.752,spine,1,4,0,85,95,55,2,1,29.1,5.2,25.8,34.0,1.36,side,,0.0,0,0,0,598,False,False
699537,AR2A,21.54,1869,768,0.654,ladder,2,0,0,545,160,120,5,2,21.8,0.0,0.0,59.2,0.0,start,,0.0,0,0,0,1879,False,False
699543,RS10,18.42,1133,825,0.859,grid,3,33,0,110,95,55,4,7,24.7,5.6,43.3,11.9,1.79,both,,6.9,221,0,0,1143,False,False
699562,AR2A,21.43,2916,588,0.544,spine,1,1,1,400,220,180,1,0,16.7,0.0,9.7,58.6,0.05,start,,18.0,482,0,0,2869,False,False
699563,AR2A,39.7,1813,1092,0.873,grid,3,1,0,585,150,110,6,3,20.9,0.0,5.4,52.1,0.03,start,,6.6,363,0,0,1823,False,False
699566,RS15,3.33,726,217,0.923,single_loaded,1,1,0,100,150,110,1,1,12.1,0.0,11.1,7.2,0.3,end,,58.4,0,292,542,378,True,False
699587,RS20,8.25,894,605,0.664,ladder,2,7,0,195,105,65,3,0,25.7,5.2,40.3,21.2,0.85,start,,10.2,179,0,0,904,False,False
699588,RS15,29.11,1609,995,0.792,grid,3,38,0,120,125,85,5,8,19.8,5.7,44.9,16.5,1.31,start,,4.6,232,0,0,1619,False,False
699590,AR2A,43.01,2616,1263,0.567,grid,3,1,0,485,180,140,8,0,24.7,0.0,4.5,69.6,0.02,side,,1.3,0,0,0,2626,False,False
699592,AR2A,28.7,1365,1210,0.757,ladder,2,4,1,400,220,180,4,3,14.8,0.0,28.2,30.7,0.14,both,,1.5,0,0,0,1375,False,False
699599,AR2A,24.23,1372,1040,0.74,ladder,2,6,0,400,220,180,4,0,13.9,0.0,52.4,27.3,0.25,end,,6.4,0,126,30796,1087,True,True
699602,R10,7.69,971,403,0.856,spine,1,9,2,85,120,80,1,1,14.9,2.7,34.1,30.1,1.17,end,,14.4,0,0,0,904,False,False
699607,R10,54.2,2961,1500,0.532,grid,5,41,0,95,110,70,8,12,13.0,2.3,18.1,8.6,0.76,start,,55.0,755,3896,4187,2971,True,False
699608,RS15,3.37,778,372,0.507,spine,1,2,0,115,135,95,1,2,19.4,5.3,21.6,33.0,0.59,both,,0.0,0,0,0,788,False,False
699617,AR2A,36.73,1986,1373,0.587,grid,3,1,0,440,200,160,6,7,18.6,0.0,5.5,37.3,0.03,end,,1.2,0,0,0,1996,False,False
699618,RS15,3.67,465,458,0.752,spine,1,0,0,100,150,110,1,0,0.0,0.0,0.0,34.3,0.0,start,,65.7,0,235,54923,45,True,False
699619,AR2A,19.42,1200,1151,0.613,ladder,2,1,0,400,220,180,4,2,12.2,0.0,12.3,48.5,0.05,start,,4.5,38,0,0,1210,False,True
699626,R8,2.4,568,380,0.483,spine,1,5,2,75,110,70,1,0,16.4,5.2,47.4,31.0,2.09,end,,0.0,0,0,0,578,False,False
699631,RS15,4.94,599,539,0.666,ladder,2,4,0,170,90,50,3,1,26.3,6.3,29.0,30.9,0.81,both,,0.0,0,0,0,609,False,False
699635,AR2A,30.24,2358,1076,0.519,grid,3,0,0,585,150,110,6,0,22.6,0.0,0.0,71.0,0.0,end,,9.0,441,14,15704,2368,True,False
699652,AR2A,20.05,1632,879,0.609,ladder,2,0,0,460,190,150,4,5,17.4,0.0,0.0,33.4,0.0,start,,0.0,0,0,0,1642,False,False
699663,RS20,5.0,610,439,0.812,spine,1,4,0,120,170,130,1,1,12.3,5.1,37.7,21.4,0.8,end,,13.9,0,45,4238,500,True,False
699670,AR2A,50.7,3598,1410,0.435,grid,3,0,0,425,205,165,9,4,19.6,0.0,0.0,54.6,0.0,start,,12.1,254,0,0,3608,False,False
699675,RS15,7.94,1130,564,0.543,ladder,2,5,0,160,95,55,3,4,24.5,5.6,21.8,30.8,0.63,end,,0.0,0,0,0,1140,False,False
699707,AR2A,30.01,1611,1309,0.62,grid,3,0,0,460,190,150,5,4,19.8,0.0,0.0,51.9,0.0,start,,1.6,0,41,19363,1621,True,True
699716,RS15,4.76,1073,207,0.935,single_loaded,1,8,0,100,150,110,1,2,23.3,0.0,57.9,4.3,1.68,both,,0.0,0,0,0,1083,False,False
699723,RS40,28.22,1666,1262,0.585,grid,3,8,0,225,180,140,5,7,20.0,0.0,26.2,30.8,0.28,both,,0.1,0,0,0,1676,False,False
699844,AR2A,76.13,4226,1166,0.673,ladder,2,4,0,400,220,180,6,3,7.4,0.0,11.1,21.4,0.05,start,,51.8,0,3208,120118,2549,True,False
699945,RS15,3.43,718,212,0.982,single_loaded,1,5,0,100,150,110,1,1,25.7,0.0,51.5,4.4,1.46,both,,8.0,0,0,0,728,False,False
700040,RS10,4.85,,,0.6,,,0,,,,,,,,,,,,,parcel_mostly_in_flood_hazard_or_wetland,94.0,,,,,False,False
700278,RS20,8.25,661,635,0.856,ladder,2,7,0,175,115,75,3,1,21.9,5.3,39.3,26.5,0.85,start,,1.2,0,7,3231,671,True,False
700280,RS40,12.3,1033,598,0.867,ladder,2,63,8,50,100,60,3,6,21.9,6.8,61.6,3.9,5.12,both,,0.0,0,0,0,1043,False,False
700526,RS20,7.58,2101,1004,0.157,grid,3,2,0,160,125,85,6,0,25.9,1.0,12.1,61.0,0.26,end,,0.0,0,0,0,2111,False,False
700577,R80,17.9,1873,514,0.811,spine,1,1,0,365,220,180,1,3,11.9,0.0,10.7,46.2,0.06,start,,0.0,0,0,0,1826,False,False
700583,R10,2.72,516,461,0.498,spine,1,5,4,85,120,80,1,0,18.0,0.2,47.3,34.6,1.84,both,,0.0,0,0,0,526,False,False
700585,AR2A,35.35,2106,1009,0.724,ladder,2,2,0,400,220,180,5,2,17.5,0.0,11.4,54.2,0.06,end,,6.2,223,0,0,2116,False,False
700632,AR2A,22.56,2173,607,0.745,spine,1,2,1,400,220,180,1,0,4.5,0.0,19.7,28.7,0.09,end,,47.1,0,729,33185,1184,True,False
700640,R15,4.67,735,437,0.633,spine,1,5,2,100,150,110,1,1,14.6,3.3,40.1,33.6,1.07,end,,0.0,0,0,0,745,False,False
700892,AR2A,98.84,2788,1996,0.774,grid,4,4,0,400,220,180,9,16,19.1,0.0,8.2,40.3,0.04,side,,0.1,0,0,0,2798,False,False
700977,AR2A,34.88,2072,1366,0.537,grid,3,0,0,440,200,160,6,5,19.8,0.0,0.0,49.0,0.0,start,,3.0,0,0,0,2082,False,False
700992,AR2A,38.35,2694,1078,0.575,ladder,2,1,0,400,220,180,6,3,18.1,0.0,5.2,53.8,0.03,start,,8.7,160,105,51339,2704,True,True
701056,R15,37.59,3049,1018,0.527,grid,3,19,1,120,125,85,8,5,22.3,2.1,17.9,37.9,0.51,end,,18.3,585,55,14772,3059,True,False
701066,AR2A,44.87,2299,1214,0.701,grid,3,0,0,515,170,130,6,8,20.2,0.0,0.0,38.8,0.0,end,,6.2,0,0,0,2309,False,False
701232,AR2A,31.38,1962,1470,0.474,grid,3,2,0,410,215,175,6,3,19.7,0.0,12.9,42.7,0.06,both,,6.5,202,0,0,1972,False,False
701233,AR2A,43.49,1915,1257,0.787,grid,3,0,0,485,180,140,6,3,19.6,0.0,0.0,66.6,0.0,start,,0.0,0,0,0,1925,False,False
701319,AR2A,33.42,1803,1081,0.747,grid,3,1,0,585,150,110,6,1,10.6,0.0,6.3,24.0,0.03,start,,53.7,0,2084,31,1215,True,False
701325,RS15,3.38,632,288,0.81,spine,1,3,0,160,95,55,1,2,21.4,8.6,31.3,17.8,0.89,start,,0.0,0,0,0,642,False,False
701371,RS15,6.55,759,459,0.82,spine,1,5,1,100,150,110,1,1,14.5,3.7,31.0,16.3,0.76,end,,29.7,80,0,0,692,False,False
701557,AR2A,19.25,1286,806,0.809,ladder,2,0,0,515,170,130,4,1,19.3,0.0,0.0,63.6,0.0,start,,7.4,132,0,0,1296,False,False
701587,AR2A,23.05,1274,1245,0.633,ladder,2,1,0,400,220,180,4,2,11.0,0.0,10.2,48.4,0.04,end,,10.0,0,280,146355,1284,True,False
701691,AR2A,67.22,2389,2017,0.608,grid,4,1,0,400,220,180,8,16,17.3,0.0,3.2,29.0,0.01,side,,2.4,0,0,0,2399,False,False
701702,AR2A,28.92,2656,680,0.697,ladder,2,0,0,625,140,100,6,0,22.7,0.0,0.0,77.3,0.0,start,,0.0,0,0,0,2666,False,False
701737,RS15,5.77,689,503,0.726,spine,1,8,3,100,150,110,1,2,12.6,5.6,57.4,9.4,1.39,both,,0.0,0,0,0,699,False,False
701793,R40,40.24,3450,1222,0.416,grid,3,9,0,230,175,135,8,12,19.5,0.0,20.4,33.2,0.22,end,,0.0,0,0,0,3460,False,False
701835,RS15,9.17,1901,357,0.589,spine,1,8,0,120,130,90,1,2,20.7,1.6,30.7,39.2,0.87,start,,0.0,0,0,0,1834,False,False
701966,RS80,40.5,2666,1028,0.644,ladder,2,4,0,365,220,180,6,3,16.2,0.0,18.5,47.9,0.1,start,,3.6,151,0,0,2676,False,False
702139,R10,6.4,862,367,0.881,spine,1,12,1,85,120,80,1,1,17.4,7.2,49.3,22.0,1.88,start,,0.0,0,0,0,795,False,False
702642,RS5,7.15,1012,317,0.97,spine,1,28,0,60,90,50,1,4,17.6,10.7,59.9,3.2,3.91,both,,0.0,0,0,0,1022,False,False
703352,RS15,5.03,1308,191,0.876,single_loaded,1,7,0,115,135,95,1,1,23.2,0.0,49.7,19.0,1.39,end,,4.1,144,0,0,1261,False,False
703431,RS15,5.2,1423,167,0.951,single_loaded,1,8,0,140,110,70,1,2,30.0,0.0,55.2,0.9,1.54,both,,0.0,0,0,0,1433,False,False
703449,RS20,4.99,634,361,0.949,spine,1,6,0,155,130,90,1,2,15.6,8.5,56.6,0.2,1.2,start,,0.0,0,0,0,644,False,False
704021,RS10,13.24,1539,719,0.522,ladder,2,10,6,85,120,80,4,3,23.0,0.7,18.7,37.2,0.76,both,,15.6,43,0,0,1549,False,False
704167,RS7.5,33.29,1608,1420,0.635,grid,5,87,2,75,100,60,7,13,26.4,5.6,45.0,11.8,2.61,start,,6.1,316,0,0,1618,False,False
704189,R80,29.61,3259,911,0.434,ladder,2,4,0,400,200,160,7,1,19.7,0.0,24.8,43.9,0.14,start,,7.0,165,0,0,3269,False,False
704236,RS15,3.76,1032,218,0.729,single_loaded,1,5,0,100,150,110,1,1,10.5,0.0,48.8,25.6,1.33,start,,6.5,0,0,0,985,False,False
704963,R20,5.21,1205,486,0.387,spine,1,2,2,115,175,135,1,1,13.7,0.5,18.1,50.6,0.38,start,,7.8,0,86,40584,538,True,False
706201,RS15,6.38,984,469,0.603,spine,1,9,2,100,150,110,1,0,15.4,4.7,58.0,19.9,1.41,end,,4.1,118,0,0,917,False,True
706340,R10,3.03,,,0.534,,,0,,,,,,,,,,,,,parcel_mostly_in_flood_hazard_or_wetland,89.2,,,,,False,False
706351,RS20,59.48,2622,1584,0.624,grid,4,47,1,130,155,115,8,4,20.9,3.2,36.6,28.0,0.79,start,,10.3,484,75,44568,2632,True,False
706353,AR2A,23.71,,,0.607,,,0,,,,,,,,,,,,,parcel_mostly_in_flood_hazard_or_wetland,99.3,,,,,False,False
706361,RS40,19.91,1345,979,0.659,ladder,2,12,0,190,215,175,4,2,14.9,0.0,56.9,18.6,0.6,start,,0.0,0,0,0,1355,False,False
706380,R8,27.83,,,0.573,,,0,,,,,,,,,,,,,parcel_mostly_in_flood_hazard_or_wetland,100.0,,,,,False,False
706748,RS15,5.27,1257,217,0.842,single_loaded,1,9,0,100,150,110,1,2,15.4,0.0,63.5,7.0,1.71,start,,0.0,0,0,0,1210,False,False
706891,R15,174.76,3590,3513,0.604,grid,9,179,2,100,150,110,16,38,22.0,3.3,35.2,17.6,1.02,side,,17.8,2227,3577,399773,3600,True,False
706898,R20,9.86,745,613,0.941,ladder,2,9,0,185,110,70,3,2,21.2,7.3,42.8,19.1,0.91,both,,0.0,0,0,0,755,False,False
706910,RS80,93.66,3046,1717,0.78,grid,4,10,0,435,185,145,9,15,20.3,0.0,19.7,26.5,0.11,start,,4.5,268,0,0,3056,False,False
707203,AR2A,34.14,2545,942,0.62,ladder,2,4,0,425,205,165,5,2,11.6,0.0,23.3,17.6,0.12,end,,36.9,148,1105,21135,2058,True,False
707475,RS10,8.51,865,479,0.895,ladder,2,14,1,135,75,35,4,1,30.2,7.1,38.9,20.9,1.64,side,,0.0,0,0,0,875,False,False
707515,RS7.5,8.77,1413,614,0.44,ladder,2,17,0,75,105,65,4,2,20.4,6.4,38.2,23.6,1.94,end,,9.3,174,0,0,1423,False,False
707757,RS10,3.22,441,415,0.768,spine,1,6,3,85,120,80,1,1,14.9,3.9,55.0,16.5,1.86,end,,0.0,0,0,0,451,False,False
708447,AR2A,22.81,1339,1080,0.687,ladder,2,2,1,400,220,180,4,2,14.9,0.0,19.4,44.5,0.09,end,,2.6,76,0,0,1349,False,False
708853,R20,6.7,1271,438,0.524,spine,1,6,0,120,170,130,1,2,12.0,6.2,41.9,25.8,0.9,start,,0.0,0,0,0,1204,False,False
709544,R20,4.84,554,420,0.908,spine,1,6,0,125,160,120,1,2,13.6,6.0,57.1,4.1,1.24,start,,0.0,0,0,0,564,False,False
709934,RS20,5.1,543,420,0.975,spine,1,6,0,125,160,120,1,2,13.1,9.0,54.7,4.9,1.18,end,,0.0,0,0,0,553,False,False
710055,R10,5.06,836,384,0.686,spine,1,9,1,85,120,80,1,1,18.2,6.3,49.2,20.7,1.78,both,,0.0,0,0,0,846,False,False
710078,RS80,50.64,2160,1996,0.512,grid,4,7,0,365,220,180,7,3,17.0,0.0,25.5,43.1,0.14,end,,5.0,261,5,13886,2170,True,True
710317,RS15,3.21,913,158,0.968,single_loaded,1,1,0,150,100,60,1,1,20.7,0.0,10.9,48.9,0.31,end,,8.4,0,160,47545,463,True,False
710662,AR2A,33.61,1906,1805,0.426,grid,4,0,0,450,195,155,7,1,19.7,0.0,0.0,68.7,0.0,end,,7.1,273,0,0,1916,False,False
710858,R6,24.64,1495,1003,0.716,grid,4,73,0,75,85,45,6,11,28.1,6.2,43.4,15.8,2.96,end,,0.0,0,0,0,1505,False,False
710975,RS20,5.51,890,405,0.665,spine,1,3,0,130,155,115,1,1,13.6,3.7,25.0,25.5,0.54,end,,23.8,0,153,4402,673,True,False
711097,RS5,16.57,1949,946,0.392,grid,4,52,5,70,75,35,7,11,31.5,6.5,37.9,16.2,3.14,end,,0.0,0,0,0,1959,False,False
711819,R20,5.16,982,355,0.645,spine,1,4,0,160,125,85,1,0,19.5,1.7,36.4,42.4,0.78,start,,0.0,0,0,0,915,False,False
